#
# There is insufficient memory for the Java Runtime Environment to continue.
# Native memory allocation (mmap) failed to map 447741952 bytes for G1 virtual space
# Possible reasons:
#   The system is out of physical RAM or swap space
#   The process is running with CompressedOops enabled, and the Java Heap may be blocking the growth of the native heap
# Possible solutions:
#   Reduce memory load on the system
#   Increase physical memory or swap space
#   Check if swap backing store is full
#   Decrease Java heap size (-Xmx/-Xms)
#   Decrease number of Java threads
#   Decrease Java thread stack sizes (-Xss)
#   Set larger code cache with -XX:ReservedCodeCacheSize=
#   JVM is running with Unscaled Compressed Oops mode in which the Java heap is
#     placed in the first 4GB address space. The Java Heap base address is the
#     maximum limit for the native heap growth. Please use -XX:HeapBaseMinAddress
#     to set the Java Heap base and to place the Java Heap above 4GB virtual address.
# This output file may be truncated or incomplete.
#
#  Out of Memory Error (os_windows.cpp:3617), pid=80784, tid=118620
#
# JRE version: OpenJDK Runtime Environment Microsoft-8035246 (17.0.8+7) (build 17.0.8+7-LTS)
# Java VM: OpenJDK 64-Bit Server VM Microsoft-8035246 (17.0.8+7-LTS, mixed mode, sharing, tiered, compressed oops, compressed class ptrs, g1 gc, windows-amd64)
# No core dump will be written. Minidumps are not enabled by default on client versions of Windows
#

---------------  S U M M A R Y ------------

Command Line: -XX:MaxMetaspaceSize=512m --add-opens=java.base/java.util=ALL-UNNAMED --add-opens=java.base/java.lang=ALL-UNNAMED --add-opens=java.base/java.lang.invoke=ALL-UNNAMED --add-opens=java.prefs/java.util.prefs=ALL-UNNAMED --add-opens=java.base/java.nio.charset=ALL-UNNAMED --add-opens=java.base/java.net=ALL-UNNAMED --add-opens=java.base/java.util.concurrent.atomic=ALL-UNNAMED -Xmx2048m -Dfile.encoding=windows-1252 -Duser.country=IN -Duser.language=en -Duser.variant -javaagent:C:\Users\Barjinder Goyal\.gradle\wrapper\dists\gradle-8.6-all\3mbtmo166bl6vumsh5k2lkq5h\gradle-8.6\lib\agents\gradle-instrumentation-agent-8.6.jar org.gradle.launcher.daemon.bootstrap.GradleDaemon 8.6

Host: Intel(R) Core(TM) i5-8265U CPU @ 1.60GHz, 8 cores, 7G,  Windows 10 , 64 bit Build 19041 (10.0.19041.4597)
Time: Fri Aug  9 23:16:45 2024 India Standard Time elapsed time: 109.797080 seconds (0d 0h 1m 49s)

---------------  T H R E A D  ---------------

Current thread (0x000001d46cffe2d0):  VMThread "VM Thread" [stack: 0x000000a216f00000,0x000000a217000000] [id=118620]

Stack: [0x000000a216f00000,0x000000a217000000]
Native frames: (J=compiled Java code, j=interpreted, Vv=VM code, C=native code)
V  [jvm.dll+0x67bf3a]
V  [jvm.dll+0x83a024]
V  [jvm.dll+0x83b7ce]
V  [jvm.dll+0x83be33]
V  [jvm.dll+0x24785f]
V  [jvm.dll+0x678cb9]
V  [jvm.dll+0x66d54a]
V  [jvm.dll+0x308feb]
V  [jvm.dll+0x310496]
V  [jvm.dll+0x36019e]
V  [jvm.dll+0x3603cf]
V  [jvm.dll+0x2dff38]
V  [jvm.dll+0x2de114]
V  [jvm.dll+0x2dd71c]
V  [jvm.dll+0x32143b]
V  [jvm.dll+0x84032b]
V  [jvm.dll+0x841064]
V  [jvm.dll+0x84157d]
V  [jvm.dll+0x841954]
V  [jvm.dll+0x841a20]
V  [jvm.dll+0x7ea13a]
V  [jvm.dll+0x67ad85]
C  [ucrtbase.dll+0x21bb2]
C  [KERNEL32.DLL+0x17374]
C  [ntdll.dll+0x4cc91]

VM_Operation (0x000000a2186f5d60): G1CollectForAllocation, mode: safepoint, requested by thread 0x000001d4730d2300


---------------  P R O C E S S  ---------------

Threads class SMR info:
_java_thread_list=0x000001d47643e720, length=145, elements={
0x000001d44ebb1c60, 0x000001d46d003e60, 0x000001d46d004bf0, 0x000001d46d01c810,
0x000001d46d020200, 0x000001d46d020ad0, 0x000001d46d021b40, 0x000001d46d0227f0,
0x000001d46d023950, 0x000001d46d026270, 0x000001d46cfee610, 0x000001d46d2f35f0,
0x000001d472f78200, 0x000001d47227b7c0, 0x000001d47316c110, 0x000001d47323e5c0,
0x000001d472c15f00, 0x000001d4730d18e0, 0x000001d4730d2300, 0x000001d4730d3c50,
0x000001d4730d09b0, 0x000001d4730d0ec0, 0x000001d4730d1df0, 0x000001d4730d2810,
0x000001d4730d2d20, 0x000001d4730d3230, 0x000001d4730d04a0, 0x000001d4730d3740,
0x000001d473453530, 0x000001d4734516d0, 0x000001d473450290, 0x000001d473451be0,
0x000001d4734520f0, 0x000001d473453a40, 0x000001d473452b10, 0x000001d47344cff0,
0x000001d473453f50, 0x000001d4734507a0, 0x000001d473453020, 0x000001d473454460,
0x000001d47344da10, 0x000001d473454970, 0x000001d47344d500, 0x000001d47344df20,
0x000001d47344e430, 0x000001d47344ee50, 0x000001d47344f360, 0x000001d47344f870,
0x000001d47344fd80, 0x000001d473450cb0, 0x000001d4734511c0, 0x000001d4734f3ef0,
0x000001d4734f2fc0, 0x000001d4734f4e20, 0x000001d4734fa430, 0x000001d4734f6770,
0x000001d4734f6c80, 0x000001d4734f5330, 0x000001d4734fa940, 0x000001d4734f39e0,
0x000001d4734f34d0, 0x000001d4734f85d0, 0x000001d4734f5840, 0x000001d4734f76a0,
0x000001d4734f80c0, 0x000001d4734f8ff0, 0x000001d4734f4400, 0x000001d4734f6260,
0x000001d4734f9a10, 0x000001d4734f7bb0, 0x000001d4734f8ae0, 0x000001d4734f9f20,
0x000001d475c86ed0, 0x000001d475c87e00, 0x000001d475c8a170, 0x000001d475c88d30,
0x000001d475c869c0, 0x000001d475c878f0, 0x000001d475c89c60, 0x000001d475c873e0,
0x000001d475822330, 0x000001d475821910, 0x000001d475822840, 0x000001d47481cae0,
0x000001d47481d6b0, 0x000001d47481d1a0, 0x000001d47481e0d0, 0x000001d47481dbc0,
0x000001d47481e5e0, 0x000001d47481eaf0, 0x000001d475e171c0, 0x000001d475e19020,
0x000001d475e19530, 0x000001d475e19a40, 0x000001d475ba40e0, 0x000001d475ba3bd0,
0x000001d475ba36c0, 0x000001d475ba31b0, 0x000001d475ba2ca0, 0x000001d475ba45f0,
0x000001d4725c0290, 0x000001d4725c07a0, 0x000001d4725c0cb0, 0x000001d475820ef0,
0x000001d475821400, 0x000001d475821e20, 0x000001d47250b3e0, 0x000001d47250d240,
0x000001d4763524b0, 0x000001d476351a90, 0x000001d476351fa0, 0x000001d476351580,
0x000001d47250b8f0, 0x000001d47250aed0, 0x000001d4763529c0, 0x000001d47250c310,
0x000001d47250a4b0, 0x000001d475c88310, 0x000001d475c89240, 0x000001d475c88820,
0x000001d475c89750, 0x000001d474fe6130, 0x000001d474fe5c20, 0x000001d474fe4cf0,
0x000001d4765569c0, 0x000001d47c4905d0, 0x000001d47c492940, 0x000001d47c490ae0,
0x000001d47c48fbb0, 0x000001d47c491500, 0x000001d47c491a10, 0x000001d47c4900c0,
0x000001d47c491f20, 0x000001d47c492430, 0x000001d47c492e50, 0x000001d47c48f6a0,
0x000001d475ffbde0, 0x000001d475ff9050, 0x000001d475ff9560, 0x000001d476d0a4b0,
0x000001d476d09a90, 0x000001d476d0aed0, 0x000001d476d09fa0, 0x000001d476d09070,
0x000001d476d0b3e0
}

Java Threads: ( => current thread )
  0x000001d44ebb1c60 JavaThread "main" [_thread_blocked, id=67920, stack(0x000000a216900000,0x000000a216a00000)]
  0x000001d46d003e60 JavaThread "Reference Handler" daemon [_thread_blocked, id=102684, stack(0x000000a217000000,0x000000a217100000)]
  0x000001d46d004bf0 JavaThread "Finalizer" daemon [_thread_blocked, id=2760, stack(0x000000a217100000,0x000000a217200000)]
  0x000001d46d01c810 JavaThread "Signal Dispatcher" daemon [_thread_blocked, id=86496, stack(0x000000a217200000,0x000000a217300000)]
  0x000001d46d020200 JavaThread "Attach Listener" daemon [_thread_blocked, id=83560, stack(0x000000a217300000,0x000000a217400000)]
  0x000001d46d020ad0 JavaThread "Service Thread" daemon [_thread_blocked, id=75868, stack(0x000000a217400000,0x000000a217500000)]
  0x000001d46d021b40 JavaThread "Monitor Deflation Thread" daemon [_thread_blocked, id=105176, stack(0x000000a217500000,0x000000a217600000)]
  0x000001d46d0227f0 JavaThread "C2 CompilerThread0" daemon [_thread_blocked, id=107696, stack(0x000000a217600000,0x000000a217700000)]
  0x000001d46d023950 JavaThread "C1 CompilerThread0" daemon [_thread_blocked, id=83360, stack(0x000000a217700000,0x000000a217800000)]
  0x000001d46d026270 JavaThread "Sweeper thread" daemon [_thread_blocked, id=33120, stack(0x000000a217800000,0x000000a217900000)]
  0x000001d46cfee610 JavaThread "Common-Cleaner" daemon [_thread_blocked, id=80256, stack(0x000000a217900000,0x000000a217a00000)]
  0x000001d46d2f35f0 JavaThread "Notification Thread" daemon [_thread_blocked, id=75772, stack(0x000000a217a00000,0x000000a217b00000)]
  0x000001d472f78200 JavaThread "Daemon health stats" [_thread_blocked, id=68224, stack(0x000000a218000000,0x000000a218100000)]
  0x000001d47227b7c0 JavaThread "Incoming local TCP Connector on port 51670" [_thread_in_native, id=110708, stack(0x000000a218100000,0x000000a218200000)]
  0x000001d47316c110 JavaThread "Daemon periodic checks" [_thread_blocked, id=51668, stack(0x000000a218200000,0x000000a218300000)]
  0x000001d47323e5c0 JavaThread "Daemon" [_thread_blocked, id=109756, stack(0x000000a218300000,0x000000a218400000)]
  0x000001d472c15f00 JavaThread "Handler for socket connection from /127.0.0.1:51670 to /127.0.0.1:51671" [_thread_in_native, id=109464, stack(0x000000a218400000,0x000000a218500000)]
  0x000001d4730d18e0 JavaThread "Cancel handler" [_thread_blocked, id=65340, stack(0x000000a218500000,0x000000a218600000)]
  0x000001d4730d2300 JavaThread "Daemon worker" [_thread_blocked, id=79976, stack(0x000000a218600000,0x000000a218700000)]
  0x000001d4730d3c50 JavaThread "Asynchronous log dispatcher for DefaultDaemonConnection: socket connection from /127.0.0.1:51670 to /127.0.0.1:51671" [_thread_blocked, id=79080, stack(0x000000a218700000,0x000000a218800000)]
  0x000001d4730d09b0 JavaThread "Stdin handler" [_thread_blocked, id=99104, stack(0x000000a218800000,0x000000a218900000)]
  0x000001d4730d0ec0 JavaThread "Daemon client event forwarder" [_thread_blocked, id=77356, stack(0x000000a218900000,0x000000a218a00000)]
  0x000001d4730d1df0 JavaThread "Cache worker for journal cache (C:\Users\Barjinder Goyal\.gradle\caches\journal-1)" [_thread_blocked, id=93808, stack(0x000000a218a00000,0x000000a218b00000)]
  0x000001d4730d2810 JavaThread "File lock request listener" [_thread_in_native, id=36452, stack(0x000000a218b00000,0x000000a218c00000)]
  0x000001d4730d2d20 JavaThread "Cache worker for file hash cache (C:\Users\Barjinder Goyal\.gradle\caches\8.6\fileHashes)" [_thread_blocked, id=100588, stack(0x000000a218f00000,0x000000a219000000)]
  0x000001d4730d3230 JavaThread "File watcher server" daemon [_thread_blocked, id=104772, stack(0x000000a219000000,0x000000a219100000)]
  0x000001d4730d04a0 JavaThread "File watcher consumer" daemon [_thread_blocked, id=104940, stack(0x000000a219100000,0x000000a219200000)]
  0x000001d4730d3740 JavaThread "Cache worker for checksums cache (C:\REACT-NATIVE\calorify\android\.gradle\8.6\checksums)" [_thread_blocked, id=67820, stack(0x000000a219200000,0x000000a219300000)]
  0x000001d473453530 JavaThread "Cache worker for file hash cache (C:\REACT-NATIVE\calorify\android\.gradle\8.6\fileHashes)" [_thread_blocked, id=100488, stack(0x000000a219400000,0x000000a219500000)]
  0x000001d4734516d0 JavaThread "Cache worker for cache directory md-supplier (C:\Users\Barjinder Goyal\.gradle\caches\8.6\md-supplier)" [_thread_blocked, id=96156, stack(0x000000a219500000,0x000000a219600000)]
  0x000001d473450290 JavaThread "Cache worker for cache directory md-rule (C:\Users\Barjinder Goyal\.gradle\caches\8.6\md-rule)" [_thread_blocked, id=107896, stack(0x000000a219600000,0x000000a219700000)]
  0x000001d473451be0 JavaThread "Cache worker for file content cache (C:\Users\Barjinder Goyal\.gradle\caches\8.6\fileContent)" [_thread_blocked, id=51392, stack(0x000000a219700000,0x000000a219800000)]
  0x000001d4734520f0 JavaThread "jar transforms" [_thread_blocked, id=38932, stack(0x000000a219800000,0x000000a219900000)]
  0x000001d473453a40 JavaThread "jar transforms Thread 2" [_thread_blocked, id=40488, stack(0x000000a219900000,0x000000a219a00000)]
  0x000001d473452b10 JavaThread "jar transforms Thread 3" [_thread_blocked, id=120088, stack(0x000000a219a00000,0x000000a219b00000)]
  0x000001d47344cff0 JavaThread "jar transforms Thread 4" [_thread_blocked, id=78984, stack(0x000000a219b00000,0x000000a219c00000)]
  0x000001d473453f50 JavaThread "Exec process" [_thread_blocked, id=45152, stack(0x000000a219c00000,0x000000a219d00000)]
  0x000001d4734507a0 JavaThread "Exec process Thread 2" [_thread_blocked, id=55448, stack(0x000000a219d00000,0x000000a219e00000)]
  0x000001d473453020 JavaThread "Exec process Thread 3" [_thread_blocked, id=61612, stack(0x000000a219e00000,0x000000a219f00000)]
  0x000001d473454460 JavaThread "jar transforms Thread 5" [_thread_blocked, id=70012, stack(0x000000a219f00000,0x000000a21a000000)]
  0x000001d47344da10 JavaThread "jar transforms Thread 6" [_thread_blocked, id=40452, stack(0x000000a21a000000,0x000000a21a100000)]
  0x000001d473454970 JavaThread "jar transforms Thread 7" [_thread_blocked, id=73440, stack(0x000000a21a100000,0x000000a21a200000)]
  0x000001d47344d500 JavaThread "jar transforms Thread 8" [_thread_blocked, id=119188, stack(0x000000a21a200000,0x000000a21a300000)]
  0x000001d47344df20 JavaThread "Unconstrained build operations" [_thread_blocked, id=70152, stack(0x000000a21a500000,0x000000a21a600000)]
  0x000001d47344e430 JavaThread "Unconstrained build operations Thread 2" [_thread_blocked, id=71976, stack(0x000000a21a600000,0x000000a21a700000)]
  0x000001d47344ee50 JavaThread "Cache worker for Build Output Cleanup Cache (C:\REACT-NATIVE\calorify\node_modules\expo-dev-launcher\expo-dev-launcher-gradle-plugin\.gradle\buildOutputCleanup)" [_thread_blocked, id=87592, stack(0x000000a21a700000,0x000000a21a800000)]
  0x000001d47344f360 JavaThread "Unconstrained build operations Thread 3" [_thread_blocked, id=51304, stack(0x000000a21a800000,0x000000a21a900000)]
  0x000001d47344f870 JavaThread "Unconstrained build operations Thread 4" [_thread_blocked, id=68048, stack(0x000000a21a900000,0x000000a21aa00000)]
  0x000001d47344fd80 JavaThread "Unconstrained build operations Thread 5" [_thread_blocked, id=89672, stack(0x000000a21aa00000,0x000000a21ab00000)]
  0x000001d473450cb0 JavaThread "Unconstrained build operations Thread 6" [_thread_blocked, id=94344, stack(0x000000a21ab00000,0x000000a21ac00000)]
  0x000001d4734511c0 JavaThread "Unconstrained build operations Thread 7" [_thread_blocked, id=87524, stack(0x000000a21ac00000,0x000000a21ad00000)]
  0x000001d4734f3ef0 JavaThread "Unconstrained build operations Thread 8" [_thread_blocked, id=93168, stack(0x000000a21ad00000,0x000000a21ae00000)]
  0x000001d4734f2fc0 JavaThread "Unconstrained build operations Thread 9" [_thread_blocked, id=97252, stack(0x000000a21ae00000,0x000000a21af00000)]
  0x000001d4734f4e20 JavaThread "build event listener" [_thread_blocked, id=38448, stack(0x000000a21af00000,0x000000a21b000000)]
  0x000001d4734fa430 JavaThread "Memory manager" [_thread_blocked, id=109280, stack(0x000000a21b000000,0x000000a21b100000)]
  0x000001d4734f6770 JavaThread "Cache worker for Build Output Cleanup Cache (C:\REACT-NATIVE\calorify\node_modules\@react-native\gradle-plugin\.gradle\buildOutputCleanup)" [_thread_blocked, id=82908, stack(0x000000a21b100000,0x000000a21b200000)]
  0x000001d4734f6c80 JavaThread "Unconstrained build operations Thread 10" [_thread_blocked, id=8404, stack(0x000000a21b200000,0x000000a21b300000)]
  0x000001d4734f5330 JavaThread "Unconstrained build operations Thread 11" [_thread_blocked, id=85908, stack(0x000000a21b300000,0x000000a21b400000)]
  0x000001d4734fa940 JavaThread "Unconstrained build operations Thread 12" [_thread_blocked, id=112600, stack(0x000000a21b400000,0x000000a21b500000)]
  0x000001d4734f39e0 JavaThread "Unconstrained build operations Thread 13" [_thread_blocked, id=87612, stack(0x000000a21b500000,0x000000a21b600000)]
  0x000001d4734f34d0 JavaThread "Unconstrained build operations Thread 14" [_thread_blocked, id=104740, stack(0x000000a21b600000,0x000000a21b700000)]
  0x000001d4734f85d0 JavaThread "Unconstrained build operations Thread 15" [_thread_blocked, id=58660, stack(0x000000a21b700000,0x000000a21b800000)]
  0x000001d4734f5840 JavaThread "Unconstrained build operations Thread 16" [_thread_blocked, id=111660, stack(0x000000a21b800000,0x000000a21b900000)]
  0x000001d4734f76a0 JavaThread "build event listener" [_thread_blocked, id=52648, stack(0x000000a21b900000,0x000000a21ba00000)]
  0x000001d4734f80c0 JavaThread "Cache worker for Build Output Cleanup Cache (C:\REACT-NATIVE\calorify\android\.gradle\buildOutputCleanup)" [_thread_blocked, id=98044, stack(0x000000a21ba00000,0x000000a21bb00000)]
  0x000001d4734f8ff0 JavaThread "ForkJoinPool.commonPool-worker-2" daemon [_thread_blocked, id=87204, stack(0x000000a21bc00000,0x000000a21bd00000)]
  0x000001d4734f4400 JavaThread "ForkJoinPool.commonPool-worker-3" daemon [_thread_blocked, id=39648, stack(0x000000a21bd00000,0x000000a21be00000)]
  0x000001d4734f6260 JavaThread "ForkJoinPool.commonPool-worker-4" daemon [_thread_blocked, id=16032, stack(0x000000a21be00000,0x000000a21bf00000)]
  0x000001d4734f9a10 JavaThread "ForkJoinPool.commonPool-worker-5" daemon [_thread_blocked, id=90652, stack(0x000000a21bf00000,0x000000a21c000000)]
  0x000001d4734f7bb0 JavaThread "ForkJoinPool.commonPool-worker-6" daemon [_thread_blocked, id=105976, stack(0x000000a21c000000,0x000000a21c100000)]
  0x000001d4734f8ae0 JavaThread "ForkJoinPool.commonPool-worker-7" daemon [_thread_blocked, id=92048, stack(0x000000a21c100000,0x000000a21c200000)]
  0x000001d4734f9f20 JavaThread "Execution worker" [_thread_blocked, id=116416, stack(0x000000a21c400000,0x000000a21c500000)]
  0x000001d475c86ed0 JavaThread "Execution worker Thread 2" [_thread_blocked, id=39888, stack(0x000000a21c500000,0x000000a21c600000)]
  0x000001d475c87e00 JavaThread "Execution worker Thread 3" [_thread_blocked, id=14452, stack(0x000000a21c600000,0x000000a21c700000)]
  0x000001d475c8a170 JavaThread "Execution worker Thread 4" [_thread_blocked, id=95552, stack(0x000000a21c700000,0x000000a21c800000)]
  0x000001d475c88d30 JavaThread "Execution worker Thread 5" [_thread_blocked, id=60100, stack(0x000000a21c800000,0x000000a21c900000)]
  0x000001d475c869c0 JavaThread "Execution worker Thread 6" [_thread_blocked, id=98836, stack(0x000000a21c900000,0x000000a21ca00000)]
  0x000001d475c878f0 JavaThread "Execution worker Thread 7" [_thread_blocked, id=118496, stack(0x000000a21ca00000,0x000000a21cb00000)]
  0x000001d475c89c60 JavaThread "Cache worker for execution history cache (C:\REACT-NATIVE\calorify\node_modules\@react-native\gradle-plugin\.gradle\8.6\executionHistory)" [_thread_blocked, id=21724, stack(0x000000a21cb00000,0x000000a21cc00000)]
  0x000001d475c873e0 JavaThread "Cache worker for execution history cache (C:\REACT-NATIVE\calorify\node_modules\expo-dev-launcher\expo-dev-launcher-gradle-plugin\.gradle\8.6\executionHistory)" [_thread_blocked, id=72220, stack(0x000000a21cc00000,0x000000a21cd00000)]
  0x000001d475822330 JavaThread "Unconstrained build operations Thread 17" [_thread_blocked, id=43288, stack(0x000000a21cd00000,0x000000a21ce00000)]
  0x000001d475821910 JavaThread "Unconstrained build operations Thread 18" [_thread_blocked, id=107448, stack(0x000000a21ce00000,0x000000a21cf00000)]
  0x000001d475822840 JavaThread "Unconstrained build operations Thread 19" [_thread_blocked, id=120204, stack(0x000000a21cf00000,0x000000a21d000000)]
  0x000001d47481cae0 JavaThread "Unconstrained build operations Thread 20" [_thread_blocked, id=99276, stack(0x000000a21d000000,0x000000a21d100000)]
  0x000001d47481d6b0 JavaThread "Unconstrained build operations Thread 21" [_thread_blocked, id=114408, stack(0x000000a21d100000,0x000000a21d200000)]
  0x000001d47481d1a0 JavaThread "Unconstrained build operations Thread 22" [_thread_blocked, id=1560, stack(0x000000a21d200000,0x000000a21d300000)]
  0x000001d47481e0d0 JavaThread "Unconstrained build operations Thread 23" [_thread_blocked, id=84912, stack(0x000000a21d300000,0x000000a21d400000)]
  0x000001d47481dbc0 JavaThread "Unconstrained build operations Thread 24" [_thread_blocked, id=75600, stack(0x000000a21d400000,0x000000a21d500000)]
  0x000001d47481e5e0 JavaThread "Unconstrained build operations Thread 25" [_thread_blocked, id=96428, stack(0x000000a21d500000,0x000000a21d600000)]
  0x000001d47481eaf0 JavaThread "Unconstrained build operations Thread 26" [_thread_blocked, id=79392, stack(0x000000a21d600000,0x000000a21d700000)]
  0x000001d475e171c0 JavaThread "Unconstrained build operations Thread 27" [_thread_blocked, id=105432, stack(0x000000a21d700000,0x000000a21d800000)]
  0x000001d475e19020 JavaThread "Unconstrained build operations Thread 28" [_thread_blocked, id=27884, stack(0x000000a21d800000,0x000000a21d900000)]
  0x000001d475e19530 JavaThread "Unconstrained build operations Thread 29" [_thread_blocked, id=105260, stack(0x000000a21d900000,0x000000a21da00000)]
  0x000001d475e19a40 JavaThread "Unconstrained build operations Thread 30" [_thread_blocked, id=83732, stack(0x000000a21da00000,0x000000a21db00000)]
  0x000001d475ba40e0 JavaThread "Unconstrained build operations Thread 31" [_thread_blocked, id=119376, stack(0x000000a21db00000,0x000000a21dc00000)]
  0x000001d475ba3bd0 JavaThread "Unconstrained build operations Thread 32" [_thread_blocked, id=103596, stack(0x000000a21dc00000,0x000000a21dd00000)]
  0x000001d475ba36c0 JavaThread "Unconstrained build operations Thread 33" [_thread_blocked, id=98180, stack(0x000000a21dd00000,0x000000a21de00000)]
  0x000001d475ba31b0 JavaThread "Unconstrained build operations Thread 34" [_thread_blocked, id=84144, stack(0x000000a21de00000,0x000000a21df00000)]
  0x000001d475ba2ca0 JavaThread "Unconstrained build operations Thread 35" [_thread_blocked, id=78736, stack(0x000000a21df00000,0x000000a21e000000)]
  0x000001d475ba45f0 JavaThread "Unconstrained build operations Thread 36" [_thread_blocked, id=16612, stack(0x000000a21e000000,0x000000a21e100000)]
  0x000001d4725c0290 JavaThread "Unconstrained build operations Thread 37" [_thread_blocked, id=106936, stack(0x000000a21e100000,0x000000a21e200000)]
  0x000001d4725c07a0 JavaThread "Unconstrained build operations Thread 38" [_thread_blocked, id=54644, stack(0x000000a21e200000,0x000000a21e300000)]
  0x000001d4725c0cb0 JavaThread "Unconstrained build operations Thread 39" [_thread_blocked, id=104108, stack(0x000000a21e300000,0x000000a21e400000)]
  0x000001d475820ef0 JavaThread "Unconstrained build operations Thread 40" [_thread_blocked, id=86340, stack(0x000000a21e400000,0x000000a21e500000)]
  0x000001d475821400 JavaThread "Unconstrained build operations Thread 41" [_thread_blocked, id=99700, stack(0x000000a21e500000,0x000000a21e600000)]
  0x000001d475821e20 JavaThread "Unconstrained build operations Thread 42" [_thread_blocked, id=83708, stack(0x000000a21e600000,0x000000a21e700000)]
  0x000001d47250b3e0 JavaThread "Unconstrained build operations Thread 43" [_thread_blocked, id=96640, stack(0x000000a21e700000,0x000000a21e800000)]
  0x000001d47250d240 JavaThread "Unconstrained build operations Thread 44" [_thread_blocked, id=71908, stack(0x000000a21e800000,0x000000a21e900000)]
  0x000001d4763524b0 JavaThread "Unconstrained build operations Thread 45" [_thread_blocked, id=83676, stack(0x000000a21e900000,0x000000a21ea00000)]
  0x000001d476351a90 JavaThread "Unconstrained build operations Thread 46" [_thread_blocked, id=118448, stack(0x000000a21ea00000,0x000000a21eb00000)]
  0x000001d476351fa0 JavaThread "Unconstrained build operations Thread 47" [_thread_blocked, id=110864, stack(0x000000a21eb00000,0x000000a21ec00000)]
  0x000001d476351580 JavaThread "Unconstrained build operations Thread 48" [_thread_blocked, id=88460, stack(0x000000a21ec00000,0x000000a21ed00000)]
  0x000001d47250b8f0 JavaThread "Unconstrained build operations Thread 49" [_thread_blocked, id=22796, stack(0x000000a21ed00000,0x000000a21ee00000)]
  0x000001d47250aed0 JavaThread "Unconstrained build operations Thread 50" [_thread_blocked, id=40492, stack(0x000000a21ee00000,0x000000a21ef00000)]
  0x000001d4763529c0 JavaThread "Unconstrained build operations Thread 51" [_thread_blocked, id=89208, stack(0x000000a21ef00000,0x000000a21f000000)]
  0x000001d47250c310 JavaThread "Unconstrained build operations Thread 52" [_thread_blocked, id=84556, stack(0x000000a21f000000,0x000000a21f100000)]
  0x000001d47250a4b0 JavaThread "Unconstrained build operations Thread 53" [_thread_blocked, id=101660, stack(0x000000a21f100000,0x000000a21f200000)]
  0x000001d475c88310 JavaThread "Unconstrained build operations Thread 54" [_thread_blocked, id=105512, stack(0x000000a21f200000,0x000000a21f300000)]
  0x000001d475c89240 JavaThread "Unconstrained build operations Thread 55" [_thread_blocked, id=118852, stack(0x000000a21f300000,0x000000a21f400000)]
  0x000001d475c88820 JavaThread "Unconstrained build operations Thread 56" [_thread_blocked, id=74536, stack(0x000000a21f400000,0x000000a21f500000)]
  0x000001d475c89750 JavaThread "Unconstrained build operations Thread 57" [_thread_blocked, id=71972, stack(0x000000a21f500000,0x000000a21f600000)]
  0x000001d474fe6130 JavaThread "Unconstrained build operations Thread 58" [_thread_blocked, id=104652, stack(0x000000a21f600000,0x000000a21f700000)]
  0x000001d474fe5c20 JavaThread "Unconstrained build operations Thread 59" [_thread_blocked, id=20832, stack(0x000000a21f700000,0x000000a21f800000)]
  0x000001d474fe4cf0 JavaThread "Unconstrained build operations Thread 60" [_thread_blocked, id=69456, stack(0x000000a21f800000,0x000000a21f900000)]
  0x000001d4765569c0 JavaThread "build event listener" [_thread_blocked, id=70948, stack(0x000000a21f900000,0x000000a21fa00000)]
  0x000001d47c4905d0 JavaThread "Unconstrained build operations Thread 61" [_thread_blocked, id=40772, stack(0x000000a216700000,0x000000a216800000)]
  0x000001d47c492940 JavaThread "Unconstrained build operations Thread 62" [_thread_blocked, id=110176, stack(0x000000a216800000,0x000000a216900000)]
  0x000001d47c490ae0 JavaThread "Unconstrained build operations Thread 63" [_thread_blocked, id=86196, stack(0x000000a21fa00000,0x000000a21fb00000)]
  0x000001d47c48fbb0 JavaThread "Unconstrained build operations Thread 64" [_thread_blocked, id=110044, stack(0x000000a21fb00000,0x000000a21fc00000)]
  0x000001d47c491500 JavaThread "Unconstrained build operations Thread 65" [_thread_blocked, id=20404, stack(0x000000a21fc00000,0x000000a21fd00000)]
  0x000001d47c491a10 JavaThread "Unconstrained build operations Thread 66" [_thread_blocked, id=11856, stack(0x000000a21fd00000,0x000000a21fe00000)]
  0x000001d47c4900c0 JavaThread "Unconstrained build operations Thread 67" [_thread_blocked, id=71328, stack(0x000000a21fe00000,0x000000a21ff00000)]
  0x000001d47c491f20 JavaThread "Unconstrained build operations Thread 68" [_thread_blocked, id=56720, stack(0x000000a21ff00000,0x000000a220000000)]
  0x000001d47c492430 JavaThread "Unconstrained build operations Thread 69" [_thread_blocked, id=83024, stack(0x000000a220000000,0x000000a220100000)]
  0x000001d47c492e50 JavaThread "Unconstrained build operations Thread 70" [_thread_blocked, id=89252, stack(0x000000a220100000,0x000000a220200000)]
  0x000001d47c48f6a0 JavaThread "Unconstrained build operations Thread 71" [_thread_blocked, id=55228, stack(0x000000a220200000,0x000000a220300000)]
  0x000001d475ffbde0 JavaThread "Unconstrained build operations Thread 72" [_thread_blocked, id=7108, stack(0x000000a220300000,0x000000a220400000)]
  0x000001d475ff9050 JavaThread "Unconstrained build operations Thread 73" [_thread_blocked, id=107508, stack(0x000000a220400000,0x000000a220500000)]
  0x000001d475ff9560 JavaThread "Unconstrained build operations Thread 74" [_thread_blocked, id=59692, stack(0x000000a220500000,0x000000a220600000)]
  0x000001d476d0a4b0 JavaThread "Unconstrained build operations Thread 75" [_thread_blocked, id=111060, stack(0x000000a220600000,0x000000a220700000)]
  0x000001d476d09a90 JavaThread "Unconstrained build operations Thread 76" [_thread_blocked, id=12292, stack(0x000000a220700000,0x000000a220800000)]
  0x000001d476d0aed0 JavaThread "Unconstrained build operations Thread 77" [_thread_blocked, id=83848, stack(0x000000a220800000,0x000000a220900000)]
  0x000001d476d09fa0 JavaThread "Unconstrained build operations Thread 78" [_thread_blocked, id=64252, stack(0x000000a220900000,0x000000a220a00000)]
  0x000001d476d09070 JavaThread "Unconstrained build operations Thread 79" [_thread_blocked, id=91292, stack(0x000000a220a00000,0x000000a220b00000)]
  0x000001d476d0b3e0 JavaThread "Unconstrained build operations Thread 80" [_thread_blocked, id=69452, stack(0x000000a220b00000,0x000000a220c00000)]

Other Threads:
=>0x000001d46cffe2d0 VMThread "VM Thread" [stack: 0x000000a216f00000,0x000000a217000000] [id=118620]
  0x000001d44ec252b0 WatcherThread [stack: 0x000000a217b00000,0x000000a217c00000] [id=68492]
  0x000001d44ec0be30 GCTaskThread "GC Thread#0" [stack: 0x000000a216a00000,0x000000a216b00000] [id=88752]
  0x000001d46dc6f340 GCTaskThread "GC Thread#1" [stack: 0x000000a217c00000,0x000000a217d00000] [id=104964]
  0x000001d46dcbb880 GCTaskThread "GC Thread#2" [stack: 0x000000a217d00000,0x000000a217e00000] [id=80712]
  0x000001d47202e820 GCTaskThread "GC Thread#3" [stack: 0x000000a217e00000,0x000000a217f00000] [id=110436]
  0x000001d4728ff460 GCTaskThread "GC Thread#4" [stack: 0x000000a217f00000,0x000000a218000000] [id=98648]
  0x000001d4737ce920 GCTaskThread "GC Thread#5" [stack: 0x000000a218c00000,0x000000a218d00000] [id=28924]
  0x000001d47366e400 GCTaskThread "GC Thread#6" [stack: 0x000000a218d00000,0x000000a218e00000] [id=10648]
  0x000001d4738068f0 GCTaskThread "GC Thread#7" [stack: 0x000000a218e00000,0x000000a218f00000] [id=25260]
  0x000001d44ec1cc90 ConcurrentGCThread "G1 Main Marker" [stack: 0x000000a216b00000,0x000000a216c00000] [id=98856]
  0x000001d44ec1e5c0 ConcurrentGCThread "G1 Conc#0" [stack: 0x000000a216c00000,0x000000a216d00000] [id=102272]
  0x000001d473cdbb90 ConcurrentGCThread "G1 Conc#1" [stack: 0x000000a219300000,0x000000a219400000] [id=20860]
  0x000001d46cebc110 ConcurrentGCThread "G1 Refine#0" [stack: 0x000000a216d00000,0x000000a216e00000] [id=4472]
  0x000001d475b1f090 ConcurrentGCThread "G1 Refine#1" [stack: 0x000000a216600000,0x000000a216700000] [id=87608]
  0x000001d46cebca50 ConcurrentGCThread "G1 Service" [stack: 0x000000a216e00000,0x000000a216f00000] [id=82928]

Threads with active compile tasks:
C2 CompilerThread0   109895 16641       4       com.android.build.gradle.options.ProjectOptions$OptionValue$$Lambda$1994/0x000001d401aff498::call (12 bytes)

VM state: at safepoint (normal execution)

VM Mutex/Monitor currently owned by a thread:  ([mutex/lock_event])
[0x000001d44ebadb80] Threads_lock - owner thread: 0x000001d46cffe2d0
[0x000001d44ebac7d0] Heap_lock - owner thread: 0x000001d4730d2300

Heap address: 0x0000000080000000, size: 2048 MB, Compressed Oops mode: 32-bit

CDS archive(s) mapped at: [0x000001d400000000-0x000001d400bd0000-0x000001d400bd0000), size 12386304, SharedBaseAddress: 0x000001d400000000, ArchiveRelocationMode: 1.
Compressed class space mapped at: 0x000001d401000000-0x000001d41b000000, reserved size: 436207616
Narrow klass base: 0x000001d400000000, Narrow klass shift: 0, Narrow klass range: 0x100000000

GC Precious Log:
 CPUs: 8 total, 8 available
 Memory: 8039M
 Large Page Support: Disabled
 NUMA Support: Disabled
 Compressed Oops: Enabled (32-bit)
 Heap Region Size: 1M
 Heap Min Capacity: 8M
 Heap Initial Capacity: 126M
 Heap Max Capacity: 2G
 Pre-touch: Disabled
 Parallel Workers: 8
 Concurrent Workers: 2
 Concurrent Refinement Workers: 8
 Periodic GC: Disabled

Heap:
 garbage-first heap   total 355328K, used 249667K [0x0000000080000000, 0x0000000100000000)
  region size 1024K, 8 young (8192K), 8 survivors (8192K)
 Metaspace       used 107199K, committed 108928K, reserved 557056K
  class space    used 15169K, committed 16000K, reserved 425984K

Heap Regions: E=young(eden), S=young(survivor), O=old, HS=humongous(starts), HC=humongous(continues), CS=collection set, F=free, OA=open archive, CA=closed archive, TAMS=top-at-mark-start (previous, next)
|   0|0x0000000080000000, 0x0000000080100000, 0x0000000080100000|100%|HS|  |TAMS 0x0000000080100000, 0x0000000080000000| Complete 
|   1|0x0000000080100000, 0x0000000080200000, 0x0000000080200000|100%|HC|  |TAMS 0x0000000080200000, 0x0000000080100000| Complete 
|   2|0x0000000080200000, 0x0000000080300000, 0x0000000080300000|100%|HC|  |TAMS 0x0000000080300000, 0x0000000080200000| Complete 
|   3|0x0000000080300000, 0x0000000080400000, 0x0000000080400000|100%|HC|  |TAMS 0x0000000080400000, 0x0000000080300000| Complete 
|   4|0x0000000080400000, 0x0000000080500000, 0x0000000080500000|100%| O|  |TAMS 0x0000000080500000, 0x0000000080400000| Untracked 
|   5|0x0000000080500000, 0x0000000080600000, 0x0000000080600000|100%| O|  |TAMS 0x0000000080600000, 0x0000000080500000| Untracked 
|   6|0x0000000080600000, 0x0000000080700000, 0x0000000080700000|100%| O|  |TAMS 0x0000000080700000, 0x0000000080600000| Untracked 
|   7|0x0000000080700000, 0x0000000080800000, 0x0000000080800000|100%| O|  |TAMS 0x0000000080800000, 0x0000000080700000| Untracked 
|   8|0x0000000080800000, 0x0000000080900000, 0x0000000080900000|100%| O|  |TAMS 0x0000000080900000, 0x0000000080800000| Untracked 
|   9|0x0000000080900000, 0x0000000080a00000, 0x0000000080a00000|100%| O|  |TAMS 0x0000000080a00000, 0x0000000080900000| Untracked 
|  10|0x0000000080a00000, 0x0000000080b00000, 0x0000000080b00000|100%| O|  |TAMS 0x0000000080b00000, 0x0000000080a00000| Untracked 
|  11|0x0000000080b00000, 0x0000000080c00000, 0x0000000080c00000|100%| O|  |TAMS 0x0000000080c00000, 0x0000000080b00000| Untracked 
|  12|0x0000000080c00000, 0x0000000080d00000, 0x0000000080d00000|100%| O|  |TAMS 0x0000000080d00000, 0x0000000080c00000| Untracked 
|  13|0x0000000080d00000, 0x0000000080e00000, 0x0000000080e00000|100%| O|  |TAMS 0x0000000080e00000, 0x0000000080d00000| Untracked 
|  14|0x0000000080e00000, 0x0000000080f00000, 0x0000000080f00000|100%| O|  |TAMS 0x0000000080f00000, 0x0000000080e00000| Untracked 
|  15|0x0000000080f00000, 0x0000000081000000, 0x0000000081000000|100%| O|  |TAMS 0x0000000081000000, 0x0000000080f00000| Untracked 
|  16|0x0000000081000000, 0x0000000081100000, 0x0000000081100000|100%| O|  |TAMS 0x0000000081100000, 0x0000000081000000| Untracked 
|  17|0x0000000081100000, 0x0000000081200000, 0x0000000081200000|100%| O|  |TAMS 0x0000000081200000, 0x0000000081100000| Untracked 
|  18|0x0000000081200000, 0x0000000081300000, 0x0000000081300000|100%| O|  |TAMS 0x0000000081300000, 0x0000000081200000| Untracked 
|  19|0x0000000081300000, 0x0000000081400000, 0x0000000081400000|100%| O|  |TAMS 0x0000000081400000, 0x0000000081300000| Untracked 
|  20|0x0000000081400000, 0x0000000081500000, 0x0000000081500000|100%| O|  |TAMS 0x0000000081500000, 0x0000000081400000| Untracked 
|  21|0x0000000081500000, 0x0000000081600000, 0x0000000081600000|100%| O|  |TAMS 0x0000000081600000, 0x0000000081500000| Untracked 
|  22|0x0000000081600000, 0x0000000081700000, 0x0000000081700000|100%| O|  |TAMS 0x0000000081700000, 0x0000000081600000| Untracked 
|  23|0x0000000081700000, 0x0000000081800000, 0x0000000081800000|100%| O|  |TAMS 0x0000000081800000, 0x0000000081700000| Untracked 
|  24|0x0000000081800000, 0x0000000081900000, 0x0000000081900000|100%| O|  |TAMS 0x0000000081900000, 0x0000000081800000| Untracked 
|  25|0x0000000081900000, 0x0000000081a00000, 0x0000000081a00000|100%| O|  |TAMS 0x0000000081a00000, 0x0000000081900000| Untracked 
|  26|0x0000000081a00000, 0x0000000081b00000, 0x0000000081b00000|100%| O|  |TAMS 0x0000000081b00000, 0x0000000081a00000| Untracked 
|  27|0x0000000081b00000, 0x0000000081c00000, 0x0000000081c00000|100%| O|  |TAMS 0x0000000081c00000, 0x0000000081b00000| Untracked 
|  28|0x0000000081c00000, 0x0000000081d00000, 0x0000000081d00000|100%| O|  |TAMS 0x0000000081d00000, 0x0000000081c00000| Untracked 
|  29|0x0000000081d00000, 0x0000000081e00000, 0x0000000081e00000|100%| O|  |TAMS 0x0000000081e00000, 0x0000000081d00000| Untracked 
|  30|0x0000000081e00000, 0x0000000081f00000, 0x0000000081f00000|100%| O|  |TAMS 0x0000000081f00000, 0x0000000081e00000| Untracked 
|  31|0x0000000081f00000, 0x0000000082000000, 0x0000000082000000|100%| O|  |TAMS 0x0000000082000000, 0x0000000081f00000| Untracked 
|  32|0x0000000082000000, 0x0000000082100000, 0x0000000082100000|100%| O|  |TAMS 0x0000000082100000, 0x0000000082000000| Untracked 
|  33|0x0000000082100000, 0x0000000082200000, 0x0000000082200000|100%| O|  |TAMS 0x0000000082200000, 0x0000000082100000| Untracked 
|  34|0x0000000082200000, 0x0000000082300000, 0x0000000082300000|100%| O|  |TAMS 0x0000000082300000, 0x0000000082200000| Untracked 
|  35|0x0000000082300000, 0x0000000082400000, 0x0000000082400000|100%| O|  |TAMS 0x0000000082400000, 0x0000000082300000| Untracked 
|  36|0x0000000082400000, 0x0000000082500000, 0x0000000082500000|100%| O|  |TAMS 0x0000000082500000, 0x0000000082400000| Untracked 
|  37|0x0000000082500000, 0x0000000082600000, 0x0000000082600000|100%| O|  |TAMS 0x0000000082600000, 0x0000000082500000| Untracked 
|  38|0x0000000082600000, 0x0000000082700000, 0x0000000082700000|100%| O|  |TAMS 0x0000000082700000, 0x0000000082600000| Untracked 
|  39|0x0000000082700000, 0x0000000082800000, 0x0000000082800000|100%| O|  |TAMS 0x0000000082800000, 0x0000000082700000| Untracked 
|  40|0x0000000082800000, 0x0000000082900000, 0x0000000082900000|100%| O|  |TAMS 0x0000000082900000, 0x0000000082800000| Untracked 
|  41|0x0000000082900000, 0x0000000082a00000, 0x0000000082a00000|100%| O|  |TAMS 0x0000000082a00000, 0x0000000082900000| Untracked 
|  42|0x0000000082a00000, 0x0000000082b00000, 0x0000000082b00000|100%| O|  |TAMS 0x0000000082b00000, 0x0000000082a00000| Untracked 
|  43|0x0000000082b00000, 0x0000000082c00000, 0x0000000082c00000|100%| O|  |TAMS 0x0000000082c00000, 0x0000000082b00000| Untracked 
|  44|0x0000000082c00000, 0x0000000082d00000, 0x0000000082d00000|100%| O|  |TAMS 0x0000000082d00000, 0x0000000082c00000| Untracked 
|  45|0x0000000082d00000, 0x0000000082e00000, 0x0000000082e00000|100%|HS|  |TAMS 0x0000000082e00000, 0x0000000082d00000| Complete 
|  46|0x0000000082e00000, 0x0000000082f00000, 0x0000000082f00000|100%|HC|  |TAMS 0x0000000082f00000, 0x0000000082e00000| Complete 
|  47|0x0000000082f00000, 0x0000000083000000, 0x0000000083000000|100%|HS|  |TAMS 0x0000000083000000, 0x0000000082f00000| Complete 
|  48|0x0000000083000000, 0x0000000083100000, 0x0000000083100000|100%|HC|  |TAMS 0x0000000083100000, 0x0000000083000000| Complete 
|  49|0x0000000083100000, 0x0000000083200000, 0x0000000083200000|100%| O|  |TAMS 0x0000000083200000, 0x0000000083100000| Untracked 
|  50|0x0000000083200000, 0x0000000083300000, 0x0000000083300000|100%| O|  |TAMS 0x0000000083200000, 0x0000000083200000| Untracked 
|  51|0x0000000083300000, 0x0000000083400000, 0x0000000083400000|100%| O|  |TAMS 0x0000000083400000, 0x0000000083300000| Untracked 
|  52|0x0000000083400000, 0x0000000083500000, 0x0000000083500000|100%| O|  |TAMS 0x0000000083500000, 0x0000000083400000| Untracked 
|  53|0x0000000083500000, 0x0000000083600000, 0x0000000083600000|100%| O|  |TAMS 0x0000000083600000, 0x0000000083500000| Untracked 
|  54|0x0000000083600000, 0x0000000083700000, 0x0000000083700000|100%|HS|  |TAMS 0x0000000083700000, 0x0000000083600000| Complete 
|  55|0x0000000083700000, 0x0000000083800000, 0x0000000083800000|100%|HC|  |TAMS 0x0000000083800000, 0x0000000083700000| Complete 
|  56|0x0000000083800000, 0x0000000083900000, 0x0000000083900000|100%|HC|  |TAMS 0x0000000083900000, 0x0000000083800000| Complete 
|  57|0x0000000083900000, 0x0000000083a00000, 0x0000000083a00000|100%|HC|  |TAMS 0x0000000083a00000, 0x0000000083900000| Complete 
|  58|0x0000000083a00000, 0x0000000083b00000, 0x0000000083b00000|100%|HS|  |TAMS 0x0000000083b00000, 0x0000000083a00000| Complete 
|  59|0x0000000083b00000, 0x0000000083c00000, 0x0000000083c00000|100%|HC|  |TAMS 0x0000000083c00000, 0x0000000083b00000| Complete 
|  60|0x0000000083c00000, 0x0000000083d00000, 0x0000000083d00000|100%|HC|  |TAMS 0x0000000083d00000, 0x0000000083c00000| Complete 
|  61|0x0000000083d00000, 0x0000000083e00000, 0x0000000083e00000|100%|HC|  |TAMS 0x0000000083e00000, 0x0000000083d00000| Complete 
|  62|0x0000000083e00000, 0x0000000083f00000, 0x0000000083f00000|100%| O|  |TAMS 0x0000000083f00000, 0x0000000083e00000| Untracked 
|  63|0x0000000083f00000, 0x0000000084000000, 0x0000000084000000|100%| O|  |TAMS 0x0000000084000000, 0x0000000083f00000| Untracked 
|  64|0x0000000084000000, 0x0000000084100000, 0x0000000084100000|100%| O|  |TAMS 0x0000000084100000, 0x0000000084000000| Untracked 
|  65|0x0000000084100000, 0x0000000084200000, 0x0000000084200000|100%| O|  |TAMS 0x0000000084200000, 0x0000000084100000| Untracked 
|  66|0x0000000084200000, 0x0000000084300000, 0x0000000084300000|100%| O|  |TAMS 0x0000000084300000, 0x0000000084200000| Untracked 
|  67|0x0000000084300000, 0x0000000084400000, 0x0000000084400000|100%| O|  |TAMS 0x0000000084400000, 0x0000000084300000| Untracked 
|  68|0x0000000084400000, 0x0000000084500000, 0x0000000084500000|100%| O|  |TAMS 0x0000000084500000, 0x0000000084400000| Untracked 
|  69|0x0000000084500000, 0x0000000084600000, 0x0000000084600000|100%| O|  |TAMS 0x0000000084600000, 0x0000000084500000| Untracked 
|  70|0x0000000084600000, 0x0000000084700000, 0x0000000084700000|100%|HS|  |TAMS 0x0000000084700000, 0x0000000084600000| Complete 
|  71|0x0000000084700000, 0x0000000084800000, 0x0000000084800000|100%|HC|  |TAMS 0x0000000084800000, 0x0000000084700000| Complete 
|  72|0x0000000084800000, 0x0000000084900000, 0x0000000084900000|100%|HS|  |TAMS 0x0000000084900000, 0x0000000084800000| Complete 
|  73|0x0000000084900000, 0x0000000084a00000, 0x0000000084a00000|100%|HC|  |TAMS 0x0000000084a00000, 0x0000000084900000| Complete 
|  74|0x0000000084a00000, 0x0000000084b00000, 0x0000000084b00000|100%|HS|  |TAMS 0x0000000084b00000, 0x0000000084a00000| Complete 
|  75|0x0000000084b00000, 0x0000000084c00000, 0x0000000084c00000|100%|HC|  |TAMS 0x0000000084c00000, 0x0000000084b00000| Complete 
|  76|0x0000000084c00000, 0x0000000084d00000, 0x0000000084d00000|100%|HC|  |TAMS 0x0000000084d00000, 0x0000000084c00000| Complete 
|  77|0x0000000084d00000, 0x0000000084e00000, 0x0000000084e00000|100%|HC|  |TAMS 0x0000000084e00000, 0x0000000084d00000| Complete 
|  78|0x0000000084e00000, 0x0000000084f00000, 0x0000000084f00000|100%|HS|  |TAMS 0x0000000084f00000, 0x0000000084e00000| Complete 
|  79|0x0000000084f00000, 0x0000000085000000, 0x0000000085000000|100%|HC|  |TAMS 0x0000000085000000, 0x0000000084f00000| Complete 
|  80|0x0000000085000000, 0x0000000085100000, 0x0000000085100000|100%|HC|  |TAMS 0x0000000085100000, 0x0000000085000000| Complete 
|  81|0x0000000085100000, 0x0000000085200000, 0x0000000085200000|100%|HC|  |TAMS 0x0000000085200000, 0x0000000085100000| Complete 
|  82|0x0000000085200000, 0x0000000085300000, 0x0000000085300000|100%| O|  |TAMS 0x0000000085300000, 0x0000000085200000| Untracked 
|  83|0x0000000085300000, 0x0000000085400000, 0x0000000085400000|100%| O|  |TAMS 0x0000000085400000, 0x0000000085300000| Untracked 
|  84|0x0000000085400000, 0x0000000085500000, 0x0000000085500000|100%| O|  |TAMS 0x0000000085500000, 0x0000000085400000| Untracked 
|  85|0x0000000085500000, 0x0000000085600000, 0x0000000085600000|100%| O|  |TAMS 0x0000000085600000, 0x0000000085500000| Untracked 
|  86|0x0000000085600000, 0x0000000085700000, 0x0000000085700000|100%| O|  |TAMS 0x0000000085700000, 0x0000000085600000| Untracked 
|  87|0x0000000085700000, 0x0000000085800000, 0x0000000085800000|100%| O|  |TAMS 0x0000000085800000, 0x0000000085700000| Untracked 
|  88|0x0000000085800000, 0x0000000085900000, 0x0000000085900000|100%| O|  |TAMS 0x0000000085900000, 0x0000000085800000| Untracked 
|  89|0x0000000085900000, 0x0000000085a00000, 0x0000000085a00000|100%| O|  |TAMS 0x0000000085900000, 0x0000000085900000| Untracked 
|  90|0x0000000085a00000, 0x0000000085b00000, 0x0000000085b00000|100%| O|  |TAMS 0x0000000085b00000, 0x0000000085a00000| Untracked 
|  91|0x0000000085b00000, 0x0000000085c00000, 0x0000000085c00000|100%| O|  |TAMS 0x0000000085c00000, 0x0000000085b00000| Untracked 
|  92|0x0000000085c00000, 0x0000000085d00000, 0x0000000085d00000|100%| O|  |TAMS 0x0000000085d00000, 0x0000000085c00000| Untracked 
|  93|0x0000000085d00000, 0x0000000085e00000, 0x0000000085e00000|100%| O|  |TAMS 0x0000000085e00000, 0x0000000085d00000| Untracked 
|  94|0x0000000085e00000, 0x0000000085f00000, 0x0000000085f00000|100%| O|  |TAMS 0x0000000085f00000, 0x0000000085e00000| Untracked 
|  95|0x0000000085f00000, 0x0000000086000000, 0x0000000086000000|100%| O|  |TAMS 0x0000000086000000, 0x0000000085f00000| Untracked 
|  96|0x0000000086000000, 0x0000000086100000, 0x0000000086100000|100%|HS|  |TAMS 0x0000000086100000, 0x0000000086000000| Complete 
|  97|0x0000000086100000, 0x0000000086200000, 0x0000000086200000|100%|HS|  |TAMS 0x0000000086200000, 0x0000000086100000| Complete 
|  98|0x0000000086200000, 0x0000000086300000, 0x0000000086300000|100%|HS|  |TAMS 0x0000000086300000, 0x0000000086200000| Complete 
|  99|0x0000000086300000, 0x0000000086400000, 0x0000000086400000|100%| O|  |TAMS 0x0000000086400000, 0x0000000086300000| Untracked 
| 100|0x0000000086400000, 0x0000000086500000, 0x0000000086500000|100%|HS|  |TAMS 0x0000000086500000, 0x0000000086400000| Complete 
| 101|0x0000000086500000, 0x0000000086600000, 0x0000000086600000|100%|HS|  |TAMS 0x0000000086600000, 0x0000000086500000| Complete 
| 102|0x0000000086600000, 0x0000000086700000, 0x0000000086700000|100%| O|  |TAMS 0x0000000086700000, 0x0000000086600000| Untracked 
| 103|0x0000000086700000, 0x0000000086800000, 0x0000000086800000|100%| O|  |TAMS 0x0000000086700000, 0x0000000086700000| Untracked 
| 104|0x0000000086800000, 0x0000000086900000, 0x0000000086900000|100%| O|  |TAMS 0x0000000086900000, 0x0000000086800000| Untracked 
| 105|0x0000000086900000, 0x0000000086a00000, 0x0000000086a00000|100%| O|  |TAMS 0x0000000086a00000, 0x0000000086900000| Untracked 
| 106|0x0000000086a00000, 0x0000000086b00000, 0x0000000086b00000|100%| O|  |TAMS 0x0000000086b00000, 0x0000000086a00000| Untracked 
| 107|0x0000000086b00000, 0x0000000086c00000, 0x0000000086c00000|100%| O|  |TAMS 0x0000000086c00000, 0x0000000086b00000| Untracked 
| 108|0x0000000086c00000, 0x0000000086d00000, 0x0000000086d00000|100%| O|  |TAMS 0x0000000086d00000, 0x0000000086c00000| Untracked 
| 109|0x0000000086d00000, 0x0000000086e00000, 0x0000000086e00000|100%| O|  |TAMS 0x0000000086e00000, 0x0000000086d00000| Untracked 
| 110|0x0000000086e00000, 0x0000000086f00000, 0x0000000086f00000|100%| O|  |TAMS 0x0000000086f00000, 0x0000000086e00000| Untracked 
| 111|0x0000000086f00000, 0x0000000087000000, 0x0000000087000000|100%| O|  |TAMS 0x0000000087000000, 0x0000000086f00000| Untracked 
| 112|0x0000000087000000, 0x0000000087100000, 0x0000000087100000|100%| O|  |TAMS 0x0000000087100000, 0x0000000087000000| Untracked 
| 113|0x0000000087100000, 0x0000000087200000, 0x0000000087200000|100%| O|  |TAMS 0x0000000087200000, 0x0000000087100000| Untracked 
| 114|0x0000000087200000, 0x0000000087300000, 0x0000000087300000|100%| O|  |TAMS 0x0000000087300000, 0x0000000087200000| Untracked 
| 115|0x0000000087300000, 0x0000000087400000, 0x0000000087400000|100%| O|  |TAMS 0x0000000087400000, 0x0000000087300000| Untracked 
| 116|0x0000000087400000, 0x0000000087500000, 0x0000000087500000|100%| O|  |TAMS 0x0000000087500000, 0x0000000087400000| Untracked 
| 117|0x0000000087500000, 0x0000000087600000, 0x0000000087600000|100%| O|  |TAMS 0x0000000087600000, 0x0000000087500000| Untracked 
| 118|0x0000000087600000, 0x0000000087700000, 0x0000000087700000|100%| O|  |TAMS 0x0000000087700000, 0x0000000087600000| Untracked 
| 119|0x0000000087700000, 0x0000000087800000, 0x0000000087800000|100%| O|  |TAMS 0x0000000087800000, 0x0000000087700000| Untracked 
| 120|0x0000000087800000, 0x0000000087900000, 0x0000000087900000|100%| O|  |TAMS 0x0000000087900000, 0x0000000087800000| Untracked 
| 121|0x0000000087900000, 0x0000000087a00000, 0x0000000087a00000|100%| O|  |TAMS 0x0000000087a00000, 0x0000000087900000| Untracked 
| 122|0x0000000087a00000, 0x0000000087b00000, 0x0000000087b00000|100%| O|  |TAMS 0x0000000087b00000, 0x0000000087a00000| Untracked 
| 123|0x0000000087b00000, 0x0000000087c00000, 0x0000000087c00000|100%| O|  |TAMS 0x0000000087c00000, 0x0000000087b00000| Untracked 
| 124|0x0000000087c00000, 0x0000000087d00000, 0x0000000087d00000|100%| O|  |TAMS 0x0000000087d00000, 0x0000000087c00000| Untracked 
| 125|0x0000000087d00000, 0x0000000087e00000, 0x0000000087e00000|100%| O|  |TAMS 0x0000000087e00000, 0x0000000087d00000| Untracked 
| 126|0x0000000087e00000, 0x0000000087f00000, 0x0000000087f00000|100%| O|  |TAMS 0x0000000087f00000, 0x0000000087e00000| Untracked 
| 127|0x0000000087f00000, 0x0000000088000000, 0x0000000088000000|100%| O|  |TAMS 0x0000000088000000, 0x0000000087f00000| Untracked 
| 128|0x0000000088000000, 0x0000000088100000, 0x0000000088100000|100%| O|  |TAMS 0x0000000088100000, 0x0000000088000000| Untracked 
| 129|0x0000000088100000, 0x0000000088200000, 0x0000000088200000|100%| O|  |TAMS 0x0000000088200000, 0x0000000088100000| Untracked 
| 130|0x0000000088200000, 0x0000000088300000, 0x0000000088300000|100%| O|  |TAMS 0x0000000088300000, 0x0000000088200000| Untracked 
| 131|0x0000000088300000, 0x0000000088400000, 0x0000000088400000|100%| O|  |TAMS 0x0000000088400000, 0x0000000088300000| Untracked 
| 132|0x0000000088400000, 0x0000000088500000, 0x0000000088500000|100%| O|  |TAMS 0x0000000088500000, 0x0000000088400000| Untracked 
| 133|0x0000000088500000, 0x0000000088600000, 0x0000000088600000|100%| O|  |TAMS 0x0000000088600000, 0x0000000088500000| Untracked 
| 134|0x0000000088600000, 0x0000000088700000, 0x0000000088700000|100%| O|  |TAMS 0x0000000088700000, 0x0000000088600000| Untracked 
| 135|0x0000000088700000, 0x0000000088800000, 0x0000000088800000|100%| O|  |TAMS 0x0000000088800000, 0x0000000088700000| Untracked 
| 136|0x0000000088800000, 0x0000000088900000, 0x0000000088900000|100%| O|  |TAMS 0x0000000088900000, 0x0000000088800000| Untracked 
| 137|0x0000000088900000, 0x0000000088a00000, 0x0000000088a00000|100%| O|  |TAMS 0x0000000088a00000, 0x0000000088900000| Untracked 
| 138|0x0000000088a00000, 0x0000000088b00000, 0x0000000088b00000|100%| O|  |TAMS 0x0000000088a00000, 0x0000000088a00000| Untracked 
| 139|0x0000000088b00000, 0x0000000088c00000, 0x0000000088c00000|100%| O|  |TAMS 0x0000000088b00000, 0x0000000088b00000| Untracked 
| 140|0x0000000088c00000, 0x0000000088d00000, 0x0000000088d00000|100%| O|  |TAMS 0x0000000088d00000, 0x0000000088c00000| Untracked 
| 141|0x0000000088d00000, 0x0000000088e00000, 0x0000000088e00000|100%| O|  |TAMS 0x0000000088e00000, 0x0000000088d00000| Untracked 
| 142|0x0000000088e00000, 0x0000000088f00000, 0x0000000088f00000|100%| O|  |TAMS 0x0000000088f00000, 0x0000000088e00000| Untracked 
| 143|0x0000000088f00000, 0x0000000089000000, 0x0000000089000000|100%| O|  |TAMS 0x0000000089000000, 0x0000000088f00000| Untracked 
| 144|0x0000000089000000, 0x0000000089100000, 0x0000000089100000|100%| O|  |TAMS 0x0000000089100000, 0x0000000089000000| Untracked 
| 145|0x0000000089100000, 0x0000000089200000, 0x0000000089200000|100%| O|  |TAMS 0x0000000089200000, 0x0000000089100000| Untracked 
| 146|0x0000000089200000, 0x0000000089300000, 0x0000000089300000|100%| O|  |TAMS 0x0000000089300000, 0x0000000089200000| Untracked 
| 147|0x0000000089300000, 0x0000000089400000, 0x0000000089400000|100%| O|  |TAMS 0x0000000089400000, 0x0000000089300000| Untracked 
| 148|0x0000000089400000, 0x0000000089500000, 0x0000000089500000|100%| O|  |TAMS 0x0000000089500000, 0x0000000089400000| Untracked 
| 149|0x0000000089500000, 0x0000000089600000, 0x0000000089600000|100%| O|  |TAMS 0x0000000089600000, 0x0000000089500000| Untracked 
| 150|0x0000000089600000, 0x0000000089700000, 0x0000000089700000|100%| O|  |TAMS 0x0000000089700000, 0x0000000089600000| Untracked 
| 151|0x0000000089700000, 0x0000000089800000, 0x0000000089800000|100%| O|  |TAMS 0x0000000089800000, 0x0000000089700000| Untracked 
| 152|0x0000000089800000, 0x0000000089900000, 0x0000000089900000|100%| O|  |TAMS 0x0000000089900000, 0x0000000089800000| Untracked 
| 153|0x0000000089900000, 0x0000000089a00000, 0x0000000089a00000|100%| O|  |TAMS 0x0000000089a00000, 0x0000000089900000| Untracked 
| 154|0x0000000089a00000, 0x0000000089b00000, 0x0000000089b00000|100%| O|  |TAMS 0x0000000089b00000, 0x0000000089a00000| Untracked 
| 155|0x0000000089b00000, 0x0000000089c00000, 0x0000000089c00000|100%| O|  |TAMS 0x0000000089c00000, 0x0000000089b00000| Untracked 
| 156|0x0000000089c00000, 0x0000000089d00000, 0x0000000089d00000|100%| O|  |TAMS 0x0000000089d00000, 0x0000000089c00000| Untracked 
| 157|0x0000000089d00000, 0x0000000089e00000, 0x0000000089e00000|100%| O|  |TAMS 0x0000000089e00000, 0x0000000089d00000| Untracked 
| 158|0x0000000089e00000, 0x0000000089f00000, 0x0000000089f00000|100%| O|  |TAMS 0x0000000089f00000, 0x0000000089e00000| Untracked 
| 159|0x0000000089f00000, 0x000000008a000000, 0x000000008a000000|100%| O|  |TAMS 0x000000008a000000, 0x0000000089f00000| Untracked 
| 160|0x000000008a000000, 0x000000008a100000, 0x000000008a100000|100%| O|  |TAMS 0x000000008a100000, 0x000000008a000000| Untracked 
| 161|0x000000008a100000, 0x000000008a200000, 0x000000008a200000|100%| O|  |TAMS 0x000000008a200000, 0x000000008a100000| Untracked 
| 162|0x000000008a200000, 0x000000008a300000, 0x000000008a300000|100%| O|  |TAMS 0x000000008a300000, 0x000000008a200000| Untracked 
| 163|0x000000008a300000, 0x000000008a400000, 0x000000008a400000|100%| O|  |TAMS 0x000000008a400000, 0x000000008a300000| Untracked 
| 164|0x000000008a400000, 0x000000008a500000, 0x000000008a500000|100%| O|  |TAMS 0x000000008a500000, 0x000000008a400000| Untracked 
| 165|0x000000008a500000, 0x000000008a600000, 0x000000008a600000|100%| O|  |TAMS 0x000000008a600000, 0x000000008a500000| Untracked 
| 166|0x000000008a600000, 0x000000008a700000, 0x000000008a700000|100%| O|  |TAMS 0x000000008a700000, 0x000000008a600000| Untracked 
| 167|0x000000008a700000, 0x000000008a800000, 0x000000008a800000|100%| O|  |TAMS 0x000000008a800000, 0x000000008a700000| Untracked 
| 168|0x000000008a800000, 0x000000008a900000, 0x000000008a900000|100%| O|  |TAMS 0x000000008a900000, 0x000000008a800000| Untracked 
| 169|0x000000008a900000, 0x000000008aa00000, 0x000000008aa00000|100%| O|  |TAMS 0x000000008aa00000, 0x000000008a900000| Untracked 
| 170|0x000000008aa00000, 0x000000008ab00000, 0x000000008ab00000|100%| O|  |TAMS 0x000000008ab00000, 0x000000008aa00000| Untracked 
| 171|0x000000008ab00000, 0x000000008ac00000, 0x000000008ac00000|100%| O|  |TAMS 0x000000008ac00000, 0x000000008ab00000| Untracked 
| 172|0x000000008ac00000, 0x000000008ad00000, 0x000000008ad00000|100%| O|  |TAMS 0x000000008ad00000, 0x000000008ac00000| Untracked 
| 173|0x000000008ad00000, 0x000000008ae00000, 0x000000008ae00000|100%| O|  |TAMS 0x000000008ae00000, 0x000000008ad00000| Untracked 
| 174|0x000000008ae00000, 0x000000008af00000, 0x000000008af00000|100%| O|  |TAMS 0x000000008af00000, 0x000000008ae00000| Untracked 
| 175|0x000000008af00000, 0x000000008b000000, 0x000000008b000000|100%| O|  |TAMS 0x000000008b000000, 0x000000008af00000| Untracked 
| 176|0x000000008b000000, 0x000000008b100000, 0x000000008b100000|100%| O|  |TAMS 0x000000008b100000, 0x000000008b000000| Untracked 
| 177|0x000000008b100000, 0x000000008b200000, 0x000000008b200000|100%| O|  |TAMS 0x000000008b200000, 0x000000008b100000| Untracked 
| 178|0x000000008b200000, 0x000000008b300000, 0x000000008b300000|100%| O|  |TAMS 0x000000008b300000, 0x000000008b200000| Untracked 
| 179|0x000000008b300000, 0x000000008b400000, 0x000000008b400000|100%| O|  |TAMS 0x000000008b400000, 0x000000008b300000| Untracked 
| 180|0x000000008b400000, 0x000000008b500000, 0x000000008b500000|100%| O|  |TAMS 0x000000008b44da00, 0x000000008b400000| Untracked 
| 181|0x000000008b500000, 0x000000008b600000, 0x000000008b600000|100%| O|  |TAMS 0x000000008b500000, 0x000000008b500000| Untracked 
| 182|0x000000008b600000, 0x000000008b700000, 0x000000008b700000|100%| O|  |TAMS 0x000000008b600000, 0x000000008b600000| Untracked 
| 183|0x000000008b700000, 0x000000008b800000, 0x000000008b800000|100%| O|  |TAMS 0x000000008b700000, 0x000000008b700000| Untracked 
| 184|0x000000008b800000, 0x000000008b900000, 0x000000008b900000|100%| O|  |TAMS 0x000000008b800000, 0x000000008b800000| Untracked 
| 185|0x000000008b900000, 0x000000008ba00000, 0x000000008ba00000|100%| O|  |TAMS 0x000000008b900000, 0x000000008b900000| Untracked 
| 186|0x000000008ba00000, 0x000000008bb00000, 0x000000008bb00000|100%| O|  |TAMS 0x000000008ba00000, 0x000000008ba00000| Untracked 
| 187|0x000000008bb00000, 0x000000008bc00000, 0x000000008bc00000|100%| O|  |TAMS 0x000000008bb00000, 0x000000008bb00000| Untracked 
| 188|0x000000008bc00000, 0x000000008bd00000, 0x000000008bd00000|100%| O|  |TAMS 0x000000008bc00000, 0x000000008bc00000| Untracked 
| 189|0x000000008bd00000, 0x000000008be00000, 0x000000008be00000|100%| O|  |TAMS 0x000000008bd00000, 0x000000008bd00000| Untracked 
| 190|0x000000008be00000, 0x000000008bf00000, 0x000000008bf00000|100%| O|  |TAMS 0x000000008be00000, 0x000000008be00000| Untracked 
| 191|0x000000008bf00000, 0x000000008c000000, 0x000000008c000000|100%| O|  |TAMS 0x000000008bf00000, 0x000000008bf00000| Untracked 
| 192|0x000000008c000000, 0x000000008c100000, 0x000000008c100000|100%| O|  |TAMS 0x000000008c000000, 0x000000008c000000| Untracked 
| 193|0x000000008c100000, 0x000000008c200000, 0x000000008c200000|100%| O|  |TAMS 0x000000008c100000, 0x000000008c100000| Untracked 
| 194|0x000000008c200000, 0x000000008c300000, 0x000000008c300000|100%| O|  |TAMS 0x000000008c200000, 0x000000008c200000| Untracked 
| 195|0x000000008c300000, 0x000000008c400000, 0x000000008c400000|100%| O|  |TAMS 0x000000008c300000, 0x000000008c300000| Untracked 
| 196|0x000000008c400000, 0x000000008c500000, 0x000000008c500000|100%| O|  |TAMS 0x000000008c400000, 0x000000008c400000| Untracked 
| 197|0x000000008c500000, 0x000000008c600000, 0x000000008c600000|100%| O|  |TAMS 0x000000008c500000, 0x000000008c500000| Untracked 
| 198|0x000000008c600000, 0x000000008c700000, 0x000000008c700000|100%| O|  |TAMS 0x000000008c600000, 0x000000008c600000| Untracked 
| 199|0x000000008c700000, 0x000000008c800000, 0x000000008c800000|100%| O|  |TAMS 0x000000008c700000, 0x000000008c700000| Untracked 
| 200|0x000000008c800000, 0x000000008c900000, 0x000000008c900000|100%| O|  |TAMS 0x000000008c800000, 0x000000008c800000| Untracked 
| 201|0x000000008c900000, 0x000000008ca00000, 0x000000008ca00000|100%| O|  |TAMS 0x000000008c900000, 0x000000008c900000| Untracked 
| 202|0x000000008ca00000, 0x000000008cb00000, 0x000000008cb00000|100%| O|  |TAMS 0x000000008ca00000, 0x000000008ca00000| Untracked 
| 203|0x000000008cb00000, 0x000000008cc00000, 0x000000008cc00000|100%| O|  |TAMS 0x000000008cb00000, 0x000000008cb00000| Untracked 
| 204|0x000000008cc00000, 0x000000008cd00000, 0x000000008cd00000|100%| O|  |TAMS 0x000000008cc00000, 0x000000008cc00000| Untracked 
| 205|0x000000008cd00000, 0x000000008ce00000, 0x000000008ce00000|100%| O|  |TAMS 0x000000008cd00000, 0x000000008cd00000| Untracked 
| 206|0x000000008ce00000, 0x000000008cf00000, 0x000000008cf00000|100%| O|  |TAMS 0x000000008ce00000, 0x000000008ce00000| Untracked 
| 207|0x000000008cf00000, 0x000000008d000000, 0x000000008d000000|100%|HS|  |TAMS 0x000000008cf00000, 0x000000008cf00000| Complete 
| 208|0x000000008d000000, 0x000000008d100000, 0x000000008d100000|100%|HS|  |TAMS 0x000000008d000000, 0x000000008d000000| Complete 
| 209|0x000000008d100000, 0x000000008d200000, 0x000000008d200000|100%|HS|  |TAMS 0x000000008d100000, 0x000000008d100000| Complete 
| 210|0x000000008d200000, 0x000000008d300000, 0x000000008d300000|100%|HC|  |TAMS 0x000000008d200000, 0x000000008d200000| Complete 
| 211|0x000000008d300000, 0x000000008d400000, 0x000000008d400000|100%| O|  |TAMS 0x000000008d300000, 0x000000008d300000| Untracked 
| 212|0x000000008d400000, 0x000000008d500000, 0x000000008d500000|100%| O|  |TAMS 0x000000008d400000, 0x000000008d400000| Untracked 
| 213|0x000000008d500000, 0x000000008d600000, 0x000000008d600000|100%| O|  |TAMS 0x000000008d500000, 0x000000008d500000| Untracked 
| 214|0x000000008d600000, 0x000000008d700000, 0x000000008d700000|100%| O|  |TAMS 0x000000008d600000, 0x000000008d600000| Untracked 
| 215|0x000000008d700000, 0x000000008d800000, 0x000000008d800000|100%| O|  |TAMS 0x000000008d700000, 0x000000008d700000| Untracked 
| 216|0x000000008d800000, 0x000000008d900000, 0x000000008d900000|100%| O|  |TAMS 0x000000008d800000, 0x000000008d800000| Untracked 
| 217|0x000000008d900000, 0x000000008da00000, 0x000000008da00000|100%| O|  |TAMS 0x000000008d900000, 0x000000008d900000| Untracked 
| 218|0x000000008da00000, 0x000000008db00000, 0x000000008db00000|100%| O|  |TAMS 0x000000008da00000, 0x000000008da00000| Untracked 
| 219|0x000000008db00000, 0x000000008dc00000, 0x000000008dc00000|100%| O|  |TAMS 0x000000008db00000, 0x000000008db00000| Untracked 
| 220|0x000000008dc00000, 0x000000008dd00000, 0x000000008dd00000|100%| O|  |TAMS 0x000000008dc00000, 0x000000008dc00000| Untracked 
| 221|0x000000008dd00000, 0x000000008de00000, 0x000000008de00000|100%| O|  |TAMS 0x000000008dd00000, 0x000000008dd00000| Untracked 
| 222|0x000000008de00000, 0x000000008df00000, 0x000000008df00000|100%| O|  |TAMS 0x000000008de00000, 0x000000008de00000| Untracked 
| 223|0x000000008df00000, 0x000000008e000000, 0x000000008e000000|100%|HS|  |TAMS 0x000000008df00000, 0x000000008df00000| Complete 
| 224|0x000000008e000000, 0x000000008e100000, 0x000000008e100000|100%|HS|  |TAMS 0x000000008e000000, 0x000000008e000000| Complete 
| 225|0x000000008e100000, 0x000000008e100000, 0x000000008e200000|  0%| F|  |TAMS 0x000000008e100000, 0x000000008e100000| Untracked 
| 226|0x000000008e200000, 0x000000008e300000, 0x000000008e300000|100%| O|  |TAMS 0x000000008e200000, 0x000000008e200000| Untracked 
| 227|0x000000008e300000, 0x000000008e400000, 0x000000008e400000|100%| O|  |TAMS 0x000000008e300000, 0x000000008e300000| Untracked 
| 228|0x000000008e400000, 0x000000008e500000, 0x000000008e500000|100%| O|  |TAMS 0x000000008e400000, 0x000000008e400000| Untracked 
| 229|0x000000008e500000, 0x000000008e600000, 0x000000008e600000|100%| O|  |TAMS 0x000000008e500000, 0x000000008e500000| Untracked 
| 230|0x000000008e600000, 0x000000008e700000, 0x000000008e700000|100%| O|  |TAMS 0x000000008e600000, 0x000000008e600000| Untracked 
| 231|0x000000008e700000, 0x000000008e800000, 0x000000008e800000|100%| O|  |TAMS 0x000000008e700000, 0x000000008e700000| Untracked 
| 232|0x000000008e800000, 0x000000008e900000, 0x000000008e900000|100%| O|  |TAMS 0x000000008e800000, 0x000000008e800000| Untracked 
| 233|0x000000008e900000, 0x000000008ea00000, 0x000000008ea00000|100%| O|  |TAMS 0x000000008e900000, 0x000000008e900000| Untracked 
| 234|0x000000008ea00000, 0x000000008eb00000, 0x000000008eb00000|100%| O|  |TAMS 0x000000008ea00000, 0x000000008ea00000| Untracked 
| 235|0x000000008eb00000, 0x000000008ec00000, 0x000000008ec00000|100%| O|  |TAMS 0x000000008eb00000, 0x000000008eb00000| Untracked 
| 236|0x000000008ec00000, 0x000000008ecd0e00, 0x000000008ed00000| 81%| O|  |TAMS 0x000000008ec00000, 0x000000008ec00000| Untracked 
| 237|0x000000008ed00000, 0x000000008ed00000, 0x000000008ee00000|  0%| F|  |TAMS 0x000000008ed00000, 0x000000008ed00000| Untracked 
| 238|0x000000008ee00000, 0x000000008ee00000, 0x000000008ef00000|  0%| F|  |TAMS 0x000000008ee00000, 0x000000008ee00000| Untracked 
| 239|0x000000008ef00000, 0x000000008ef00000, 0x000000008f000000|  0%| F|  |TAMS 0x000000008ef00000, 0x000000008ef00000| Untracked 
| 240|0x000000008f000000, 0x000000008f000000, 0x000000008f100000|  0%| F|  |TAMS 0x000000008f000000, 0x000000008f000000| Untracked 
| 241|0x000000008f100000, 0x000000008f100000, 0x000000008f200000|  0%| F|  |TAMS 0x000000008f100000, 0x000000008f100000| Untracked 
| 242|0x000000008f200000, 0x000000008f200000, 0x000000008f300000|  0%| F|  |TAMS 0x000000008f200000, 0x000000008f200000| Untracked 
| 243|0x000000008f300000, 0x000000008f300000, 0x000000008f400000|  0%| F|  |TAMS 0x000000008f300000, 0x000000008f300000| Untracked 
| 244|0x000000008f400000, 0x000000008f400000, 0x000000008f500000|  0%| F|  |TAMS 0x000000008f400000, 0x000000008f400000| Untracked 
| 245|0x000000008f500000, 0x000000008f500000, 0x000000008f600000|  0%| F|  |TAMS 0x000000008f500000, 0x000000008f500000| Untracked 
| 246|0x000000008f600000, 0x000000008f600000, 0x000000008f700000|  0%| F|  |TAMS 0x000000008f600000, 0x000000008f600000| Untracked 
| 247|0x000000008f700000, 0x000000008f700000, 0x000000008f800000|  0%| F|  |TAMS 0x000000008f700000, 0x000000008f700000| Untracked 
| 248|0x000000008f800000, 0x000000008f800000, 0x000000008f900000|  0%| F|  |TAMS 0x000000008f800000, 0x000000008f800000| Untracked 
| 249|0x000000008f900000, 0x000000008f900000, 0x000000008fa00000|  0%| F|  |TAMS 0x000000008f900000, 0x000000008f900000| Untracked 
| 250|0x000000008fa00000, 0x000000008fa00000, 0x000000008fb00000|  0%| F|  |TAMS 0x000000008fa00000, 0x000000008fa00000| Untracked 
| 251|0x000000008fb00000, 0x000000008fb00000, 0x000000008fc00000|  0%| F|  |TAMS 0x000000008fb00000, 0x000000008fb00000| Untracked 
| 252|0x000000008fc00000, 0x000000008fc00000, 0x000000008fd00000|  0%| F|  |TAMS 0x000000008fc00000, 0x000000008fc00000| Untracked 
| 253|0x000000008fd00000, 0x000000008fd00000, 0x000000008fe00000|  0%| F|  |TAMS 0x000000008fd00000, 0x000000008fd00000| Untracked 
| 254|0x000000008fe00000, 0x000000008fe00000, 0x000000008ff00000|  0%| F|  |TAMS 0x000000008fe00000, 0x000000008fe00000| Untracked 
| 255|0x000000008ff00000, 0x000000008ff00000, 0x0000000090000000|  0%| F|  |TAMS 0x000000008ff00000, 0x000000008ff00000| Untracked 
| 256|0x0000000090000000, 0x0000000090000000, 0x0000000090100000|  0%| F|  |TAMS 0x0000000090000000, 0x0000000090000000| Untracked 
| 257|0x0000000090100000, 0x0000000090100000, 0x0000000090200000|  0%| F|  |TAMS 0x0000000090100000, 0x0000000090100000| Untracked 
| 258|0x0000000090200000, 0x0000000090200000, 0x0000000090300000|  0%| F|  |TAMS 0x0000000090200000, 0x0000000090200000| Untracked 
| 259|0x0000000090300000, 0x0000000090300000, 0x0000000090400000|  0%| F|  |TAMS 0x0000000090300000, 0x0000000090300000| Untracked 
| 260|0x0000000090400000, 0x0000000090400000, 0x0000000090500000|  0%| F|  |TAMS 0x0000000090400000, 0x0000000090400000| Untracked 
| 261|0x0000000090500000, 0x0000000090500000, 0x0000000090600000|  0%| F|  |TAMS 0x0000000090500000, 0x0000000090500000| Untracked 
| 262|0x0000000090600000, 0x0000000090600000, 0x0000000090700000|  0%| F|  |TAMS 0x0000000090600000, 0x0000000090600000| Untracked 
| 263|0x0000000090700000, 0x0000000090700000, 0x0000000090800000|  0%| F|  |TAMS 0x0000000090700000, 0x0000000090700000| Untracked 
| 264|0x0000000090800000, 0x0000000090800000, 0x0000000090900000|  0%| F|  |TAMS 0x0000000090800000, 0x0000000090800000| Untracked 
| 265|0x0000000090900000, 0x0000000090900000, 0x0000000090a00000|  0%| F|  |TAMS 0x0000000090900000, 0x0000000090900000| Untracked 
| 266|0x0000000090a00000, 0x0000000090a00000, 0x0000000090b00000|  0%| F|  |TAMS 0x0000000090a00000, 0x0000000090a00000| Untracked 
| 267|0x0000000090b00000, 0x0000000090b00000, 0x0000000090c00000|  0%| F|  |TAMS 0x0000000090b00000, 0x0000000090b00000| Untracked 
| 268|0x0000000090c00000, 0x0000000090c00000, 0x0000000090d00000|  0%| F|  |TAMS 0x0000000090c00000, 0x0000000090c00000| Untracked 
| 269|0x0000000090d00000, 0x0000000090d00000, 0x0000000090e00000|  0%| F|  |TAMS 0x0000000090d00000, 0x0000000090d00000| Untracked 
| 270|0x0000000090e00000, 0x0000000090e00000, 0x0000000090f00000|  0%| F|  |TAMS 0x0000000090e00000, 0x0000000090e00000| Untracked 
| 271|0x0000000090f00000, 0x0000000090f00000, 0x0000000091000000|  0%| F|  |TAMS 0x0000000090f00000, 0x0000000090f00000| Untracked 
| 272|0x0000000091000000, 0x0000000091000000, 0x0000000091100000|  0%| F|  |TAMS 0x0000000091000000, 0x0000000091000000| Untracked 
| 273|0x0000000091100000, 0x0000000091100000, 0x0000000091200000|  0%| F|  |TAMS 0x0000000091100000, 0x0000000091100000| Untracked 
| 274|0x0000000091200000, 0x0000000091200000, 0x0000000091300000|  0%| F|  |TAMS 0x0000000091200000, 0x0000000091200000| Untracked 
| 275|0x0000000091300000, 0x0000000091300000, 0x0000000091400000|  0%| F|  |TAMS 0x0000000091300000, 0x0000000091300000| Untracked 
| 276|0x0000000091400000, 0x0000000091400000, 0x0000000091500000|  0%| F|  |TAMS 0x0000000091400000, 0x0000000091400000| Untracked 
| 277|0x0000000091500000, 0x0000000091500000, 0x0000000091600000|  0%| F|  |TAMS 0x0000000091500000, 0x0000000091500000| Untracked 
| 278|0x0000000091600000, 0x0000000091600000, 0x0000000091700000|  0%| F|  |TAMS 0x0000000091600000, 0x0000000091600000| Untracked 
| 279|0x0000000091700000, 0x0000000091700000, 0x0000000091800000|  0%| F|  |TAMS 0x0000000091700000, 0x0000000091700000| Untracked 
| 280|0x0000000091800000, 0x0000000091800000, 0x0000000091900000|  0%| F|  |TAMS 0x0000000091800000, 0x0000000091800000| Untracked 
| 281|0x0000000091900000, 0x0000000091900000, 0x0000000091a00000|  0%| F|  |TAMS 0x0000000091900000, 0x0000000091900000| Untracked 
| 282|0x0000000091a00000, 0x0000000091a00000, 0x0000000091b00000|  0%| F|  |TAMS 0x0000000091a00000, 0x0000000091a00000| Untracked 
| 283|0x0000000091b00000, 0x0000000091b00000, 0x0000000091c00000|  0%| F|  |TAMS 0x0000000091b00000, 0x0000000091b00000| Untracked 
| 284|0x0000000091c00000, 0x0000000091c00000, 0x0000000091d00000|  0%| F|  |TAMS 0x0000000091c00000, 0x0000000091c00000| Untracked 
| 285|0x0000000091d00000, 0x0000000091d00000, 0x0000000091e00000|  0%| F|  |TAMS 0x0000000091d00000, 0x0000000091d00000| Untracked 
| 286|0x0000000091e00000, 0x0000000091e00000, 0x0000000091f00000|  0%| F|  |TAMS 0x0000000091e00000, 0x0000000091e00000| Untracked 
| 287|0x0000000091f00000, 0x0000000091f00000, 0x0000000092000000|  0%| F|  |TAMS 0x0000000091f00000, 0x0000000091f00000| Untracked 
| 288|0x0000000092000000, 0x0000000092000000, 0x0000000092100000|  0%| F|  |TAMS 0x0000000092000000, 0x0000000092000000| Untracked 
| 289|0x0000000092100000, 0x0000000092200000, 0x0000000092200000|100%| S|CS|TAMS 0x0000000092100000, 0x0000000092100000| Complete 
| 290|0x0000000092200000, 0x0000000092300000, 0x0000000092300000|100%| S|CS|TAMS 0x0000000092200000, 0x0000000092200000| Complete 
| 291|0x0000000092300000, 0x0000000092400000, 0x0000000092400000|100%| S|CS|TAMS 0x0000000092300000, 0x0000000092300000| Complete 
| 292|0x0000000092400000, 0x0000000092500000, 0x0000000092500000|100%| S|CS|TAMS 0x0000000092400000, 0x0000000092400000| Complete 
| 293|0x0000000092500000, 0x0000000092600000, 0x0000000092600000|100%| S|CS|TAMS 0x0000000092500000, 0x0000000092500000| Complete 
| 294|0x0000000092600000, 0x0000000092700000, 0x0000000092700000|100%| S|CS|TAMS 0x0000000092600000, 0x0000000092600000| Complete 
| 295|0x0000000092700000, 0x0000000092800000, 0x0000000092800000|100%| S|CS|TAMS 0x0000000092700000, 0x0000000092700000| Complete 
| 296|0x0000000092800000, 0x0000000092900000, 0x0000000092900000|100%| S|CS|TAMS 0x0000000092800000, 0x0000000092800000| Complete 
| 297|0x0000000092900000, 0x0000000092900000, 0x0000000092a00000|  0%| F|  |TAMS 0x0000000092900000, 0x0000000092900000| Untracked 
| 298|0x0000000092a00000, 0x0000000092a00000, 0x0000000092b00000|  0%| F|  |TAMS 0x0000000092a00000, 0x0000000092a00000| Untracked 
| 299|0x0000000092b00000, 0x0000000092b00000, 0x0000000092c00000|  0%| F|  |TAMS 0x0000000092b00000, 0x0000000092b00000| Untracked 
| 300|0x0000000092c00000, 0x0000000092c00000, 0x0000000092d00000|  0%| F|  |TAMS 0x0000000092c00000, 0x0000000092c00000| Untracked 
| 301|0x0000000092d00000, 0x0000000092d00000, 0x0000000092e00000|  0%| F|  |TAMS 0x0000000092d00000, 0x0000000092d00000| Untracked 
| 302|0x0000000092e00000, 0x0000000092e00000, 0x0000000092f00000|  0%| F|  |TAMS 0x0000000092e00000, 0x0000000092e00000| Untracked 
| 303|0x0000000092f00000, 0x0000000092f00000, 0x0000000093000000|  0%| F|  |TAMS 0x0000000092f00000, 0x0000000092f00000| Untracked 
| 304|0x0000000093000000, 0x0000000093000000, 0x0000000093100000|  0%| F|  |TAMS 0x0000000093000000, 0x0000000093000000| Untracked 
| 305|0x0000000093100000, 0x0000000093100000, 0x0000000093200000|  0%| F|  |TAMS 0x0000000093100000, 0x0000000093100000| Untracked 
| 306|0x0000000093200000, 0x0000000093200000, 0x0000000093300000|  0%| F|  |TAMS 0x0000000093200000, 0x0000000093200000| Untracked 
| 307|0x0000000093300000, 0x0000000093300000, 0x0000000093400000|  0%| F|  |TAMS 0x0000000093300000, 0x0000000093300000| Untracked 
| 308|0x0000000093400000, 0x0000000093400000, 0x0000000093500000|  0%| F|  |TAMS 0x0000000093400000, 0x0000000093400000| Untracked 
| 309|0x0000000093500000, 0x0000000093500000, 0x0000000093600000|  0%| F|  |TAMS 0x0000000093500000, 0x0000000093500000| Untracked 
| 310|0x0000000093600000, 0x0000000093600000, 0x0000000093700000|  0%| F|  |TAMS 0x0000000093600000, 0x0000000093600000| Untracked 
| 311|0x0000000093700000, 0x0000000093700000, 0x0000000093800000|  0%| F|  |TAMS 0x0000000093700000, 0x0000000093700000| Untracked 
| 312|0x0000000093800000, 0x0000000093800000, 0x0000000093900000|  0%| F|  |TAMS 0x0000000093800000, 0x0000000093800000| Untracked 
| 313|0x0000000093900000, 0x0000000093900000, 0x0000000093a00000|  0%| F|  |TAMS 0x0000000093900000, 0x0000000093900000| Untracked 
| 314|0x0000000093a00000, 0x0000000093a00000, 0x0000000093b00000|  0%| F|  |TAMS 0x0000000093a00000, 0x0000000093a00000| Untracked 
| 315|0x0000000093b00000, 0x0000000093b00000, 0x0000000093c00000|  0%| F|  |TAMS 0x0000000093b00000, 0x0000000093b00000| Untracked 
| 316|0x0000000093c00000, 0x0000000093c00000, 0x0000000093d00000|  0%| F|  |TAMS 0x0000000093c00000, 0x0000000093c00000| Untracked 
| 317|0x0000000093d00000, 0x0000000093d00000, 0x0000000093e00000|  0%| F|  |TAMS 0x0000000093d00000, 0x0000000093d00000| Untracked 
| 318|0x0000000093e00000, 0x0000000093e00000, 0x0000000093f00000|  0%| F|  |TAMS 0x0000000093e00000, 0x0000000093e00000| Untracked 
| 319|0x0000000093f00000, 0x0000000093f00000, 0x0000000094000000|  0%| F|  |TAMS 0x0000000093f00000, 0x0000000093f00000| Untracked 
| 320|0x0000000094000000, 0x0000000094000000, 0x0000000094100000|  0%| F|  |TAMS 0x0000000094000000, 0x0000000094000000| Untracked 
| 321|0x0000000094100000, 0x0000000094100000, 0x0000000094200000|  0%| F|  |TAMS 0x0000000094100000, 0x0000000094100000| Untracked 
| 322|0x0000000094200000, 0x0000000094200000, 0x0000000094300000|  0%| F|  |TAMS 0x0000000094200000, 0x0000000094200000| Untracked 
| 323|0x0000000094300000, 0x0000000094300000, 0x0000000094400000|  0%| F|  |TAMS 0x0000000094300000, 0x0000000094300000| Untracked 
| 324|0x0000000094400000, 0x0000000094400000, 0x0000000094500000|  0%| F|  |TAMS 0x0000000094400000, 0x0000000094400000| Untracked 
| 325|0x0000000094500000, 0x0000000094500000, 0x0000000094600000|  0%| F|  |TAMS 0x0000000094500000, 0x0000000094500000| Untracked 
| 326|0x0000000094600000, 0x0000000094600000, 0x0000000094700000|  0%| F|  |TAMS 0x0000000094600000, 0x0000000094600000| Untracked 
| 327|0x0000000094700000, 0x0000000094700000, 0x0000000094800000|  0%| F|  |TAMS 0x0000000094700000, 0x0000000094700000| Untracked 
| 328|0x0000000094800000, 0x0000000094800000, 0x0000000094900000|  0%| F|  |TAMS 0x0000000094800000, 0x0000000094800000| Untracked 
| 329|0x0000000094900000, 0x0000000094900000, 0x0000000094a00000|  0%| F|  |TAMS 0x0000000094900000, 0x0000000094900000| Untracked 
| 330|0x0000000094a00000, 0x0000000094a00000, 0x0000000094b00000|  0%| F|  |TAMS 0x0000000094a00000, 0x0000000094a00000| Untracked 
| 331|0x0000000094b00000, 0x0000000094b00000, 0x0000000094c00000|  0%| F|  |TAMS 0x0000000094b00000, 0x0000000094b00000| Untracked 
| 332|0x0000000094c00000, 0x0000000094c00000, 0x0000000094d00000|  0%| F|  |TAMS 0x0000000094c00000, 0x0000000094c00000| Untracked 
| 333|0x0000000094d00000, 0x0000000094d00000, 0x0000000094e00000|  0%| F|  |TAMS 0x0000000094d00000, 0x0000000094d00000| Untracked 
| 334|0x0000000094e00000, 0x0000000094e00000, 0x0000000094f00000|  0%| F|  |TAMS 0x0000000094e00000, 0x0000000094e00000| Untracked 
| 335|0x0000000094f00000, 0x0000000094f00000, 0x0000000095000000|  0%| F|  |TAMS 0x0000000094f00000, 0x0000000094f00000| Untracked 
| 336|0x0000000095000000, 0x0000000095000000, 0x0000000095100000|  0%| F|  |TAMS 0x0000000095000000, 0x0000000095000000| Untracked 
| 337|0x0000000095100000, 0x0000000095100000, 0x0000000095200000|  0%| F|  |TAMS 0x0000000095100000, 0x0000000095100000| Untracked 
| 338|0x0000000095200000, 0x0000000095200000, 0x0000000095300000|  0%| F|  |TAMS 0x0000000095200000, 0x0000000095200000| Untracked 
| 339|0x0000000095300000, 0x0000000095300000, 0x0000000095400000|  0%| F|  |TAMS 0x0000000095300000, 0x0000000095300000| Untracked 
| 340|0x0000000095400000, 0x0000000095400000, 0x0000000095500000|  0%| F|  |TAMS 0x0000000095400000, 0x0000000095400000| Untracked 
| 341|0x0000000095500000, 0x0000000095500000, 0x0000000095600000|  0%| F|  |TAMS 0x0000000095500000, 0x0000000095500000| Untracked 
| 342|0x0000000095600000, 0x0000000095600000, 0x0000000095700000|  0%| F|  |TAMS 0x0000000095600000, 0x0000000095600000| Untracked 
| 343|0x0000000095700000, 0x0000000095700000, 0x0000000095800000|  0%| F|  |TAMS 0x0000000095700000, 0x0000000095700000| Untracked 
| 344|0x0000000095800000, 0x0000000095800000, 0x0000000095900000|  0%| F|  |TAMS 0x0000000095800000, 0x0000000095800000| Untracked 
| 345|0x0000000095900000, 0x0000000095900000, 0x0000000095a00000|  0%| F|  |TAMS 0x0000000095900000, 0x0000000095900000| Untracked 
| 346|0x0000000095a00000, 0x0000000095a00000, 0x0000000095b00000|  0%| F|  |TAMS 0x0000000095a00000, 0x0000000095a00000| Untracked 

Card table byte_map: [0x000001d465df0000,0x000001d4661f0000] _byte_map_base: 0x000001d4659f0000

Marking Bits (Prev, Next): (CMBitMap*) 0x000001d44ec0c3a0, (CMBitMap*) 0x000001d44ec0c360
 Prev Bits: [0x000001d4685f0000, 0x000001d46a5f0000)
 Next Bits: [0x000001d4665f0000, 0x000001d4685f0000)

Polling page: 0x000001d44cd40000

Metaspace:

Usage:
  Non-class:     89.87 MB used.
      Class:     14.81 MB used.
       Both:    104.69 MB used.

Virtual space:
  Non-class space:      128.00 MB reserved,      90.75 MB ( 71%) committed,  2 nodes.
      Class space:      416.00 MB reserved,      15.62 MB (  4%) committed,  1 nodes.
             Both:      544.00 MB reserved,     106.38 MB ( 20%) committed. 

Chunk freelists:
   Non-Class:  4.70 MB
       Class:  422.00 KB
        Both:  5.12 MB

MaxMetaspaceSize: 512.00 MB
CompressedClassSpaceSize: 416.00 MB
Initial GC threshold: 21.00 MB
Current GC threshold: 169.62 MB
CDS: on
MetaspaceReclaimPolicy: balanced
 - commit_granule_bytes: 65536.
 - commit_granule_words: 8192.
 - virtual_space_node_default_size: 8388608.
 - enlarge_chunks_in_place: 1.
 - new_chunks_are_fully_committed: 0.
 - uncommit_free_chunks: 1.
 - use_allocation_guard: 0.
 - handle_deallocations: 1.


Internal statistics:

num_allocs_failed_limit: 9.
num_arena_births: 1994.
num_arena_deaths: 6.
num_vsnodes_births: 3.
num_vsnodes_deaths: 0.
num_space_committed: 1702.
num_space_uncommitted: 0.
num_chunks_returned_to_freelist: 18.
num_chunks_taken_from_freelist: 7214.
num_chunk_merges: 9.
num_chunk_splits: 4478.
num_chunks_enlarged: 2585.
num_inconsistent_stats: 0.

CodeHeap 'non-profiled nmethods': size=120000Kb used=7952Kb max_used=7952Kb free=112047Kb
 bounds [0x000001d45e180000, 0x000001d45e950000, 0x000001d4656b0000]
CodeHeap 'profiled nmethods': size=120000Kb used=26530Kb max_used=27099Kb free=93469Kb
 bounds [0x000001d4566b0000, 0x000001d458130000, 0x000001d45dbe0000]
CodeHeap 'non-nmethods': size=5760Kb used=2416Kb max_used=2497Kb free=3343Kb
 bounds [0x000001d45dbe0000, 0x000001d45de60000, 0x000001d45e180000]
 total_blobs=14873 nmethods=13927 adapters=855
 compilation: enabled
              stopped_count=0, restarted_count=0
 full_count=0

Compilation events (20 events):
Event: 109.595 Thread 0x000001d46d023950 16647       3       org.gradle.api.internal.artifacts.publish.DecoratingPublishArtifact_Decorated::setType (12 bytes)
Event: 109.596 Thread 0x000001d46d023950 nmethod 16647 0x000001d457b9ac10 code [0x000001d457b9ada0, 0x000001d457b9af18]
Event: 109.596 Thread 0x000001d46d023950 16648       3       java.util.Collections$SingletonSet::iterator (8 bytes)
Event: 109.596 Thread 0x000001d46d023950 nmethod 16648 0x000001d45692e490 code [0x000001d45692e640, 0x000001d45692e918]
Event: 109.626 Thread 0x000001d46d0227f0 nmethod 16634 0x000001d45e940e90 code [0x000001d45e941120, 0x000001d45e941e68]
Event: 109.627 Thread 0x000001d46d0227f0 16644   !   4       org.gradle.api.internal.DynamicPropertyNamer::determineName (107 bytes)
Event: 109.630 Thread 0x000001d46d0227f0 nmethod 16644 0x000001d45e942c10 code [0x000001d45e942da0, 0x000001d45e942ff8]
Event: 109.630 Thread 0x000001d46d0227f0 16635       4       org.gradle.api.internal.file.DefaultFilePropertyFactory::newDirectoryProperty (20 bytes)
Event: 109.645 Thread 0x000001d46d0227f0 nmethod 16635 0x000001d45e943190 code [0x000001d45e943340, 0x000001d45e943b58]
Event: 109.645 Thread 0x000001d46d0227f0 16642       4       org.gradle.internal.service.DefaultServiceRegistry::serviceRequested (42 bytes)
Event: 109.647 Thread 0x000001d46d023950 16650       2       org.gradle.internal.instantiation.generator.AbstractClassGenerator$LazyGroovySupportTypePropertyHandler::visitProperty (43 bytes)
Event: 109.648 Thread 0x000001d46d0227f0 nmethod 16642 0x000001d45e943d90 code [0x000001d45e943f20, 0x000001d45e9440d8]
Event: 109.648 Thread 0x000001d46d0227f0 16641       4       com.android.build.gradle.options.ProjectOptions$OptionValue$$Lambda$1994/0x000001d401aff498::call (12 bytes)
Event: 109.649 Thread 0x000001d46d023950 nmethod 16650 0x000001d45720fa90 code [0x000001d45720fca0, 0x000001d457210048]
Event: 109.683 Thread 0x000001d46d023950 16653   !   3       org.gradle.util.internal.GUtil::uncheckedCall (13 bytes)
Event: 109.684 Thread 0x000001d46d023950 nmethod 16653 0x000001d45720f510 code [0x000001d45720f6c0, 0x000001d45720f938]
Event: 109.688 Thread 0x000001d46d023950 16654   !   3       jdk.proxy1.$Proxy77::annotationType (29 bytes)
Event: 109.689 Thread 0x000001d46d023950 nmethod 16654 0x000001d45720ed90 code [0x000001d45720ef60, 0x000001d45720f358]
Event: 109.757 Thread 0x000001d46d023950 16659   !   3       jdk.proxy1.$Proxy55::annotationType (29 bytes)
Event: 109.758 Thread 0x000001d46d023950 nmethod 16659 0x000001d4573e7510 code [0x000001d4573e76e0, 0x000001d4573e7ad8]

GC Heap History (20 events):
Event: 99.240 GC heap after
{Heap after GC invocations=59 (full 0):
 garbage-first heap   total 229376K, used 174668K [0x0000000080000000, 0x0000000100000000)
  region size 1024K, 4 young (4096K), 4 survivors (4096K)
 Metaspace       used 101760K, committed 102976K, reserved 557056K
  class space    used 14468K, committed 15040K, reserved 425984K
}
Event: 99.673 GC heap before
{Heap before GC invocations=59 (full 0):
 garbage-first heap   total 229376K, used 194124K [0x0000000080000000, 0x0000000100000000)
  region size 1024K, 23 young (23552K), 4 survivors (4096K)
 Metaspace       used 101987K, committed 103232K, reserved 557056K
  class space    used 14489K, committed 15040K, reserved 425984K
}
Event: 99.688 GC heap after
{Heap after GC invocations=60 (full 0):
 garbage-first heap   total 229376K, used 178904K [0x0000000080000000, 0x0000000100000000)
  region size 1024K, 3 young (3072K), 3 survivors (3072K)
 Metaspace       used 101987K, committed 103232K, reserved 557056K
  class space    used 14489K, committed 15040K, reserved 425984K
}
Event: 100.175 GC heap before
{Heap before GC invocations=60 (full 0):
 garbage-first heap   total 229376K, used 195288K [0x0000000080000000, 0x0000000100000000)
  region size 1024K, 19 young (19456K), 3 survivors (3072K)
 Metaspace       used 102166K, committed 103488K, reserved 557056K
  class space    used 14513K, committed 15104K, reserved 425984K
}
Event: 100.190 GC heap after
{Heap after GC invocations=61 (full 0):
 garbage-first heap   total 229376K, used 183026K [0x0000000080000000, 0x0000000100000000)
  region size 1024K, 3 young (3072K), 3 survivors (3072K)
 Metaspace       used 102166K, committed 103488K, reserved 557056K
  class space    used 14513K, committed 15104K, reserved 425984K
}
Event: 100.504 GC heap before
{Heap before GC invocations=61 (full 0):
 garbage-first heap   total 229376K, used 196338K [0x0000000080000000, 0x0000000100000000)
  region size 1024K, 16 young (16384K), 3 survivors (3072K)
 Metaspace       used 102320K, committed 103680K, reserved 557056K
  class space    used 14536K, committed 15168K, reserved 425984K
}
Event: 100.514 GC heap after
{Heap after GC invocations=62 (full 0):
 garbage-first heap   total 275456K, used 186678K [0x0000000080000000, 0x0000000100000000)
  region size 1024K, 2 young (2048K), 2 survivors (2048K)
 Metaspace       used 102320K, committed 103680K, reserved 557056K
  class space    used 14536K, committed 15168K, reserved 425984K
}
Event: 100.971 GC heap before
{Heap before GC invocations=62 (full 0):
 garbage-first heap   total 275456K, used 208182K [0x0000000080000000, 0x0000000100000000)
  region size 1024K, 24 young (24576K), 2 survivors (2048K)
 Metaspace       used 102571K, committed 103936K, reserved 557056K
  class space    used 14570K, committed 15168K, reserved 425984K
}
Event: 100.995 GC heap after
{Heap after GC invocations=63 (full 0):
 garbage-first heap   total 275456K, used 192114K [0x0000000080000000, 0x0000000100000000)
  region size 1024K, 5 young (5120K), 5 survivors (5120K)
 Metaspace       used 102571K, committed 103936K, reserved 557056K
  class space    used 14570K, committed 15168K, reserved 425984K
}
Event: 101.824 GC heap before
{Heap before GC invocations=64 (full 0):
 garbage-first heap   total 355328K, used 220786K [0x0000000080000000, 0x0000000100000000)
  region size 1024K, 33 young (33792K), 5 survivors (5120K)
 Metaspace       used 102836K, committed 104320K, reserved 557056K
  class space    used 14612K, committed 15296K, reserved 425984K
}
Event: 101.918 GC heap after
{Heap after GC invocations=65 (full 0):
 garbage-first heap   total 355328K, used 198656K [0x0000000080000000, 0x0000000100000000)
  region size 1024K, 5 young (5120K), 5 survivors (5120K)
 Metaspace       used 102836K, committed 104320K, reserved 557056K
  class space    used 14612K, committed 15296K, reserved 425984K
}
Event: 102.229 GC heap before
{Heap before GC invocations=65 (full 0):
 garbage-first heap   total 355328K, used 210944K [0x0000000080000000, 0x0000000100000000)
  region size 1024K, 17 young (17408K), 5 survivors (5120K)
 Metaspace       used 102904K, committed 104384K, reserved 557056K
  class space    used 14620K, committed 15296K, reserved 425984K
}
Event: 102.254 GC heap after
{Heap after GC invocations=66 (full 0):
 garbage-first heap   total 355328K, used 198036K [0x0000000080000000, 0x0000000100000000)
  region size 1024K, 3 young (3072K), 3 survivors (3072K)
 Metaspace       used 102904K, committed 104384K, reserved 557056K
  class space    used 14620K, committed 15296K, reserved 425984K
}
Event: 104.482 GC heap before
{Heap before GC invocations=66 (full 0):
 garbage-first heap   total 355328K, used 271764K [0x0000000080000000, 0x0000000100000000)
  region size 1024K, 75 young (76800K), 3 survivors (3072K)
 Metaspace       used 104668K, committed 106240K, reserved 557056K
  class space    used 14839K, committed 15552K, reserved 425984K
}
Event: 104.507 GC heap after
{Heap after GC invocations=67 (full 0):
 garbage-first heap   total 355328K, used 210511K [0x0000000080000000, 0x0000000100000000)
  region size 1024K, 10 young (10240K), 10 survivors (10240K)
 Metaspace       used 104668K, committed 106240K, reserved 557056K
  class space    used 14839K, committed 15552K, reserved 425984K
}
Event: 106.681 GC heap before
{Heap before GC invocations=67 (full 0):
 garbage-first heap   total 355328K, used 277071K [0x0000000080000000, 0x0000000100000000)
  region size 1024K, 76 young (77824K), 10 survivors (10240K)
 Metaspace       used 105438K, committed 107072K, reserved 557056K
  class space    used 14928K, committed 15680K, reserved 425984K
}
Event: 106.720 GC heap after
{Heap after GC invocations=68 (full 0):
 garbage-first heap   total 355328K, used 221428K [0x0000000080000000, 0x0000000100000000)
  region size 1024K, 10 young (10240K), 10 survivors (10240K)
 Metaspace       used 105438K, committed 107072K, reserved 557056K
  class space    used 14928K, committed 15680K, reserved 425984K
}
Event: 108.144 GC heap before
{Heap before GC invocations=68 (full 0):
 garbage-first heap   total 355328K, used 286964K [0x0000000080000000, 0x0000000100000000)
  region size 1024K, 71 young (72704K), 10 survivors (10240K)
 Metaspace       used 105872K, committed 107520K, reserved 557056K
  class space    used 14974K, committed 15744K, reserved 425984K
}
Event: 108.188 GC heap after
{Heap after GC invocations=69 (full 0):
 garbage-first heap   total 355328K, used 237460K [0x0000000080000000, 0x0000000100000000)
  region size 1024K, 9 young (9216K), 9 survivors (9216K)
 Metaspace       used 105872K, committed 107520K, reserved 557056K
  class space    used 14974K, committed 15744K, reserved 425984K
}
Event: 109.767 GC heap before
{Heap before GC invocations=69 (full 0):
 garbage-first heap   total 355328K, used 290708K [0x0000000080000000, 0x0000000100000000)
  region size 1024K, 59 young (60416K), 9 survivors (9216K)
 Metaspace       used 107199K, committed 108928K, reserved 557056K
  class space    used 15169K, committed 16000K, reserved 425984K
}

Dll operation events (14 events):
Event: 0.008 Loaded shared library C:\Program Files\Microsoft\jdk-17.0.8.7-hotspot\bin\java.dll
Event: 0.023 Loaded shared library C:\Program Files\Microsoft\jdk-17.0.8.7-hotspot\bin\jsvml.dll
Event: 0.081 Loaded shared library C:\Program Files\Microsoft\jdk-17.0.8.7-hotspot\bin\zip.dll
Event: 0.088 Loaded shared library C:\Program Files\Microsoft\jdk-17.0.8.7-hotspot\bin\instrument.dll
Event: 0.095 Loaded shared library C:\Program Files\Microsoft\jdk-17.0.8.7-hotspot\bin\net.dll
Event: 0.097 Loaded shared library C:\Program Files\Microsoft\jdk-17.0.8.7-hotspot\bin\nio.dll
Event: 0.103 Loaded shared library C:\Program Files\Microsoft\jdk-17.0.8.7-hotspot\bin\zip.dll
Event: 0.364 Loaded shared library C:\Program Files\Microsoft\jdk-17.0.8.7-hotspot\bin\jimage.dll
Event: 0.446 Loaded shared library C:\Program Files\Microsoft\jdk-17.0.8.7-hotspot\bin\verify.dll
Event: 0.636 Loaded shared library C:\Users\Barjinder Goyal\.gradle\native\c067742578af261105cb4f569cf0c3c89f3d7b1fecec35dd04571415982c5e48\windows-amd64\native-platform.dll
Event: 0.652 Loaded shared library C:\Users\Barjinder Goyal\.gradle\native\38dada09dfb8b06ba9b0570ebf7e218e3eb74d4ef43ca46872605cf95ebc2f47\windows-amd64\native-platform-file-events.dll
Event: 2.427 Loaded shared library C:\Program Files\Microsoft\jdk-17.0.8.7-hotspot\bin\management.dll
Event: 2.435 Loaded shared library C:\Program Files\Microsoft\jdk-17.0.8.7-hotspot\bin\management_ext.dll
Event: 4.184 Loaded shared library C:\Program Files\Microsoft\jdk-17.0.8.7-hotspot\bin\sunmscapi.dll

Deoptimization events (20 events):
Event: 109.578 Thread 0x000001d4730d2300 Uncommon trap: trap_request=0xfffffff4 fr.pc=0x000001d45e93f300 relative=0x00000000000009c0
Event: 109.578 Thread 0x000001d4730d2300 Uncommon trap: reason=null_check action=make_not_entrant pc=0x000001d45e93f300 method=org.gradle.internal.instantiation.generator.AbstractClassGenerator.isPropertyType(Ljava/lang/Class;)Z @ 3 c2
Event: 109.578 Thread 0x000001d4730d2300 DEOPT PACKING pc=0x000001d45e93f300 sp=0x000000a2186f8670
Event: 109.579 Thread 0x000001d4730d2300 DEOPT UNPACKING pc=0x000001d45dc369a3 sp=0x000000a2186f8528 mode 2
Event: 109.599 Thread 0x000001d4730d2300 Uncommon trap: trap_request=0xffffffc6 fr.pc=0x000001d45e7d082c relative=0x000000000000310c
Event: 109.599 Thread 0x000001d4730d2300 Uncommon trap: reason=bimorphic_or_optimized_type_check action=maybe_recompile pc=0x000001d45e7d082c method=org.gradle.internal.ImmutableActionSet.add(Lorg/gradle/api/Action;)Lorg/gradle/internal/ImmutableActionSet; @ 83 c2
Event: 109.599 Thread 0x000001d4730d2300 DEOPT PACKING pc=0x000001d45e7d082c sp=0x000000a2186f75b0
Event: 109.599 Thread 0x000001d4730d2300 DEOPT UNPACKING pc=0x000001d45dc369a3 sp=0x000000a2186f7580 mode 2
Event: 109.615 Thread 0x000001d4730d2300 Uncommon trap: trap_request=0xffffffc6 fr.pc=0x000001d45e7d082c relative=0x000000000000310c
Event: 109.615 Thread 0x000001d4730d2300 Uncommon trap: reason=bimorphic_or_optimized_type_check action=maybe_recompile pc=0x000001d45e7d082c method=org.gradle.internal.ImmutableActionSet.add(Lorg/gradle/api/Action;)Lorg/gradle/internal/ImmutableActionSet; @ 83 c2
Event: 109.615 Thread 0x000001d4730d2300 DEOPT PACKING pc=0x000001d45e7d082c sp=0x000000a2186f75b0
Event: 109.616 Thread 0x000001d4730d2300 DEOPT UNPACKING pc=0x000001d45dc369a3 sp=0x000000a2186f7580 mode 2
Event: 109.657 Thread 0x000001d4730d2300 Uncommon trap: trap_request=0xffffffc6 fr.pc=0x000001d45e7d082c relative=0x000000000000310c
Event: 109.657 Thread 0x000001d4730d2300 Uncommon trap: reason=bimorphic_or_optimized_type_check action=maybe_recompile pc=0x000001d45e7d082c method=org.gradle.internal.ImmutableActionSet.add(Lorg/gradle/api/Action;)Lorg/gradle/internal/ImmutableActionSet; @ 83 c2
Event: 109.657 Thread 0x000001d4730d2300 DEOPT PACKING pc=0x000001d45e7d082c sp=0x000000a2186f75b0
Event: 109.657 Thread 0x000001d4730d2300 DEOPT UNPACKING pc=0x000001d45dc369a3 sp=0x000000a2186f7580 mode 2
Event: 109.683 Thread 0x000001d4730d2300 Uncommon trap: trap_request=0xffffffc6 fr.pc=0x000001d45e7d082c relative=0x000000000000310c
Event: 109.683 Thread 0x000001d4730d2300 Uncommon trap: reason=bimorphic_or_optimized_type_check action=maybe_recompile pc=0x000001d45e7d082c method=org.gradle.internal.ImmutableActionSet.add(Lorg/gradle/api/Action;)Lorg/gradle/internal/ImmutableActionSet; @ 83 c2
Event: 109.683 Thread 0x000001d4730d2300 DEOPT PACKING pc=0x000001d45e7d082c sp=0x000000a2186f75b0
Event: 109.683 Thread 0x000001d4730d2300 DEOPT UNPACKING pc=0x000001d45dc369a3 sp=0x000000a2186f7580 mode 2

Classes unloaded (3 events):
Event: 101.448 Thread 0x000001d46cffe2d0 Unloading class 0x000001d401aa0400 'java/lang/invoke/LambdaForm$DMH+0x000001d401aa0400'
Event: 101.448 Thread 0x000001d46cffe2d0 Unloading class 0x000001d401a8c400 'java/lang/invoke/LambdaForm$DMH+0x000001d401a8c400'
Event: 101.448 Thread 0x000001d46cffe2d0 Unloading class 0x000001d401a80400 'java/lang/invoke/LambdaForm$DMH+0x000001d401a80400'

Classes redefined (0 events):
No events

Internal exceptions (20 events):
Event: 108.886 Thread 0x000001d4730d2300 Exception <a 'java/lang/ClassNotFoundException'{0x00000000942e1900}: build_3x16i21d95ag3swcoac1z9g71$_run_closure4$_closure43BeanInfo> (0x00000000942e1900) 
thrown [s\src\hotspot\share\classfile\systemDictionary.cpp, line 256]
Event: 108.888 Thread 0x000001d4730d2300 Exception <a 'java/lang/ClassNotFoundException'{0x00000000942f2408}: build_3x16i21d95ag3swcoac1z9g71$_run_closure4$_closure43Customizer> (0x00000000942f2408) 
thrown [s\src\hotspot\share\classfile\systemDictionary.cpp, line 256]
Event: 108.892 Thread 0x000001d4730d2300 Implicit null exception at 0x000001d45e342ea0 to 0x000001d45e345b0c
Event: 108.906 Thread 0x000001d4730d2300 Exception <a 'java/lang/ClassNotFoundException'{0x00000000941598d8}: org/apache/tools/ant/taskdefs/condition/OsBeanInfo> (0x00000000941598d8) 
thrown [s\src\hotspot\share\classfile\systemDictionary.cpp, line 256]
Event: 108.911 Thread 0x000001d4730d2300 Exception <a 'java/lang/ClassNotFoundException'{0x0000000094195d38}: org/apache/tools/ant/taskdefs/condition/OsCustomizer> (0x0000000094195d38) 
thrown [s\src\hotspot\share\classfile\systemDictionary.cpp, line 256]
Event: 108.965 Thread 0x000001d4730d2300 Exception <a 'java/lang/ClassNotFoundException'{0x00000000940b6bc0}: org/gradle/internal/DefaultTaskExecutionRequestBeanInfo> (0x00000000940b6bc0) 
thrown [s\src\hotspot\share\classfile\systemDictionary.cpp, line 256]
Event: 108.967 Thread 0x000001d4730d2300 Exception <a 'java/lang/ClassNotFoundException'{0x00000000940d3a00}: org/gradle/internal/DefaultTaskExecutionRequestCustomizer> (0x00000000940d3a00) 
thrown [s\src\hotspot\share\classfile\systemDictionary.cpp, line 256]
Event: 109.166 Thread 0x000001d4730d2300 Exception <a 'java/lang/ClassNotFoundException'{0x0000000093dd7630}: org/gradle/api/tasks/compile/JavaCompile_DecoratedBeanInfo> (0x0000000093dd7630) 
thrown [s\src\hotspot\share\classfile\systemDictionary.cpp, line 256]
Event: 109.167 Thread 0x000001d4730d2300 Exception <a 'java/lang/ClassNotFoundException'{0x0000000093de8190}: org/gradle/api/tasks/compile/JavaCompileBeanInfo> (0x0000000093de8190) 
thrown [s\src\hotspot\share\classfile\systemDictionary.cpp, line 256]
Event: 109.168 Thread 0x000001d4730d2300 Exception <a 'java/lang/ClassNotFoundException'{0x0000000093df8d68}: org/gradle/api/tasks/compile/AbstractCompileBeanInfo> (0x0000000093df8d68) 
thrown [s\src\hotspot\share\classfile\systemDictionary.cpp, line 256]
Event: 109.169 Thread 0x000001d4730d2300 Exception <a 'java/lang/ClassNotFoundException'{0x0000000093c06f98}: org/gradle/api/tasks/SourceTaskBeanInfo> (0x0000000093c06f98) 
thrown [s\src\hotspot\share\classfile\systemDictionary.cpp, line 256]
Event: 109.170 Thread 0x000001d4730d2300 Exception <a 'java/lang/ClassNotFoundException'{0x0000000093c14cd0}: org/gradle/api/tasks/SourceTaskCustomizer> (0x0000000093c14cd0) 
thrown [s\src\hotspot\share\classfile\systemDictionary.cpp, line 256]
Event: 109.174 Thread 0x000001d4730d2300 Exception <a 'java/lang/ClassNotFoundException'{0x0000000093c49640}: org/gradle/api/tasks/compile/AbstractCompileCustomizer> (0x0000000093c49640) 
thrown [s\src\hotspot\share\classfile\systemDictionary.cpp, line 256]
Event: 109.181 Thread 0x000001d4730d2300 Exception <a 'java/lang/ClassNotFoundException'{0x0000000093c728f8}: org/gradle/api/tasks/compile/JavaCompileCustomizer> (0x0000000093c728f8) 
thrown [s\src\hotspot\share\classfile\systemDictionary.cpp, line 256]
Event: 109.183 Thread 0x000001d4730d2300 Exception <a 'java/lang/ClassNotFoundException'{0x0000000093c9c8a0}: org/gradle/api/tasks/compile/JavaCompile_DecoratedCustomizer> (0x0000000093c9c8a0) 
thrown [s\src\hotspot\share\classfile\systemDictionary.cpp, line 256]
Event: 109.452 Thread 0x000001d4730d2300 Exception <a 'java/lang/NoSuchMethodError'{0x0000000093266638}: static Lcom/android/build/gradle/internal/cxx/prefab/PrefabPackagePublication;.<clinit>()V> (0x0000000093266638) 
thrown [s\src\hotspot\share\prims\jni.cpp, line 1107]
Event: 109.458 Thread 0x000001d4730d2300 Exception <a 'java/lang/NoSuchMethodError'{0x000000009328fe00}: static Lcom/android/build/gradle/internal/cxx/prefab/PrefabModulePublication;.<clinit>()V> (0x000000009328fe00) 
thrown [s\src\hotspot\share\prims\jni.cpp, line 1107]
Event: 109.462 Thread 0x000001d4730d2300 Exception <a 'java/lang/NoSuchMethodError'{0x00000000932a7dc8}: static Lcom/android/build/gradle/internal/cxx/prefab/PrefabAbiPublication;.<clinit>()V> (0x00000000932a7dc8) 
thrown [s\src\hotspot\share\prims\jni.cpp, line 1107]
Event: 109.513 Thread 0x000001d4730d2300 Exception <a 'java/lang/NoSuchMethodError'{0x000000009317a9c0}: 'java.lang.Object java.lang.invoke.Invokers$Holder.invokeExact_MT(java.lang.Object, java.lang.Object, java.lang.Object, int, java.lang.Object, java.lang.Object)'> (0x000000009317a9c0) 
thrown [s\src\hotspot\share\interpreter\linkResolver.cpp, line 759]
Event: 109.578 Thread 0x000001d4730d2300 Implicit null exception at 0x000001d45e93e992 to 0x000001d45e93f2f0

VM Operations (20 events):
Event: 106.209 Executing VM operation: HandshakeAllThreads done
Event: 106.214 Executing VM operation: ICBufferFull
Event: 106.214 Executing VM operation: ICBufferFull done
Event: 106.275 Executing VM operation: HandshakeAllThreads
Event: 106.276 Executing VM operation: HandshakeAllThreads done
Event: 106.681 Executing VM operation: G1CollectForAllocation
Event: 106.721 Executing VM operation: G1CollectForAllocation done
Event: 106.954 Executing VM operation: HandshakeAllThreads
Event: 106.955 Executing VM operation: HandshakeAllThreads done
Event: 107.392 Executing VM operation: HandshakeAllThreads
Event: 107.392 Executing VM operation: HandshakeAllThreads done
Event: 107.405 Executing VM operation: HandshakeAllThreads
Event: 107.406 Executing VM operation: HandshakeAllThreads done
Event: 107.501 Executing VM operation: ICBufferFull
Event: 107.501 Executing VM operation: ICBufferFull done
Event: 108.143 Executing VM operation: G1CollectForAllocation
Event: 108.190 Executing VM operation: G1CollectForAllocation done
Event: 109.192 Executing VM operation: Cleanup
Event: 109.192 Executing VM operation: Cleanup done
Event: 109.766 Executing VM operation: G1CollectForAllocation

Events (20 events):
Event: 107.390 loading class java/io/LineNumberReader done
Event: 107.798 loading class java/util/Collections$ReverseComparator
Event: 107.799 loading class java/util/Collections$ReverseComparator done
Event: 107.799 loading class java/util/Collections$ReverseComparator2
Event: 107.800 loading class java/util/Collections$ReverseComparator2 done
Event: 107.893 Thread 0x000001d476d0a4b0 Thread added: 0x000001d476d0a4b0
Event: 107.893 Thread 0x000001d476d09a90 Thread added: 0x000001d476d09a90
Event: 107.894 Thread 0x000001d476d0aed0 Thread added: 0x000001d476d0aed0
Event: 107.895 Thread 0x000001d476d09fa0 Thread added: 0x000001d476d09fa0
Event: 107.896 Thread 0x000001d476d09070 Thread added: 0x000001d476d09070
Event: 107.896 Thread 0x000001d476d0b3e0 Thread added: 0x000001d476d0b3e0
Event: 108.354 Thread 0x000001d4734f5d50 Thread exited: 0x000001d4734f5d50
Event: 108.892 loading class jdk/internal/loader/URLClassPath$JarLoader$3
Event: 108.893 loading class jdk/internal/loader/URLClassPath$JarLoader$3 done
Event: 108.921 loading class jdk/internal/reflect/UnsafeQualifiedStaticCharacterFieldAccessorImpl
Event: 108.922 loading class jdk/internal/reflect/UnsafeQualifiedStaticCharacterFieldAccessorImpl done
Event: 109.449 loading class java/io/SerialCallbackContext
Event: 109.450 loading class java/io/SerialCallbackContext done
Event: 109.594 Thread 0x000001d4734f7190 Thread exited: 0x000001d4734f7190
Event: 109.594 Thread 0x000001d4734f9500 Thread exited: 0x000001d4734f9500


Dynamic libraries:
0x00007ff7c0d00000 - 0x00007ff7c0d0e000 	C:\Program Files\Microsoft\jdk-17.0.8.7-hotspot\bin\java.exe
0x00007ffdeeb30000 - 0x00007ffdeed28000 	C:\WINDOWS\SYSTEM32\ntdll.dll
0x00007ffdee8f0000 - 0x00007ffdee9b1000 	C:\WINDOWS\System32\KERNEL32.DLL
0x00007ffdec730000 - 0x00007ffdeca26000 	C:\WINDOWS\System32\KERNELBASE.dll
0x00007ffdeca60000 - 0x00007ffdecb60000 	C:\WINDOWS\System32\ucrtbase.dll
0x00007ffddf2c0000 - 0x00007ffddf2d7000 	C:\Program Files\Microsoft\jdk-17.0.8.7-hotspot\bin\jli.dll
0x00007ffdecb60000 - 0x00007ffdeccff000 	C:\WINDOWS\System32\USER32.dll
0x00007ffdeca30000 - 0x00007ffdeca52000 	C:\WINDOWS\System32\win32u.dll
0x00007ffdd6470000 - 0x00007ffdd670a000 	C:\WINDOWS\WinSxS\amd64_microsoft.windows.common-controls_6595b64144ccf1df_6.0.19041.4355_none_60b8b9eb71f62e16\COMCTL32.dll
0x00007ffdee070000 - 0x00007ffdee09b000 	C:\WINDOWS\System32\GDI32.dll
0x00007ffdee720000 - 0x00007ffdee7be000 	C:\WINDOWS\System32\msvcrt.dll
0x00007ffde40e0000 - 0x00007ffde40fb000 	C:\Program Files\Microsoft\jdk-17.0.8.7-hotspot\bin\VCRUNTIME140.dll
0x00007ffdec330000 - 0x00007ffdec447000 	C:\WINDOWS\System32\gdi32full.dll
0x00007ffdec600000 - 0x00007ffdec69d000 	C:\WINDOWS\System32\msvcp_win.dll
0x00007ffdeceb0000 - 0x00007ffdecedf000 	C:\WINDOWS\System32\IMM32.DLL
0x00007ffde40d0000 - 0x00007ffde40dc000 	C:\Program Files\Microsoft\jdk-17.0.8.7-hotspot\bin\vcruntime140_1.dll
0x00007ffdb0e80000 - 0x00007ffdb0f0d000 	C:\Program Files\Microsoft\jdk-17.0.8.7-hotspot\bin\msvcp140.dll
0x00007ffd84ce0000 - 0x00007ffd85945000 	C:\Program Files\Microsoft\jdk-17.0.8.7-hotspot\bin\server\jvm.dll
0x00007ffded910000 - 0x00007ffded9c0000 	C:\WINDOWS\System32\ADVAPI32.dll
0x00007ffdede30000 - 0x00007ffdeded0000 	C:\WINDOWS\System32\sechost.dll
0x00007ffdee7c0000 - 0x00007ffdee8e3000 	C:\WINDOWS\System32\RPCRT4.dll
0x00007ffdec300000 - 0x00007ffdec327000 	C:\WINDOWS\System32\bcrypt.dll
0x00007ffdeb710000 - 0x00007ffdeb75b000 	C:\WINDOWS\SYSTEM32\POWRPROF.dll
0x00007ffde3c60000 - 0x00007ffde3c69000 	C:\WINDOWS\SYSTEM32\WSOCK32.dll
0x00007ffdd7750000 - 0x00007ffdd7777000 	C:\WINDOWS\SYSTEM32\WINMM.dll
0x00007ffde0d90000 - 0x00007ffde0d9a000 	C:\WINDOWS\SYSTEM32\VERSION.dll
0x00007ffdee0a0000 - 0x00007ffdee10b000 	C:\WINDOWS\System32\WS2_32.dll
0x00007ffdeb5d0000 - 0x00007ffdeb5e2000 	C:\WINDOWS\SYSTEM32\UMPDC.dll
0x00007ffdea9f0000 - 0x00007ffdeaa02000 	C:\WINDOWS\SYSTEM32\kernel.appcore.dll
0x00007ffde10c0000 - 0x00007ffde10ca000 	C:\Program Files\Microsoft\jdk-17.0.8.7-hotspot\bin\jimage.dll
0x00007ffde6f10000 - 0x00007ffde70f4000 	C:\WINDOWS\SYSTEM32\DBGHELP.DLL
0x00007ffdd35b0000 - 0x00007ffdd35e4000 	C:\WINDOWS\SYSTEM32\dbgcore.DLL
0x00007ffdec6a0000 - 0x00007ffdec722000 	C:\WINDOWS\System32\bcryptPrimitives.dll
0x00007ffdcaed0000 - 0x00007ffdcaede000 	C:\Program Files\Microsoft\jdk-17.0.8.7-hotspot\bin\instrument.dll
0x00007ffdde760000 - 0x00007ffdde785000 	C:\Program Files\Microsoft\jdk-17.0.8.7-hotspot\bin\java.dll
0x00007ffdab270000 - 0x00007ffdab347000 	C:\Program Files\Microsoft\jdk-17.0.8.7-hotspot\bin\jsvml.dll
0x00007ffdecf70000 - 0x00007ffded6dc000 	C:\WINDOWS\System32\SHELL32.dll
0x00007ffdea240000 - 0x00007ffdea9de000 	C:\WINDOWS\SYSTEM32\windows.storage.dll
0x00007ffdee110000 - 0x00007ffdee463000 	C:\WINDOWS\System32\combase.dll
0x00007ffdebc00000 - 0x00007ffdebc2e000 	C:\WINDOWS\SYSTEM32\Wldp.dll
0x00007ffdeea20000 - 0x00007ffdeeaed000 	C:\WINDOWS\System32\OLEAUT32.dll
0x00007ffdee590000 - 0x00007ffdee63d000 	C:\WINDOWS\System32\SHCORE.dll
0x00007ffded6e0000 - 0x00007ffded735000 	C:\WINDOWS\System32\shlwapi.dll
0x00007ffdec110000 - 0x00007ffdec134000 	C:\WINDOWS\SYSTEM32\profapi.dll
0x00007ffdc0610000 - 0x00007ffdc0628000 	C:\Program Files\Microsoft\jdk-17.0.8.7-hotspot\bin\zip.dll
0x00007ffdd3ca0000 - 0x00007ffdd3cb9000 	C:\Program Files\Microsoft\jdk-17.0.8.7-hotspot\bin\net.dll
0x00007ffde46b0000 - 0x00007ffde47ba000 	C:\WINDOWS\SYSTEM32\WINHTTP.dll
0x00007ffdeb960000 - 0x00007ffdeb9ca000 	C:\WINDOWS\system32\mswsock.dll
0x00007ffdcae40000 - 0x00007ffdcae56000 	C:\Program Files\Microsoft\jdk-17.0.8.7-hotspot\bin\nio.dll
0x00007ffdcd8e0000 - 0x00007ffdcd8f0000 	C:\Program Files\Microsoft\jdk-17.0.8.7-hotspot\bin\verify.dll
0x00007ffdbf460000 - 0x00007ffdbf487000 	C:\Users\Barjinder Goyal\.gradle\native\c067742578af261105cb4f569cf0c3c89f3d7b1fecec35dd04571415982c5e48\windows-amd64\native-platform.dll
0x00007ffda8b50000 - 0x00007ffda8c94000 	C:\Users\Barjinder Goyal\.gradle\native\38dada09dfb8b06ba9b0570ebf7e218e3eb74d4ef43ca46872605cf95ebc2f47\windows-amd64\native-platform-file-events.dll
0x00007ffdcd720000 - 0x00007ffdcd729000 	C:\Program Files\Microsoft\jdk-17.0.8.7-hotspot\bin\management.dll
0x00007ffdcc0f0000 - 0x00007ffdcc0fb000 	C:\Program Files\Microsoft\jdk-17.0.8.7-hotspot\bin\management_ext.dll
0x00007ffdee060000 - 0x00007ffdee068000 	C:\WINDOWS\System32\PSAPI.DLL
0x00007ffdebb50000 - 0x00007ffdebb68000 	C:\WINDOWS\SYSTEM32\CRYPTSP.dll
0x00007ffdeb210000 - 0x00007ffdeb244000 	C:\WINDOWS\system32\rsaenh.dll
0x00007ffdec0c0000 - 0x00007ffdec0ee000 	C:\WINDOWS\SYSTEM32\USERENV.dll
0x00007ffdebb70000 - 0x00007ffdebb7c000 	C:\WINDOWS\SYSTEM32\CRYPTBASE.dll
0x00007ffdeb5f0000 - 0x00007ffdeb62b000 	C:\WINDOWS\SYSTEM32\IPHLPAPI.DLL
0x00007ffdedee0000 - 0x00007ffdedee8000 	C:\WINDOWS\System32\NSI.dll
0x00007ffde0c80000 - 0x00007ffde0c97000 	C:\WINDOWS\SYSTEM32\dhcpcsvc6.DLL
0x00007ffde0f00000 - 0x00007ffde0f1d000 	C:\WINDOWS\SYSTEM32\dhcpcsvc.DLL
0x00007ffdeb640000 - 0x00007ffdeb70a000 	C:\WINDOWS\SYSTEM32\DNSAPI.dll
0x00007ffdcae20000 - 0x00007ffdcae2e000 	C:\Program Files\Microsoft\jdk-17.0.8.7-hotspot\bin\sunmscapi.dll
0x00007ffdec4a0000 - 0x00007ffdec5fe000 	C:\WINDOWS\System32\CRYPT32.dll
0x00007ffdebc70000 - 0x00007ffdebc99000 	C:\WINDOWS\SYSTEM32\ncrypt.dll
0x00007ffdebc30000 - 0x00007ffdebc6b000 	C:\WINDOWS\SYSTEM32\NTASN1.dll
0x00007ffdc6ec0000 - 0x00007ffdc6ec7000 	C:\WINDOWS\system32\wshunix.dll
0x00007ffdd3e60000 - 0x00007ffdd3e77000 	C:\WINDOWS\system32\napinsp.dll
0x00007ffdd3e40000 - 0x00007ffdd3e5b000 	C:\WINDOWS\system32\pnrpnsp.dll
0x00007ffde58c0000 - 0x00007ffde58d5000 	C:\WINDOWS\system32\wshbth.dll
0x00007ffde3f70000 - 0x00007ffde3f8d000 	C:\WINDOWS\system32\NLAapi.dll
0x00007ffdd3e20000 - 0x00007ffdd3e32000 	C:\WINDOWS\System32\winrnr.dll
0x00007ffde10f0000 - 0x00007ffde10fa000 	C:\Windows\System32\rasadhlp.dll
0x00007ffdd5800000 - 0x00007ffdd5880000 	C:\WINDOWS\System32\fwpuclnt.dll

dbghelp: loaded successfully - version: 4.0.5 - missing functions: none
symbol engine: initialized successfully - sym options: 0x614 - pdb path: .;C:\Program Files\Microsoft\jdk-17.0.8.7-hotspot\bin;C:\WINDOWS\SYSTEM32;C:\WINDOWS\WinSxS\amd64_microsoft.windows.common-controls_6595b64144ccf1df_6.0.19041.4355_none_60b8b9eb71f62e16;C:\Program Files\Microsoft\jdk-17.0.8.7-hotspot\bin\server;C:\Users\Barjinder Goyal\.gradle\native\c067742578af261105cb4f569cf0c3c89f3d7b1fecec35dd04571415982c5e48\windows-amd64;C:\Users\Barjinder Goyal\.gradle\native\38dada09dfb8b06ba9b0570ebf7e218e3eb74d4ef43ca46872605cf95ebc2f47\windows-amd64

VM Arguments:
jvm_args: -XX:MaxMetaspaceSize=512m --add-opens=java.base/java.util=ALL-UNNAMED --add-opens=java.base/java.lang=ALL-UNNAMED --add-opens=java.base/java.lang.invoke=ALL-UNNAMED --add-opens=java.prefs/java.util.prefs=ALL-UNNAMED --add-opens=java.base/java.nio.charset=ALL-UNNAMED --add-opens=java.base/java.net=ALL-UNNAMED --add-opens=java.base/java.util.concurrent.atomic=ALL-UNNAMED -Xmx2048m -Dfile.encoding=windows-1252 -Duser.country=IN -Duser.language=en -Duser.variant -javaagent:C:\Users\Barjinder Goyal\.gradle\wrapper\dists\gradle-8.6-all\3mbtmo166bl6vumsh5k2lkq5h\gradle-8.6\lib\agents\gradle-instrumentation-agent-8.6.jar 
java_command: org.gradle.launcher.daemon.bootstrap.GradleDaemon 8.6
java_class_path (initial): C:\Users\Barjinder Goyal\.gradle\wrapper\dists\gradle-8.6-all\3mbtmo166bl6vumsh5k2lkq5h\gradle-8.6\lib\gradle-launcher-8.6.jar
Launcher Type: SUN_STANDARD

[Global flags]
     intx CICompilerCount                          = 4                                         {product} {ergonomic}
   size_t CompressedClassSpaceSize                 = 436207616                                 {product} {ergonomic}
     uint ConcGCThreads                            = 2                                         {product} {ergonomic}
     uint G1ConcRefinementThreads                  = 8                                         {product} {ergonomic}
   size_t G1HeapRegionSize                         = 1048576                                   {product} {ergonomic}
    uintx GCDrainStackTargetSize                   = 64                                        {product} {ergonomic}
   size_t InitialHeapSize                          = 132120576                                 {product} {ergonomic}
   size_t MarkStackSize                            = 4194304                                   {product} {ergonomic}
   size_t MaxHeapSize                              = 2147483648                                {product} {command line}
   size_t MaxMetaspaceSize                         = 536870912                                 {product} {command line}
   size_t MaxNewSize                               = 1287651328                                {product} {ergonomic}
   size_t MinHeapDeltaBytes                        = 1048576                                   {product} {ergonomic}
   size_t MinHeapSize                              = 8388608                                   {product} {ergonomic}
    uintx NonNMethodCodeHeapSize                   = 5839372                                {pd product} {ergonomic}
    uintx NonProfiledCodeHeapSize                  = 122909434                              {pd product} {ergonomic}
    uintx ProfiledCodeHeapSize                     = 122909434                              {pd product} {ergonomic}
    uintx ReservedCodeCacheSize                    = 251658240                              {pd product} {ergonomic}
     bool SegmentedCodeCache                       = true                                      {product} {ergonomic}
   size_t SoftMaxHeapSize                          = 2147483648                             {manageable} {ergonomic}
     bool UseCompressedClassPointers               = true                           {product lp64_product} {ergonomic}
     bool UseCompressedOops                        = true                           {product lp64_product} {ergonomic}
     bool UseG1GC                                  = true                                      {product} {ergonomic}
     bool UseLargePagesIndividualAllocation        = false                                  {pd product} {ergonomic}

Logging:
Log output configuration:
 #0: stdout all=warning uptime,level,tags
 #1: stderr all=off uptime,level,tags

Environment Variables:
JAVA_HOME=C:\Program Files\Microsoft\jdk-17.0.8.7-hotspot\
CLASSPATH=C:\REACT-NATIVE\calorify\android\\gradle\wrapper\gradle-wrapper.jar
PATH=C:\Program Files\Microsoft\jdk-17.0.8.7-hotspot\bin;C:\Program Files\Microsoft\jdk-11.0.18.10-hotspot\bin;C:\Windows\system32;C:\Windows;C:\Windows\System32\Wbem;C:\Windows\System32\WindowsPowerShell\v1.0\;C:\Windows\System32\OpenSSH\;C:\Program Files (x86)\NVIDIA Corporation\PhysX\Common;C:\Program Files\NVIDIA Corporation\NVIDIA NvDLISR;C:\WINDOWS\system32;C:\WINDOWS;C:\WINDOWS\System32\Wbem;C:\WINDOWS\System32\WindowsPowerShell\v1.0\;C:\WINDOWS\System32\OpenSSH\;C:\Program Files\Sublime Text;C:\PYTHON;C:\PYTHON\Scripts;C:\Program Files\Git\cmd;C:\Program Files\MongoDB\Server\6.0\bin;C:\MONGODB\mongosh-1.8.0-win32-x64\bin;C:\ProgramData\chocolatey\bin;C:\Users\Barjinder Goyal\;C:\Users\Barjinder Goyal\AppData\Local\Android\Sdk\platform-tools;C:\Program Files (x86)\Windows Kits\10\Windows Performance Toolkit\;C:\Users\Barjinder Goyal\AppData\Local\Programs\Python\Python312\Scripts\;C:\Users\Barjinder Goyal\AppData\Local\Programs\Python\Python312\;C:\Users\Barjinder Goyal\AppData\Local\Android\Sdk\tools;C:\Users\Barjinder Goyal\AppData\Local\Android\Sdk\tools;C:\Users\Barjinder Goyal\AppData\Local\Microsoft\WindowsApps;C:\Users\Barjinder Goyal\AppData\Local\Programs\Microsoft VS Code\bin;C:\Users\Barjinder Goyal\node.exe;C:\Users\Barjinder Goyal\AppData\Roaming\npm
USERNAME=Barjinder Goyal
OS=Windows_NT
PROCESSOR_IDENTIFIER=Intel64 Family 6 Model 142 Stepping 12, GenuineIntel
TMP=C:\Users\BARJIN~1\AppData\Local\Temp
TEMP=C:\Users\BARJIN~1\AppData\Local\Temp



---------------  S Y S T E M  ---------------

OS:
 Windows 10 , 64 bit Build 19041 (10.0.19041.4597)
OS uptime: 9 days 10:02 hours

CPU: total 8 (initial active 8) (4 cores per cpu, 2 threads per core) family 6 model 142 stepping 12 microcode 0xca, cx8, cmov, fxsr, ht, mmx, 3dnowpref, sse, sse2, sse3, ssse3, sse4.1, sse4.2, popcnt, lzcnt, tsc, tscinvbit, avx, avx2, aes, erms, clmul, bmi1, bmi2, adx, fma, vzeroupper, clflush, clflushopt
Processor Information for all 8 processors :
  Max Mhz: 1800, Current Mhz: 1600, Mhz Limit: 1584

Memory: 4k page, system-wide physical 8039M (287M free)
TotalPageFile size 32615M (AvailPageFile size 94M)
current process WorkingSet (physical memory assigned to process): 415M, peak: 480M
current process commit charge ("private bytes"): 696M, peak: 1123M

vm_info: OpenJDK 64-Bit Server VM (17.0.8+7-LTS) for windows-amd64 JRE (17.0.8+7-LTS), built on Jul  7 2023 17:21:55 by "MicrosoftCorporation" with MS VC++ 16.10 / 16.11 (VS2019)

END.
