#
# There is insufficient memory for the Java Runtime Environment to continue.
# Native memory allocation (mmap) failed to map 267386880 bytes for G1 virtual space
# Possible reasons:
#   The system is out of physical RAM or swap space
#   The process is running with CompressedOops enabled, and the Java Heap may be blocking the growth of the native heap
# Possible solutions:
#   Reduce memory load on the system
#   Increase physical memory or swap space
#   Check if swap backing store is full
#   Decrease Java heap size (-Xmx/-Xms)
#   Decrease number of Java threads
#   Decrease Java thread stack sizes (-Xss)
#   Set larger code cache with -XX:ReservedCodeCacheSize=
#   JVM is running with Unscaled Compressed Oops mode in which the Java heap is
#     placed in the first 4GB address space. The Java Heap base address is the
#     maximum limit for the native heap growth. Please use -XX:HeapBaseMinAddress
#     to set the Java Heap base and to place the Java Heap above 4GB virtual address.
# This output file may be truncated or incomplete.
#
#  Out of Memory Error (os_windows.cpp:3617), pid=55272, tid=113332
#
# JRE version: OpenJDK Runtime Environment Microsoft-8035246 (17.0.8+7) (build 17.0.8+7-LTS)
# Java VM: OpenJDK 64-Bit Server VM Microsoft-8035246 (17.0.8+7-LTS, mixed mode, sharing, tiered, compressed oops, compressed class ptrs, g1 gc, windows-amd64)
# No core dump will be written. Minidumps are not enabled by default on client versions of Windows
#

---------------  S U M M A R Y ------------

Command Line: -XX:MaxMetaspaceSize=512m --add-opens=java.base/java.util=ALL-UNNAMED --add-opens=java.base/java.lang=ALL-UNNAMED --add-opens=java.base/java.lang.invoke=ALL-UNNAMED --add-opens=java.prefs/java.util.prefs=ALL-UNNAMED --add-opens=java.base/java.nio.charset=ALL-UNNAMED --add-opens=java.base/java.net=ALL-UNNAMED --add-opens=java.base/java.util.concurrent.atomic=ALL-UNNAMED -Xmx2048m -Dfile.encoding=windows-1252 -Duser.country=IN -Duser.language=en -Duser.variant -javaagent:C:\Users\Barjinder Goyal\.gradle\wrapper\dists\gradle-8.6-all\3mbtmo166bl6vumsh5k2lkq5h\gradle-8.6\lib\agents\gradle-instrumentation-agent-8.6.jar org.gradle.launcher.daemon.bootstrap.GradleDaemon 8.6

Host: Intel(R) Core(TM) i5-8265U CPU @ 1.60GHz, 8 cores, 7G,  Windows 10 , 64 bit Build 19041 (10.0.19041.4597)
Time: Sat Aug 10 11:03:26 2024 India Standard Time elapsed time: 285.073769 seconds (0d 0h 4m 45s)

---------------  T H R E A D  ---------------

Current thread (0x00000158db063ec0):  VMThread "VM Thread" [stack: 0x000000081b900000,0x000000081ba00000] [id=113332]

Stack: [0x000000081b900000,0x000000081ba00000]
Native frames: (J=compiled Java code, j=interpreted, Vv=VM code, C=native code)
V  [jvm.dll+0x67bf3a]
V  [jvm.dll+0x83a024]
V  [jvm.dll+0x83b7ce]
V  [jvm.dll+0x83be33]
V  [jvm.dll+0x24785f]
V  [jvm.dll+0x678cb9]
V  [jvm.dll+0x66d54a]
V  [jvm.dll+0x308feb]
V  [jvm.dll+0x310496]
V  [jvm.dll+0x36019e]
V  [jvm.dll+0x3603cf]
V  [jvm.dll+0x2dff38]
V  [jvm.dll+0x2e2fb6]
V  [jvm.dll+0x2ed668]
V  [jvm.dll+0x321650]
V  [jvm.dll+0x84032b]
V  [jvm.dll+0x841064]
V  [jvm.dll+0x84157d]
V  [jvm.dll+0x841954]
V  [jvm.dll+0x841a20]
V  [jvm.dll+0x7ea13a]
V  [jvm.dll+0x67ad85]
C  [ucrtbase.dll+0x21bb2]
C  [KERNEL32.DLL+0x17374]
C  [ntdll.dll+0x4cc91]

VM_Operation (0x000000081b5ff740): G1PauseRemark, mode: safepoint, requested by thread 0x00000158bcca2a00


---------------  P R O C E S S  ---------------

Threads class SMR info:
_java_thread_list=0x00000158865bbbd0, length=171, elements={
0x00000158bcc33b80, 0x00000158db06a2b0, 0x00000158db06b040, 0x00000158db083820,
0x00000158db0843b0, 0x00000158db0870a0, 0x00000158db087970, 0x00000158db088620,
0x00000158db096530, 0x00000158db08b6f0, 0x00000158db053fe0, 0x00000158db38ff40,
0x00000158fbf47210, 0x00000158fb8274c0, 0x00000158fbf77450, 0x00000158fc2544e0,
0x00000158fba800a0, 0x00000158fbdf7820, 0x00000158fbdf63e0, 0x00000158fbdf4070,
0x00000158fbdf4580, 0x00000158fbdf7310, 0x00000158fbdf4a90, 0x00000158fbdf4fa0,
0x00000158fbdf54b0, 0x00000158fbdf6e00, 0x00000158fbdf59c0, 0x00000158fbdf5ed0,
0x00000158fb139750, 0x00000158fb134b60, 0x00000158fb1364b0, 0x00000158fb135070,
0x00000158fb135580, 0x00000158fb138d30, 0x00000158fb138310, 0x00000158fb1327f0,
0x00000158fb133720, 0x00000158fb136ed0, 0x00000158fb1369c0, 0x00000158fb138820,
0x00000158fb133c30, 0x00000158fb1378f0, 0x00000158fb1373e0, 0x00000158fb137e00,
0x00000158fb134650, 0x00000158fb139240, 0x00000158fb1322e0, 0x00000158fb134140,
0x00000158fb139c60, 0x00000158fb135fa0, 0x00000158fb133210, 0x00000158fe4e7080,
0x00000158fe4e5c40, 0x00000158fe4e5220, 0x00000158fe4e89d0, 0x00000158fe4e7590,
0x00000158fe4e5730, 0x00000158fe4e4d10, 0x00000158fe4e8ee0, 0x00000158fe4e93f0,
0x00000158fe4ea830, 0x00000158fe4e7aa0, 0x00000158fe4e9900, 0x00000158fe4ead40,
0x00000158fe4e6150, 0x00000158fe4e7fb0, 0x00000158fe4eb250, 0x00000158fe4e6b70,
0x00000158fe4e3de0, 0x00000158fe4eb760, 0x00000158fe4e42f0, 0x00000158fdf75ec0,
0x00000158fdf768e0, 0x00000158fdf763d0, 0x00000158fdf712d0, 0x00000158fdf76df0,
0x00000158fdf77300, 0x00000158fdf754a0, 0x00000158fdf74060, 0x00000158fdf717e0,
0x00000158fdf77810, 0x00000158fdf72710, 0x00000158fdf77d20, 0x00000158fdf759b0,
0x00000158fdf74570, 0x00000158fdf71cf0, 0x00000158fdf72200, 0x00000158fdf74f90,
0x00000158fdf72c20, 0x00000158fdf73640, 0x00000158fdf74a80, 0x00000158fdf70dc0,
0x00000158fdf78230, 0x00000158fdf78740, 0x00000158ff17a300, 0x00000158ff179df0,
0x00000158ff1789b0, 0x00000158ff1798e0, 0x00000158ff177570, 0x00000158ff178ec0,
0x00000158ff177a80, 0x00000158ff1793d0, 0x00000158ff1784a0, 0x00000158ff17a810,
0x00000158ff177060, 0x00000158ff177f90, 0x0000015880058a60, 0x0000015880058040,
0x000001588005b2e0, 0x0000015880059480, 0x000001588005a3b0, 0x0000015880058f70,
0x000001588005b7f0, 0x0000015880059ea0, 0x0000015880059990, 0x0000015880058550,
0x000001588005a8c0, 0x000001588005add0, 0x00000158fe2f5460, 0x00000158fe2f68a0,
0x00000158fe2f7ce0, 0x00000158fe2f5970, 0x00000158fe2f6db0, 0x00000158fe2f6390,
0x00000158fe2f72c0, 0x00000158fe2f77d0, 0x00000158fe2f81f0, 0x00000158fe2f8700,
0x00000158fe2f8c10, 0x00000158801d8c90, 0x00000158801db510, 0x00000158801d96b0,
0x00000158801d8270, 0x00000158801da5e0, 0x00000158801d4ac0, 0x00000158801d5f00,
0x00000158801dba20, 0x00000158801db000, 0x00000158fe4e6660, 0x00000158fe4e9e10,
0x00000158fdf73130, 0x00000158fdf73b50, 0x00000158801d7850, 0x00000158fbdf68f0,
0x0000015885b7de40, 0x0000015885b83e70, 0x0000015885b7fca0, 0x0000015885b82f40,
0x0000015885b7ed70, 0x0000015885b7f280, 0x0000015885b82a30, 0x000001588767af00,
0x000001588767d780, 0x000001588767a4e0, 0x000001588767be30, 0x000001588767b920,
0x000001588767ebc0, 0x0000015887678b90, 0x0000015887679ac0, 0x000001588767e1a0,
0x00000158876790a0, 0x00000158801d6920, 0x00000158801d7340, 0x0000015885b81b00,
0x000001588733dec0, 0x000001588733d9b0, 0x000001588733ca80, 0x00000158873425a0,
0x0000015887342ab0, 0x0000015887340c50, 0x00000158873434d0
}

Java Threads: ( => current thread )
  0x00000158bcc33b80 JavaThread "main" [_thread_blocked, id=84396, stack(0x000000081b300000,0x000000081b400000)]
  0x00000158db06a2b0 JavaThread "Reference Handler" daemon [_thread_blocked, id=29320, stack(0x000000081ba00000,0x000000081bb00000)]
  0x00000158db06b040 JavaThread "Finalizer" daemon [_thread_blocked, id=39900, stack(0x000000081bb00000,0x000000081bc00000)]
  0x00000158db083820 JavaThread "Signal Dispatcher" daemon [_thread_blocked, id=55440, stack(0x000000081bc00000,0x000000081bd00000)]
  0x00000158db0843b0 JavaThread "Attach Listener" daemon [_thread_blocked, id=74012, stack(0x000000081bd00000,0x000000081be00000)]
  0x00000158db0870a0 JavaThread "Service Thread" daemon [_thread_blocked, id=67128, stack(0x000000081be00000,0x000000081bf00000)]
  0x00000158db087970 JavaThread "Monitor Deflation Thread" daemon [_thread_blocked, id=91864, stack(0x000000081bf00000,0x000000081c000000)]
  0x00000158db088620 JavaThread "C2 CompilerThread0" daemon [_thread_blocked, id=24776, stack(0x000000081c000000,0x000000081c100000)]
  0x00000158db096530 JavaThread "C1 CompilerThread0" daemon [_thread_blocked, id=73868, stack(0x000000081c100000,0x000000081c200000)]
  0x00000158db08b6f0 JavaThread "Sweeper thread" daemon [_thread_blocked, id=60148, stack(0x000000081c200000,0x000000081c300000)]
  0x00000158db053fe0 JavaThread "Common-Cleaner" daemon [_thread_blocked, id=82824, stack(0x000000081c300000,0x000000081c400000)]
  0x00000158db38ff40 JavaThread "Notification Thread" daemon [_thread_blocked, id=120880, stack(0x000000081c400000,0x000000081c500000)]
  0x00000158fbf47210 JavaThread "Daemon health stats" [_thread_blocked, id=32620, stack(0x000000081ca00000,0x000000081cb00000)]
  0x00000158fb8274c0 JavaThread "Incoming local TCP Connector on port 55621" [_thread_in_native, id=77500, stack(0x000000081cb00000,0x000000081cc00000)]
  0x00000158fbf77450 JavaThread "Daemon periodic checks" [_thread_blocked, id=76892, stack(0x000000081cc00000,0x000000081cd00000)]
  0x00000158fc2544e0 JavaThread "Daemon" [_thread_blocked, id=108324, stack(0x000000081cd00000,0x000000081ce00000)]
  0x00000158fba800a0 JavaThread "Handler for socket connection from /127.0.0.1:55621 to /127.0.0.1:55622" [_thread_in_native, id=28108, stack(0x000000081ce00000,0x000000081cf00000)]
  0x00000158fbdf7820 JavaThread "Cancel handler" [_thread_blocked, id=78924, stack(0x000000081cf00000,0x000000081d000000)]
  0x00000158fbdf63e0 JavaThread "Daemon worker" [_thread_blocked, id=87480, stack(0x000000081d000000,0x000000081d100000)]
  0x00000158fbdf4070 JavaThread "Asynchronous log dispatcher for DefaultDaemonConnection: socket connection from /127.0.0.1:55621 to /127.0.0.1:55622" [_thread_blocked, id=42264, stack(0x000000081d100000,0x000000081d200000)]
  0x00000158fbdf4580 JavaThread "Stdin handler" [_thread_blocked, id=61208, stack(0x000000081d200000,0x000000081d300000)]
  0x00000158fbdf7310 JavaThread "Daemon client event forwarder" [_thread_blocked, id=84984, stack(0x000000081d300000,0x000000081d400000)]
  0x00000158fbdf4a90 JavaThread "Cache worker for journal cache (C:\Users\Barjinder Goyal\.gradle\caches\journal-1)" [_thread_blocked, id=72280, stack(0x000000081d400000,0x000000081d500000)]
  0x00000158fbdf4fa0 JavaThread "File lock request listener" [_thread_in_native, id=89140, stack(0x000000081d800000,0x000000081d900000)]
  0x00000158fbdf54b0 JavaThread "Cache worker for file hash cache (C:\Users\Barjinder Goyal\.gradle\caches\8.6\fileHashes)" [_thread_blocked, id=6812, stack(0x000000081d900000,0x000000081da00000)]
  0x00000158fbdf6e00 JavaThread "File watcher server" daemon [_thread_blocked, id=75388, stack(0x000000081da00000,0x000000081db00000)]
  0x00000158fbdf59c0 JavaThread "File watcher consumer" daemon [_thread_blocked, id=102100, stack(0x000000081db00000,0x000000081dc00000)]
  0x00000158fbdf5ed0 JavaThread "Cache worker for checksums cache (C:\REACT-NATIVE\calorify\android\.gradle\8.6\checksums)" [_thread_blocked, id=52180, stack(0x000000081dc00000,0x000000081dd00000)]
  0x00000158fb139750 JavaThread "Cache worker for file hash cache (C:\REACT-NATIVE\calorify\android\.gradle\8.6\fileHashes)" [_thread_blocked, id=48332, stack(0x000000081de00000,0x000000081df00000)]
  0x00000158fb134b60 JavaThread "Cache worker for cache directory md-supplier (C:\Users\Barjinder Goyal\.gradle\caches\8.6\md-supplier)" [_thread_blocked, id=84156, stack(0x000000081df00000,0x000000081e000000)]
  0x00000158fb1364b0 JavaThread "Cache worker for cache directory md-rule (C:\Users\Barjinder Goyal\.gradle\caches\8.6\md-rule)" [_thread_blocked, id=117008, stack(0x000000081e000000,0x000000081e100000)]
  0x00000158fb135070 JavaThread "Cache worker for file content cache (C:\Users\Barjinder Goyal\.gradle\caches\8.6\fileContent)" [_thread_blocked, id=97576, stack(0x000000081e100000,0x000000081e200000)]
  0x00000158fb135580 JavaThread "jar transforms" [_thread_blocked, id=69312, stack(0x000000081e200000,0x000000081e300000)]
  0x00000158fb138d30 JavaThread "jar transforms Thread 2" [_thread_blocked, id=117572, stack(0x000000081e300000,0x000000081e400000)]
  0x00000158fb138310 JavaThread "jar transforms Thread 3" [_thread_blocked, id=75524, stack(0x000000081e400000,0x000000081e500000)]
  0x00000158fb1327f0 JavaThread "jar transforms Thread 4" [_thread_blocked, id=106056, stack(0x000000081e500000,0x000000081e600000)]
  0x00000158fb133720 JavaThread "Exec process" [_thread_blocked, id=27496, stack(0x000000081e600000,0x000000081e700000)]
  0x00000158fb136ed0 JavaThread "Exec process Thread 2" [_thread_blocked, id=101908, stack(0x000000081e700000,0x000000081e800000)]
  0x00000158fb1369c0 JavaThread "Exec process Thread 3" [_thread_blocked, id=49480, stack(0x000000081e800000,0x000000081e900000)]
  0x00000158fb138820 JavaThread "jar transforms Thread 5" [_thread_blocked, id=62620, stack(0x000000081e900000,0x000000081ea00000)]
  0x00000158fb133c30 JavaThread "jar transforms Thread 6" [_thread_blocked, id=43928, stack(0x000000081ea00000,0x000000081eb00000)]
  0x00000158fb1378f0 JavaThread "jar transforms Thread 7" [_thread_blocked, id=71352, stack(0x000000081eb00000,0x000000081ec00000)]
  0x00000158fb1373e0 JavaThread "jar transforms Thread 8" [_thread_blocked, id=108108, stack(0x000000081ec00000,0x000000081ed00000)]
  0x00000158fb137e00 JavaThread "Unconstrained build operations" [_thread_blocked, id=86788, stack(0x000000081b000000,0x000000081b100000)]
  0x00000158fb134650 JavaThread "Unconstrained build operations Thread 2" [_thread_blocked, id=72068, stack(0x000000081b100000,0x000000081b200000)]
  0x00000158fb139240 JavaThread "Cache worker for Build Output Cleanup Cache (C:\REACT-NATIVE\calorify\node_modules\expo-dev-launcher\expo-dev-launcher-gradle-plugin\.gradle\buildOutputCleanup)" [_thread_blocked, id=61016, stack(0x000000081b200000,0x000000081b300000)]
  0x00000158fb1322e0 JavaThread "Unconstrained build operations Thread 3" [_thread_blocked, id=93932, stack(0x000000081ed00000,0x000000081ee00000)]
  0x00000158fb134140 JavaThread "Unconstrained build operations Thread 4" [_thread_blocked, id=67092, stack(0x000000081ee00000,0x000000081ef00000)]
  0x00000158fb139c60 JavaThread "Unconstrained build operations Thread 5" [_thread_blocked, id=71360, stack(0x000000081ef00000,0x000000081f000000)]
  0x00000158fb135fa0 JavaThread "Unconstrained build operations Thread 6" [_thread_blocked, id=2076, stack(0x000000081f000000,0x000000081f100000)]
  0x00000158fb133210 JavaThread "Unconstrained build operations Thread 7" [_thread_blocked, id=91068, stack(0x000000081f100000,0x000000081f200000)]
  0x00000158fe4e7080 JavaThread "Unconstrained build operations Thread 8" [_thread_blocked, id=72624, stack(0x000000081f200000,0x000000081f300000)]
  0x00000158fe4e5c40 JavaThread "Unconstrained build operations Thread 9" [_thread_blocked, id=83232, stack(0x000000081f300000,0x000000081f400000)]
  0x00000158fe4e5220 JavaThread "build event listener" [_thread_blocked, id=93128, stack(0x000000081f400000,0x000000081f500000)]
  0x00000158fe4e89d0 JavaThread "Memory manager" [_thread_blocked, id=119528, stack(0x000000081f600000,0x000000081f700000)]
  0x00000158fe4e7590 JavaThread "Cache worker for Build Output Cleanup Cache (C:\REACT-NATIVE\calorify\node_modules\@react-native\gradle-plugin\.gradle\buildOutputCleanup)" [_thread_blocked, id=75816, stack(0x000000081f500000,0x000000081f600000)]
  0x00000158fe4e5730 JavaThread "Unconstrained build operations Thread 10" [_thread_blocked, id=64120, stack(0x000000081f700000,0x000000081f800000)]
  0x00000158fe4e4d10 JavaThread "Unconstrained build operations Thread 11" [_thread_blocked, id=41416, stack(0x000000081f800000,0x000000081f900000)]
  0x00000158fe4e8ee0 JavaThread "Unconstrained build operations Thread 12" [_thread_blocked, id=106772, stack(0x000000081f900000,0x000000081fa00000)]
  0x00000158fe4e93f0 JavaThread "Unconstrained build operations Thread 13" [_thread_blocked, id=81384, stack(0x000000081fa00000,0x000000081fb00000)]
  0x00000158fe4ea830 JavaThread "Unconstrained build operations Thread 14" [_thread_blocked, id=85140, stack(0x000000081fb00000,0x000000081fc00000)]
  0x00000158fe4e7aa0 JavaThread "Unconstrained build operations Thread 15" [_thread_blocked, id=34988, stack(0x000000081fc00000,0x000000081fd00000)]
  0x00000158fe4e9900 JavaThread "Unconstrained build operations Thread 16" [_thread_blocked, id=25736, stack(0x000000081fd00000,0x000000081fe00000)]
  0x00000158fe4ead40 JavaThread "build event listener" [_thread_blocked, id=44204, stack(0x000000081fe00000,0x000000081ff00000)]
  0x00000158fe4e6150 JavaThread "Cache worker for Build Output Cleanup Cache (C:\REACT-NATIVE\calorify\android\.gradle\buildOutputCleanup)" [_thread_blocked, id=56372, stack(0x000000081ff00000,0x0000000820000000)]
  0x00000158fe4e7fb0 JavaThread "ForkJoinPool.commonPool-worker-1" daemon [_thread_blocked, id=92264, stack(0x0000000820000000,0x0000000820100000)]
  0x00000158fe4eb250 JavaThread "ForkJoinPool.commonPool-worker-3" daemon [_thread_blocked, id=120612, stack(0x0000000820200000,0x0000000820300000)]
  0x00000158fe4e6b70 JavaThread "ForkJoinPool.commonPool-worker-4" daemon [_thread_blocked, id=20492, stack(0x0000000820300000,0x0000000820400000)]
  0x00000158fe4e3de0 JavaThread "ForkJoinPool.commonPool-worker-5" daemon [_thread_blocked, id=86000, stack(0x0000000820400000,0x0000000820500000)]
  0x00000158fe4eb760 JavaThread "ForkJoinPool.commonPool-worker-6" daemon [_thread_blocked, id=105652, stack(0x0000000820500000,0x0000000820600000)]
  0x00000158fe4e42f0 JavaThread "ForkJoinPool.commonPool-worker-7" daemon [_thread_blocked, id=93132, stack(0x0000000820600000,0x0000000820700000)]
  0x00000158fdf75ec0 JavaThread "Execution worker" [_thread_blocked, id=105164, stack(0x0000000820a00000,0x0000000820b00000)]
  0x00000158fdf768e0 JavaThread "Execution worker Thread 2" [_thread_blocked, id=94092, stack(0x0000000820b00000,0x0000000820c00000)]
  0x00000158fdf763d0 JavaThread "Execution worker Thread 3" [_thread_blocked, id=71284, stack(0x0000000820c00000,0x0000000820d00000)]
  0x00000158fdf712d0 JavaThread "Execution worker Thread 4" [_thread_blocked, id=91836, stack(0x0000000820d00000,0x0000000820e00000)]
  0x00000158fdf76df0 JavaThread "Execution worker Thread 5" [_thread_blocked, id=94720, stack(0x0000000820e00000,0x0000000820f00000)]
  0x00000158fdf77300 JavaThread "Execution worker Thread 6" [_thread_blocked, id=81672, stack(0x0000000820f00000,0x0000000821000000)]
  0x00000158fdf754a0 JavaThread "Execution worker Thread 7" [_thread_blocked, id=91588, stack(0x0000000821000000,0x0000000821100000)]
  0x00000158fdf74060 JavaThread "Cache worker for execution history cache (C:\REACT-NATIVE\calorify\node_modules\expo-dev-launcher\expo-dev-launcher-gradle-plugin\.gradle\8.6\executionHistory)" [_thread_blocked, id=44636, stack(0x0000000821100000,0x0000000821200000)]
  0x00000158fdf717e0 JavaThread "Cache worker for execution history cache (C:\REACT-NATIVE\calorify\node_modules\@react-native\gradle-plugin\.gradle\8.6\executionHistory)" [_thread_blocked, id=119992, stack(0x0000000821200000,0x0000000821300000)]
  0x00000158fdf77810 JavaThread "Unconstrained build operations Thread 17" [_thread_blocked, id=102328, stack(0x0000000821300000,0x0000000821400000)]
  0x00000158fdf72710 JavaThread "Unconstrained build operations Thread 18" [_thread_blocked, id=118024, stack(0x0000000821400000,0x0000000821500000)]
  0x00000158fdf77d20 JavaThread "Unconstrained build operations Thread 19" [_thread_blocked, id=72356, stack(0x0000000821500000,0x0000000821600000)]
  0x00000158fdf759b0 JavaThread "Unconstrained build operations Thread 20" [_thread_blocked, id=59304, stack(0x0000000821600000,0x0000000821700000)]
  0x00000158fdf74570 JavaThread "Unconstrained build operations Thread 21" [_thread_blocked, id=52844, stack(0x0000000821700000,0x0000000821800000)]
  0x00000158fdf71cf0 JavaThread "Unconstrained build operations Thread 22" [_thread_blocked, id=54296, stack(0x0000000821800000,0x0000000821900000)]
  0x00000158fdf72200 JavaThread "Unconstrained build operations Thread 23" [_thread_blocked, id=79936, stack(0x0000000821900000,0x0000000821a00000)]
  0x00000158fdf74f90 JavaThread "Unconstrained build operations Thread 24" [_thread_blocked, id=34148, stack(0x0000000821a00000,0x0000000821b00000)]
  0x00000158fdf72c20 JavaThread "Unconstrained build operations Thread 25" [_thread_blocked, id=85368, stack(0x0000000821b00000,0x0000000821c00000)]
  0x00000158fdf73640 JavaThread "Unconstrained build operations Thread 26" [_thread_blocked, id=91160, stack(0x0000000821c00000,0x0000000821d00000)]
  0x00000158fdf74a80 JavaThread "Unconstrained build operations Thread 27" [_thread_blocked, id=112516, stack(0x0000000821d00000,0x0000000821e00000)]
  0x00000158fdf70dc0 JavaThread "Unconstrained build operations Thread 28" [_thread_blocked, id=85252, stack(0x0000000821e00000,0x0000000821f00000)]
  0x00000158fdf78230 JavaThread "Unconstrained build operations Thread 29" [_thread_blocked, id=108152, stack(0x0000000821f00000,0x0000000822000000)]
  0x00000158fdf78740 JavaThread "Unconstrained build operations Thread 30" [_thread_blocked, id=78476, stack(0x0000000822000000,0x0000000822100000)]
  0x00000158ff17a300 JavaThread "Unconstrained build operations Thread 31" [_thread_blocked, id=91384, stack(0x0000000822100000,0x0000000822200000)]
  0x00000158ff179df0 JavaThread "Unconstrained build operations Thread 32" [_thread_blocked, id=101988, stack(0x0000000822200000,0x0000000822300000)]
  0x00000158ff1789b0 JavaThread "Unconstrained build operations Thread 33" [_thread_blocked, id=93572, stack(0x0000000822300000,0x0000000822400000)]
  0x00000158ff1798e0 JavaThread "Unconstrained build operations Thread 34" [_thread_blocked, id=119180, stack(0x0000000822400000,0x0000000822500000)]
  0x00000158ff177570 JavaThread "Unconstrained build operations Thread 35" [_thread_blocked, id=65364, stack(0x0000000822500000,0x0000000822600000)]
  0x00000158ff178ec0 JavaThread "Unconstrained build operations Thread 36" [_thread_blocked, id=89760, stack(0x0000000822600000,0x0000000822700000)]
  0x00000158ff177a80 JavaThread "Unconstrained build operations Thread 37" [_thread_blocked, id=52780, stack(0x0000000822700000,0x0000000822800000)]
  0x00000158ff1793d0 JavaThread "Unconstrained build operations Thread 38" [_thread_blocked, id=80780, stack(0x0000000822800000,0x0000000822900000)]
  0x00000158ff1784a0 JavaThread "Unconstrained build operations Thread 39" [_thread_blocked, id=35884, stack(0x0000000822900000,0x0000000822a00000)]
  0x00000158ff17a810 JavaThread "Unconstrained build operations Thread 40" [_thread_blocked, id=73640, stack(0x0000000822a00000,0x0000000822b00000)]
  0x00000158ff177060 JavaThread "Unconstrained build operations Thread 41" [_thread_blocked, id=78480, stack(0x0000000822b00000,0x0000000822c00000)]
  0x00000158ff177f90 JavaThread "Unconstrained build operations Thread 42" [_thread_blocked, id=104300, stack(0x0000000822c00000,0x0000000822d00000)]
  0x0000015880058a60 JavaThread "Unconstrained build operations Thread 43" [_thread_blocked, id=71564, stack(0x0000000822d00000,0x0000000822e00000)]
  0x0000015880058040 JavaThread "Unconstrained build operations Thread 44" [_thread_blocked, id=22148, stack(0x0000000822e00000,0x0000000822f00000)]
  0x000001588005b2e0 JavaThread "Unconstrained build operations Thread 45" [_thread_blocked, id=90980, stack(0x0000000822f00000,0x0000000823000000)]
  0x0000015880059480 JavaThread "Unconstrained build operations Thread 46" [_thread_blocked, id=101044, stack(0x0000000823000000,0x0000000823100000)]
  0x000001588005a3b0 JavaThread "Unconstrained build operations Thread 47" [_thread_blocked, id=102112, stack(0x0000000823100000,0x0000000823200000)]
  0x0000015880058f70 JavaThread "Unconstrained build operations Thread 48" [_thread_blocked, id=100392, stack(0x0000000823200000,0x0000000823300000)]
  0x000001588005b7f0 JavaThread "Unconstrained build operations Thread 49" [_thread_blocked, id=100868, stack(0x0000000823300000,0x0000000823400000)]
  0x0000015880059ea0 JavaThread "Unconstrained build operations Thread 50" [_thread_blocked, id=109264, stack(0x0000000823400000,0x0000000823500000)]
  0x0000015880059990 JavaThread "Unconstrained build operations Thread 51" [_thread_blocked, id=36504, stack(0x0000000823500000,0x0000000823600000)]
  0x0000015880058550 JavaThread "Unconstrained build operations Thread 52" [_thread_blocked, id=83872, stack(0x0000000823600000,0x0000000823700000)]
  0x000001588005a8c0 JavaThread "Unconstrained build operations Thread 53" [_thread_blocked, id=66152, stack(0x0000000823700000,0x0000000823800000)]
  0x000001588005add0 JavaThread "WorkerExecutor Queue" [_thread_blocked, id=85152, stack(0x0000000823800000,0x0000000823900000)]
  0x00000158fe2f5460 JavaThread "RMI Scheduler(0)" daemon [_thread_blocked, id=83032, stack(0x0000000823900000,0x0000000823a00000)]
  0x00000158fe2f68a0 JavaThread "RMI GC Daemon" daemon [_thread_blocked, id=70372, stack(0x0000000823b00000,0x0000000823c00000)]
  0x00000158fe2f7ce0 JavaThread "RMI TCP Accept-0" daemon [_thread_in_native, id=96584, stack(0x0000000823c00000,0x0000000823d00000)]
  0x00000158fe2f5970 JavaThread "RMI Reaper" [_thread_blocked, id=70776, stack(0x0000000823d00000,0x0000000823e00000)]
  0x00000158fe2f6db0 JavaThread "Unconstrained build operations Thread 54" [_thread_blocked, id=50188, stack(0x0000000823a00000,0x0000000823b00000)]
  0x00000158fe2f6390 JavaThread "Unconstrained build operations Thread 55" [_thread_blocked, id=85724, stack(0x0000000823f00000,0x0000000824000000)]
  0x00000158fe2f72c0 JavaThread "Unconstrained build operations Thread 56" [_thread_blocked, id=58104, stack(0x0000000824000000,0x0000000824100000)]
  0x00000158fe2f77d0 JavaThread "Unconstrained build operations Thread 57" [_thread_blocked, id=77120, stack(0x0000000824100000,0x0000000824200000)]
  0x00000158fe2f81f0 JavaThread "Unconstrained build operations Thread 58" [_thread_blocked, id=56072, stack(0x0000000824200000,0x0000000824300000)]
  0x00000158fe2f8700 JavaThread "Unconstrained build operations Thread 59" [_thread_blocked, id=56420, stack(0x0000000824300000,0x0000000824400000)]
  0x00000158fe2f8c10 JavaThread "Unconstrained build operations Thread 60" [_thread_blocked, id=99640, stack(0x0000000824400000,0x0000000824500000)]
  0x00000158801d8c90 JavaThread "build event listener" [_thread_blocked, id=91200, stack(0x0000000824500000,0x0000000824600000)]
  0x00000158801db510 JavaThread "ForkJoinPool.commonPool-worker-8" daemon [_thread_blocked, id=80208, stack(0x0000000820900000,0x0000000820a00000)]
  0x00000158801d96b0 JavaThread "Unconstrained build operations Thread 61" [_thread_blocked, id=73940, stack(0x0000000824800000,0x0000000824900000)]
  0x00000158801d8270 JavaThread "Unconstrained build operations Thread 62" [_thread_blocked, id=79588, stack(0x0000000824900000,0x0000000824a00000)]
  0x00000158801da5e0 JavaThread "Unconstrained build operations Thread 63" [_thread_blocked, id=25852, stack(0x0000000824a00000,0x0000000824b00000)]
  0x00000158801d4ac0 JavaThread "Unconstrained build operations Thread 64" [_thread_blocked, id=71536, stack(0x0000000824b00000,0x0000000824c00000)]
  0x00000158801d5f00 JavaThread "Unconstrained build operations Thread 65" [_thread_blocked, id=64724, stack(0x0000000824c00000,0x0000000824d00000)]
  0x00000158801dba20 JavaThread "Unconstrained build operations Thread 66" [_thread_blocked, id=89388, stack(0x0000000824d00000,0x0000000824e00000)]
  0x00000158801db000 JavaThread "Unconstrained build operations Thread 67" [_thread_blocked, id=107884, stack(0x0000000824e00000,0x0000000824f00000)]
  0x00000158fe4e6660 JavaThread "Unconstrained build operations Thread 68" [_thread_blocked, id=108360, stack(0x0000000824f00000,0x0000000825000000)]
  0x00000158fe4e9e10 JavaThread "Unconstrained build operations Thread 69" [_thread_blocked, id=21100, stack(0x0000000825000000,0x0000000825100000)]
  0x00000158fdf73130 JavaThread "Unconstrained build operations Thread 70" [_thread_blocked, id=85876, stack(0x0000000825100000,0x0000000825200000)]
  0x00000158fdf73b50 JavaThread "Unconstrained build operations Thread 71" [_thread_blocked, id=28720, stack(0x0000000825200000,0x0000000825300000)]
  0x00000158801d7850 JavaThread "Unconstrained build operations Thread 72" [_thread_blocked, id=46964, stack(0x0000000825300000,0x0000000825400000)]
  0x00000158fbdf68f0 JavaThread "Unconstrained build operations Thread 73" [_thread_blocked, id=84232, stack(0x0000000825400000,0x0000000825500000)]
  0x0000015885b7de40 JavaThread "Unconstrained build operations Thread 74" [_thread_blocked, id=113344, stack(0x0000000825500000,0x0000000825600000)]
  0x0000015885b83e70 JavaThread "Unconstrained build operations Thread 75" [_thread_blocked, id=85824, stack(0x0000000820800000,0x0000000820900000)]
  0x0000015885b7fca0 JavaThread "Unconstrained build operations Thread 76" [_thread_blocked, id=91852, stack(0x0000000825600000,0x0000000825700000)]
  0x0000015885b82f40 JavaThread "Unconstrained build operations Thread 77" [_thread_blocked, id=79108, stack(0x0000000825700000,0x0000000825800000)]
  0x0000015885b7ed70 JavaThread "Unconstrained build operations Thread 78" [_thread_blocked, id=58424, stack(0x0000000825800000,0x0000000825900000)]
  0x0000015885b7f280 JavaThread "Unconstrained build operations Thread 79" [_thread_blocked, id=65376, stack(0x0000000825900000,0x0000000825a00000)]
  0x0000015885b82a30 JavaThread "Unconstrained build operations Thread 80" [_thread_blocked, id=32932, stack(0x0000000825a00000,0x0000000825b00000)]
  0x000001588767af00 JavaThread "included builds Thread 4" [_thread_blocked, id=84084, stack(0x0000000825f00000,0x0000000826000000)]
  0x000001588767d780 JavaThread "Cache worker for execution history cache (C:\REACT-NATIVE\calorify\android\.gradle\8.6\executionHistory)" [_thread_blocked, id=115196, stack(0x0000000823e00000,0x0000000823f00000)]
  0x000001588767a4e0 JavaThread "WorkerExecutor Queue Thread 2" [_thread_blocked, id=96644, stack(0x0000000826000000,0x0000000826100000)]
  0x000001588767be30 JavaThread "WorkerExecutor Queue Thread 3" [_thread_blocked, id=59464, stack(0x0000000826100000,0x0000000826200000)]
  0x000001588767b920 JavaThread "WorkerExecutor Queue Thread 4" [_thread_blocked, id=45168, stack(0x0000000826200000,0x0000000826300000)]
  0x000001588767ebc0 JavaThread "WorkerExecutor Queue Thread 6" [_thread_blocked, id=88740, stack(0x0000000826400000,0x0000000826500000)]
  0x0000015887678b90 JavaThread "WorkerExecutor Queue Thread 7" [_thread_blocked, id=64000, stack(0x0000000826500000,0x0000000826600000)]
  0x0000015887679ac0 JavaThread "WorkerExecutor Queue Thread 8" [_thread_blocked, id=95528, stack(0x0000000826600000,0x0000000826700000)]
  0x000001588767e1a0 JavaThread "WorkerExecutor Queue Thread 9" [_thread_blocked, id=64732, stack(0x0000000820100000,0x0000000820200000)]
  0x00000158876790a0 JavaThread "pool-3-thread-1" [_thread_blocked, id=48472, stack(0x0000000824600000,0x0000000824700000)]
  0x00000158801d6920 JavaThread "stderr" [_thread_in_native, id=98104, stack(0x0000000826300000,0x0000000826400000)]
  0x00000158801d7340 JavaThread "stdout" [_thread_in_native, id=105948, stack(0x0000000826700000,0x0000000826800000)]
  0x0000015885b81b00 JavaThread "Cache worker for Java compile cache (C:\Users\Barjinder Goyal\.gradle\caches\8.6\javaCompile)" [_thread_blocked, id=39676, stack(0x0000000826800000,0x0000000826900000)]
  0x000001588733dec0 JavaThread "Build operations" [_thread_blocked, id=1388, stack(0x0000000826900000,0x0000000826a00000)]
  0x000001588733d9b0 JavaThread "Build operations Thread 2" [_thread_blocked, id=114284, stack(0x0000000826a00000,0x0000000826b00000)]
  0x000001588733ca80 JavaThread "Build operations Thread 3" [_thread_blocked, id=105384, stack(0x0000000826b00000,0x0000000826c00000)]
  0x00000158873425a0 JavaThread "Build operations Thread 4" [_thread_blocked, id=100888, stack(0x0000000826c00000,0x0000000826d00000)]
  0x0000015887342ab0 JavaThread "Build operations Thread 5" [_thread_blocked, id=76112, stack(0x0000000826d00000,0x0000000826e00000)]
  0x0000015887340c50 JavaThread "Build operations Thread 6" [_thread_blocked, id=113364, stack(0x0000000826e00000,0x0000000826f00000)]
  0x00000158873434d0 JavaThread "Build operations Thread 7" [_thread_blocked, id=110544, stack(0x0000000826f00000,0x0000000827000000)]

Other Threads:
=>0x00000158db063ec0 VMThread "VM Thread" [stack: 0x000000081b900000,0x000000081ba00000] [id=113332]
  0x00000158bccae990 WatcherThread [stack: 0x000000081c500000,0x000000081c600000] [id=76500]
  0x00000158bcc91ba0 GCTaskThread "GC Thread#0" [stack: 0x000000081b400000,0x000000081b500000] [id=64452]
  0x00000158dba3fe40 GCTaskThread "GC Thread#1" [stack: 0x000000081c600000,0x000000081c700000] [id=54704]
  0x00000158dba40100 GCTaskThread "GC Thread#2" [stack: 0x000000081c700000,0x000000081c800000] [id=2604]
  0x00000158dbb43e10 GCTaskThread "GC Thread#3" [stack: 0x000000081c800000,0x000000081c900000] [id=56328]
  0x00000158dbd4a4d0 GCTaskThread "GC Thread#4" [stack: 0x000000081c900000,0x000000081ca00000] [id=75692]
  0x00000158fc2a65f0 GCTaskThread "GC Thread#5" [stack: 0x000000081d500000,0x000000081d600000] [id=6544]
  0x00000158fbdab8c0 GCTaskThread "GC Thread#6" [stack: 0x000000081d600000,0x000000081d700000] [id=83120]
  0x00000158fb550390 GCTaskThread "GC Thread#7" [stack: 0x000000081d700000,0x000000081d800000] [id=86876]
  0x00000158bcca2a00 ConcurrentGCThread "G1 Main Marker" [stack: 0x000000081b500000,0x000000081b600000] [id=86844]
  0x00000158bcca3320 ConcurrentGCThread "G1 Conc#0" [stack: 0x000000081b600000,0x000000081b700000] [id=93392]
  0x00000158fb13c2c0 ConcurrentGCThread "G1 Conc#1" [stack: 0x000000081dd00000,0x000000081de00000] [id=67772]
  0x00000158bcced3d0 ConcurrentGCThread "G1 Refine#0" [stack: 0x000000081b700000,0x000000081b800000] [id=53360]
  0x00000158876d5fa0 ConcurrentGCThread "G1 Refine#1" [stack: 0x0000000825b00000,0x0000000825c00000] [id=100768]
  0x0000015880b79550 ConcurrentGCThread "G1 Refine#2" [stack: 0x0000000825c00000,0x0000000825d00000] [id=68800]
  0x00000158ff054720 ConcurrentGCThread "G1 Refine#3" [stack: 0x0000000825d00000,0x0000000825e00000] [id=92040]
  0x00000158806a4e10 ConcurrentGCThread "G1 Refine#4" [stack: 0x0000000825e00000,0x0000000825f00000] [id=61188]
  0x00000158bccedd10 ConcurrentGCThread "G1 Service" [stack: 0x000000081b800000,0x000000081b900000] [id=88036]

Threads with active compile tasks:

VM state: at safepoint (normal execution)

VM Mutex/Monitor currently owned by a thread:  ([mutex/lock_event])
[0x00000158bcc301b0] Threads_lock - owner thread: 0x00000158db063ec0
[0x00000158bcc30c60] Heap_lock - owner thread: 0x00000158bcca2a00

Heap address: 0x0000000080000000, size: 2048 MB, Compressed Oops mode: 32-bit

CDS archive(s) mapped at: [0x00000158dc000000-0x00000158dcbd0000-0x00000158dcbd0000), size 12386304, SharedBaseAddress: 0x00000158dc000000, ArchiveRelocationMode: 1.
Compressed class space mapped at: 0x00000158dd000000-0x00000158f7000000, reserved size: 436207616
Narrow klass base: 0x00000158dc000000, Narrow klass shift: 0, Narrow klass range: 0x100000000

GC Precious Log:
 CPUs: 8 total, 8 available
 Memory: 8039M
 Large Page Support: Disabled
 NUMA Support: Disabled
 Compressed Oops: Enabled (32-bit)
 Heap Region Size: 1M
 Heap Min Capacity: 8M
 Heap Initial Capacity: 126M
 Heap Max Capacity: 2G
 Pre-touch: Disabled
 Parallel Workers: 8
 Concurrent Workers: 2
 Concurrent Refinement Workers: 8
 Periodic GC: Disabled

Heap:
 garbage-first heap   total 552960K, used 485620K [0x0000000080000000, 0x0000000100000000)
  region size 1024K, 11 young (11264K), 3 survivors (3072K)
 Metaspace       used 158699K, committed 161408K, reserved 622592K
  class space    used 21338K, committed 22528K, reserved 425984K

Heap Regions: E=young(eden), S=young(survivor), O=old, HS=humongous(starts), HC=humongous(continues), CS=collection set, F=free, OA=open archive, CA=closed archive, TAMS=top-at-mark-start (previous, next)
|   0|0x0000000080000000, 0x0000000080100000, 0x0000000080100000|100%|HS|  |TAMS 0x0000000080100000, 0x0000000080000000| Complete 
|   1|0x0000000080100000, 0x0000000080200000, 0x0000000080200000|100%|HC|  |TAMS 0x0000000080200000, 0x0000000080100000| Complete 
|   2|0x0000000080200000, 0x0000000080300000, 0x0000000080300000|100%|HC|  |TAMS 0x0000000080300000, 0x0000000080200000| Complete 
|   3|0x0000000080300000, 0x0000000080400000, 0x0000000080400000|100%|HC|  |TAMS 0x0000000080400000, 0x0000000080300000| Complete 
|   4|0x0000000080400000, 0x0000000080500000, 0x0000000080500000|100%| O|  |TAMS 0x0000000080500000, 0x0000000080400000| Untracked 
|   5|0x0000000080500000, 0x0000000080600000, 0x0000000080600000|100%| O|  |TAMS 0x0000000080600000, 0x0000000080500000| Untracked 
|   6|0x0000000080600000, 0x0000000080700000, 0x0000000080700000|100%| O|  |TAMS 0x0000000080700000, 0x0000000080600000| Untracked 
|   7|0x0000000080700000, 0x0000000080800000, 0x0000000080800000|100%| O|  |TAMS 0x0000000080800000, 0x0000000080700000| Untracked 
|   8|0x0000000080800000, 0x0000000080900000, 0x0000000080900000|100%| O|  |TAMS 0x0000000080900000, 0x0000000080800000| Untracked 
|   9|0x0000000080900000, 0x0000000080a00000, 0x0000000080a00000|100%| O|  |TAMS 0x0000000080a00000, 0x0000000080900000| Untracked 
|  10|0x0000000080a00000, 0x0000000080b00000, 0x0000000080b00000|100%| O|  |TAMS 0x0000000080b00000, 0x0000000080a00000| Untracked 
|  11|0x0000000080b00000, 0x0000000080c00000, 0x0000000080c00000|100%| O|  |TAMS 0x0000000080c00000, 0x0000000080b00000| Untracked 
|  12|0x0000000080c00000, 0x0000000080d00000, 0x0000000080d00000|100%| O|  |TAMS 0x0000000080d00000, 0x0000000080c00000| Updating 
|  13|0x0000000080d00000, 0x0000000080e00000, 0x0000000080e00000|100%| O|  |TAMS 0x0000000080e00000, 0x0000000080d00000| Untracked 
|  14|0x0000000080e00000, 0x0000000080f00000, 0x0000000080f00000|100%| O|  |TAMS 0x0000000080f00000, 0x0000000080e00000| Untracked 
|  15|0x0000000080f00000, 0x0000000081000000, 0x0000000081000000|100%| O|  |TAMS 0x0000000081000000, 0x0000000080f00000| Untracked 
|  16|0x0000000081000000, 0x0000000081100000, 0x0000000081100000|100%| O|  |TAMS 0x0000000081100000, 0x0000000081000000| Untracked 
|  17|0x0000000081100000, 0x0000000081200000, 0x0000000081200000|100%| O|  |TAMS 0x0000000081200000, 0x0000000081100000| Untracked 
|  18|0x0000000081200000, 0x0000000081300000, 0x0000000081300000|100%| O|  |TAMS 0x0000000081300000, 0x0000000081200000| Untracked 
|  19|0x0000000081300000, 0x0000000081400000, 0x0000000081400000|100%| O|  |TAMS 0x0000000081400000, 0x0000000081300000| Untracked 
|  20|0x0000000081400000, 0x0000000081500000, 0x0000000081500000|100%| O|  |TAMS 0x0000000081500000, 0x0000000081400000| Untracked 
|  21|0x0000000081500000, 0x0000000081600000, 0x0000000081600000|100%| O|  |TAMS 0x0000000081600000, 0x0000000081500000| Untracked 
|  22|0x0000000081600000, 0x0000000081700000, 0x0000000081700000|100%| O|  |TAMS 0x0000000081700000, 0x0000000081600000| Untracked 
|  23|0x0000000081700000, 0x0000000081800000, 0x0000000081800000|100%| O|  |TAMS 0x0000000081800000, 0x0000000081700000| Updating 
|  24|0x0000000081800000, 0x0000000081900000, 0x0000000081900000|100%| O|  |TAMS 0x0000000081900000, 0x0000000081800000| Untracked 
|  25|0x0000000081900000, 0x0000000081a00000, 0x0000000081a00000|100%| O|  |TAMS 0x0000000081a00000, 0x0000000081900000| Updating 
|  26|0x0000000081a00000, 0x0000000081b00000, 0x0000000081b00000|100%| O|  |TAMS 0x0000000081b00000, 0x0000000081a00000| Untracked 
|  27|0x0000000081b00000, 0x0000000081c00000, 0x0000000081c00000|100%| O|  |TAMS 0x0000000081c00000, 0x0000000081b00000| Untracked 
|  28|0x0000000081c00000, 0x0000000081d00000, 0x0000000081d00000|100%| O|  |TAMS 0x0000000081d00000, 0x0000000081c00000| Updating 
|  29|0x0000000081d00000, 0x0000000081e00000, 0x0000000081e00000|100%| O|  |TAMS 0x0000000081e00000, 0x0000000081d00000| Untracked 
|  30|0x0000000081e00000, 0x0000000081f00000, 0x0000000081f00000|100%| O|  |TAMS 0x0000000081f00000, 0x0000000081e00000| Untracked 
|  31|0x0000000081f00000, 0x0000000082000000, 0x0000000082000000|100%| O|  |TAMS 0x0000000082000000, 0x0000000081f00000| Updating 
|  32|0x0000000082000000, 0x0000000082100000, 0x0000000082100000|100%| O|  |TAMS 0x0000000082100000, 0x0000000082000000| Updating 
|  33|0x0000000082100000, 0x0000000082200000, 0x0000000082200000|100%| O|  |TAMS 0x0000000082200000, 0x0000000082100000| Updating 
|  34|0x0000000082200000, 0x0000000082300000, 0x0000000082300000|100%| O|  |TAMS 0x0000000082300000, 0x0000000082200000| Updating 
|  35|0x0000000082300000, 0x0000000082400000, 0x0000000082400000|100%| O|  |TAMS 0x0000000082400000, 0x0000000082300000| Untracked 
|  36|0x0000000082400000, 0x0000000082500000, 0x0000000082500000|100%| O|  |TAMS 0x0000000082500000, 0x0000000082400000| Updating 
|  37|0x0000000082500000, 0x0000000082600000, 0x0000000082600000|100%| O|  |TAMS 0x0000000082600000, 0x0000000082500000| Untracked 
|  38|0x0000000082600000, 0x00000000826ffff8, 0x0000000082700000| 99%| O|  |TAMS 0x00000000826ffff8, 0x0000000082600000| Untracked 
|  39|0x0000000082700000, 0x0000000082800000, 0x0000000082800000|100%| O|  |TAMS 0x0000000082800000, 0x0000000082700000| Updating 
|  40|0x0000000082800000, 0x0000000082900000, 0x0000000082900000|100%| O|  |TAMS 0x0000000082900000, 0x0000000082800000| Updating 
|  41|0x0000000082900000, 0x0000000082a00000, 0x0000000082a00000|100%| O|  |TAMS 0x0000000082a00000, 0x0000000082900000| Updating 
|  42|0x0000000082a00000, 0x0000000082b00000, 0x0000000082b00000|100%| O|  |TAMS 0x0000000082b00000, 0x0000000082a00000| Untracked 
|  43|0x0000000082b00000, 0x0000000082c00000, 0x0000000082c00000|100%| O|  |TAMS 0x0000000082c00000, 0x0000000082b00000| Updating 
|  44|0x0000000082c00000, 0x0000000082d00000, 0x0000000082d00000|100%| O|  |TAMS 0x0000000082d00000, 0x0000000082c00000| Untracked 
|  45|0x0000000082d00000, 0x0000000082e00000, 0x0000000082e00000|100%| O|  |TAMS 0x0000000082e00000, 0x0000000082d00000| Untracked 
|  46|0x0000000082e00000, 0x0000000082f00000, 0x0000000082f00000|100%| O|  |TAMS 0x0000000082f00000, 0x0000000082e00000| Updating 
|  47|0x0000000082f00000, 0x0000000083000000, 0x0000000083000000|100%|HS|  |TAMS 0x0000000083000000, 0x0000000082f00000| Complete 
|  48|0x0000000083000000, 0x0000000083100000, 0x0000000083100000|100%|HC|  |TAMS 0x0000000083100000, 0x0000000083000000| Complete 
|  49|0x0000000083100000, 0x0000000083200000, 0x0000000083200000|100%|HS|  |TAMS 0x0000000083200000, 0x0000000083100000| Complete 
|  50|0x0000000083200000, 0x0000000083300000, 0x0000000083300000|100%|HC|  |TAMS 0x0000000083300000, 0x0000000083200000| Complete 
|  51|0x0000000083300000, 0x0000000083400000, 0x0000000083400000|100%| O|  |TAMS 0x0000000083400000, 0x0000000083300000| Untracked 
|  52|0x0000000083400000, 0x0000000083500000, 0x0000000083500000|100%| O|  |TAMS 0x0000000083500000, 0x0000000083400000| Updating 
|  53|0x0000000083500000, 0x0000000083600000, 0x0000000083600000|100%| O|  |TAMS 0x0000000083600000, 0x0000000083500000| Updating 
|  54|0x0000000083600000, 0x0000000083700000, 0x0000000083700000|100%|HS|  |TAMS 0x0000000083700000, 0x0000000083600000| Complete 
|  55|0x0000000083700000, 0x0000000083800000, 0x0000000083800000|100%|HC|  |TAMS 0x0000000083800000, 0x0000000083700000| Complete 
|  56|0x0000000083800000, 0x0000000083900000, 0x0000000083900000|100%|HC|  |TAMS 0x0000000083900000, 0x0000000083800000| Complete 
|  57|0x0000000083900000, 0x0000000083a00000, 0x0000000083a00000|100%|HC|  |TAMS 0x0000000083a00000, 0x0000000083900000| Complete 
|  58|0x0000000083a00000, 0x0000000083b00000, 0x0000000083b00000|100%| O|  |TAMS 0x0000000083b00000, 0x0000000083a00000| Untracked 
|  59|0x0000000083b00000, 0x0000000083c00000, 0x0000000083c00000|100%| O|  |TAMS 0x0000000083c00000, 0x0000000083b00000| Untracked 
|  60|0x0000000083c00000, 0x0000000083d00000, 0x0000000083d00000|100%|HS|  |TAMS 0x0000000083d00000, 0x0000000083c00000| Complete 
|  61|0x0000000083d00000, 0x0000000083e00000, 0x0000000083e00000|100%|HC|  |TAMS 0x0000000083e00000, 0x0000000083d00000| Complete 
|  62|0x0000000083e00000, 0x0000000083f00000, 0x0000000083f00000|100%|HC|  |TAMS 0x0000000083f00000, 0x0000000083e00000| Complete 
|  63|0x0000000083f00000, 0x0000000084000000, 0x0000000084000000|100%|HC|  |TAMS 0x0000000084000000, 0x0000000083f00000| Complete 
|  64|0x0000000084000000, 0x0000000084100000, 0x0000000084100000|100%| O|  |TAMS 0x0000000084100000, 0x0000000084000000| Untracked 
|  65|0x0000000084100000, 0x0000000084200000, 0x0000000084200000|100%| O|  |TAMS 0x0000000084200000, 0x0000000084100000| Updating 
|  66|0x0000000084200000, 0x0000000084300000, 0x0000000084300000|100%| O|  |TAMS 0x0000000084300000, 0x0000000084200000| Updating 
|  67|0x0000000084300000, 0x0000000084400000, 0x0000000084400000|100%| O|  |TAMS 0x0000000084400000, 0x0000000084300000| Updating 
|  68|0x0000000084400000, 0x0000000084500000, 0x0000000084500000|100%| O|  |TAMS 0x0000000084500000, 0x0000000084400000| Updating 
|  69|0x0000000084500000, 0x0000000084600000, 0x0000000084600000|100%| O|  |TAMS 0x0000000084600000, 0x0000000084500000| Untracked 
|  70|0x0000000084600000, 0x0000000084700000, 0x0000000084700000|100%|HS|  |TAMS 0x0000000084700000, 0x0000000084600000| Complete 
|  71|0x0000000084700000, 0x0000000084800000, 0x0000000084800000|100%|HC|  |TAMS 0x0000000084800000, 0x0000000084700000| Complete 
|  72|0x0000000084800000, 0x0000000084900000, 0x0000000084900000|100%|HS|  |TAMS 0x0000000084900000, 0x0000000084800000| Complete 
|  73|0x0000000084900000, 0x0000000084a00000, 0x0000000084a00000|100%|HC|  |TAMS 0x0000000084a00000, 0x0000000084900000| Complete 
|  74|0x0000000084a00000, 0x0000000084b00000, 0x0000000084b00000|100%|HS|  |TAMS 0x0000000084b00000, 0x0000000084a00000| Complete 
|  75|0x0000000084b00000, 0x0000000084c00000, 0x0000000084c00000|100%|HC|  |TAMS 0x0000000084c00000, 0x0000000084b00000| Complete 
|  76|0x0000000084c00000, 0x0000000084d00000, 0x0000000084d00000|100%|HC|  |TAMS 0x0000000084d00000, 0x0000000084c00000| Complete 
|  77|0x0000000084d00000, 0x0000000084e00000, 0x0000000084e00000|100%|HC|  |TAMS 0x0000000084e00000, 0x0000000084d00000| Complete 
|  78|0x0000000084e00000, 0x0000000084f00000, 0x0000000084f00000|100%|HS|  |TAMS 0x0000000084f00000, 0x0000000084e00000| Complete 
|  79|0x0000000084f00000, 0x0000000085000000, 0x0000000085000000|100%|HC|  |TAMS 0x0000000085000000, 0x0000000084f00000| Complete 
|  80|0x0000000085000000, 0x0000000085100000, 0x0000000085100000|100%|HC|  |TAMS 0x0000000085100000, 0x0000000085000000| Complete 
|  81|0x0000000085100000, 0x0000000085200000, 0x0000000085200000|100%|HC|  |TAMS 0x0000000085200000, 0x0000000085100000| Complete 
|  82|0x0000000085200000, 0x0000000085300000, 0x0000000085300000|100%| O|  |TAMS 0x0000000085300000, 0x0000000085200000| Untracked 
|  83|0x0000000085300000, 0x0000000085400000, 0x0000000085400000|100%| O|  |TAMS 0x0000000085400000, 0x0000000085300000| Untracked 
|  84|0x0000000085400000, 0x0000000085500000, 0x0000000085500000|100%| O|  |TAMS 0x0000000085500000, 0x0000000085400000| Untracked 
|  85|0x0000000085500000, 0x0000000085600000, 0x0000000085600000|100%| O|  |TAMS 0x0000000085600000, 0x0000000085500000| Untracked 
|  86|0x0000000085600000, 0x0000000085700000, 0x0000000085700000|100%| O|  |TAMS 0x0000000085700000, 0x0000000085600000| Untracked 
|  87|0x0000000085700000, 0x0000000085800000, 0x0000000085800000|100%| O|  |TAMS 0x0000000085800000, 0x0000000085700000| Untracked 
|  88|0x0000000085800000, 0x0000000085900000, 0x0000000085900000|100%| O|  |TAMS 0x0000000085900000, 0x0000000085800000| Untracked 
|  89|0x0000000085900000, 0x0000000085a00000, 0x0000000085a00000|100%| O|  |TAMS 0x0000000085a00000, 0x0000000085900000| Untracked 
|  90|0x0000000085a00000, 0x0000000085b00000, 0x0000000085b00000|100%| O|  |TAMS 0x0000000085b00000, 0x0000000085a00000| Updating 
|  91|0x0000000085b00000, 0x0000000085c00000, 0x0000000085c00000|100%| O|  |TAMS 0x0000000085c00000, 0x0000000085b00000| Untracked 
|  92|0x0000000085c00000, 0x0000000085d00000, 0x0000000085d00000|100%| O|  |TAMS 0x0000000085d00000, 0x0000000085c00000| Untracked 
|  93|0x0000000085d00000, 0x0000000085e00000, 0x0000000085e00000|100%| O|  |TAMS 0x0000000085e00000, 0x0000000085d00000| Untracked 
|  94|0x0000000085e00000, 0x0000000085f00000, 0x0000000085f00000|100%| O|  |TAMS 0x0000000085f00000, 0x0000000085e00000| Untracked 
|  95|0x0000000085f00000, 0x0000000086000000, 0x0000000086000000|100%| O|  |TAMS 0x0000000086000000, 0x0000000085f00000| Untracked 
|  96|0x0000000086000000, 0x0000000086100000, 0x0000000086100000|100%|HS|  |TAMS 0x0000000086100000, 0x0000000086000000| Complete 
|  97|0x0000000086100000, 0x0000000086200000, 0x0000000086200000|100%|HS|  |TAMS 0x0000000086200000, 0x0000000086100000| Complete 
|  98|0x0000000086200000, 0x0000000086300000, 0x0000000086300000|100%|HS|  |TAMS 0x0000000086300000, 0x0000000086200000| Complete 
|  99|0x0000000086300000, 0x0000000086400000, 0x0000000086400000|100%| O|  |TAMS 0x0000000086400000, 0x0000000086300000| Untracked 
| 100|0x0000000086400000, 0x0000000086500000, 0x0000000086500000|100%| O|  |TAMS 0x0000000086500000, 0x0000000086400000| Untracked 
| 101|0x0000000086500000, 0x0000000086600000, 0x0000000086600000|100%| O|  |TAMS 0x0000000086600000, 0x0000000086500000| Untracked 
| 102|0x0000000086600000, 0x0000000086700000, 0x0000000086700000|100%| O|  |TAMS 0x0000000086700000, 0x0000000086600000| Updating 
| 103|0x0000000086700000, 0x0000000086800000, 0x0000000086800000|100%| O|  |TAMS 0x0000000086800000, 0x0000000086700000| Untracked 
| 104|0x0000000086800000, 0x0000000086900000, 0x0000000086900000|100%| O|  |TAMS 0x0000000086900000, 0x0000000086800000| Updating 
| 105|0x0000000086900000, 0x0000000086a00000, 0x0000000086a00000|100%| O|  |TAMS 0x0000000086a00000, 0x0000000086900000| Untracked 
| 106|0x0000000086a00000, 0x0000000086b00000, 0x0000000086b00000|100%|HS|  |TAMS 0x0000000086b00000, 0x0000000086a00000| Complete 
| 107|0x0000000086b00000, 0x0000000086c00000, 0x0000000086c00000|100%|HS|  |TAMS 0x0000000086c00000, 0x0000000086b00000| Complete 
| 108|0x0000000086c00000, 0x0000000086d00000, 0x0000000086d00000|100%| O|  |TAMS 0x0000000086d00000, 0x0000000086c00000| Untracked 
| 109|0x0000000086d00000, 0x0000000086e00000, 0x0000000086e00000|100%| O|  |TAMS 0x0000000086e00000, 0x0000000086d00000| Updating 
| 110|0x0000000086e00000, 0x0000000086f00000, 0x0000000086f00000|100%| O|  |TAMS 0x0000000086f00000, 0x0000000086e00000| Untracked 
| 111|0x0000000086f00000, 0x0000000087000000, 0x0000000087000000|100%| O|  |TAMS 0x0000000087000000, 0x0000000086f00000| Untracked 
| 112|0x0000000087000000, 0x0000000087100000, 0x0000000087100000|100%| O|  |TAMS 0x0000000087100000, 0x0000000087000000| Updating 
| 113|0x0000000087100000, 0x0000000087200000, 0x0000000087200000|100%| O|  |TAMS 0x0000000087200000, 0x0000000087100000| Updating 
| 114|0x0000000087200000, 0x0000000087300000, 0x0000000087300000|100%| O|  |TAMS 0x0000000087300000, 0x0000000087200000| Updating 
| 115|0x0000000087300000, 0x0000000087400000, 0x0000000087400000|100%| O|  |TAMS 0x0000000087400000, 0x0000000087300000| Updating 
| 116|0x0000000087400000, 0x0000000087500000, 0x0000000087500000|100%| O|  |TAMS 0x0000000087500000, 0x0000000087400000| Untracked 
| 117|0x0000000087500000, 0x0000000087600000, 0x0000000087600000|100%| O|  |TAMS 0x0000000087600000, 0x0000000087500000| Untracked 
| 118|0x0000000087600000, 0x0000000087700000, 0x0000000087700000|100%| O|  |TAMS 0x0000000087700000, 0x0000000087600000| Updating 
| 119|0x0000000087700000, 0x0000000087800000, 0x0000000087800000|100%| O|  |TAMS 0x0000000087800000, 0x0000000087700000| Untracked 
| 120|0x0000000087800000, 0x0000000087900000, 0x0000000087900000|100%| O|  |TAMS 0x0000000087900000, 0x0000000087800000| Untracked 
| 121|0x0000000087900000, 0x0000000087a00000, 0x0000000087a00000|100%| O|  |TAMS 0x0000000087a00000, 0x0000000087900000| Untracked 
| 122|0x0000000087a00000, 0x0000000087b00000, 0x0000000087b00000|100%| O|  |TAMS 0x0000000087b00000, 0x0000000087a00000| Untracked 
| 123|0x0000000087b00000, 0x0000000087c00000, 0x0000000087c00000|100%| O|  |TAMS 0x0000000087c00000, 0x0000000087b00000| Updating 
| 124|0x0000000087c00000, 0x0000000087d00000, 0x0000000087d00000|100%| O|  |TAMS 0x0000000087d00000, 0x0000000087c00000| Updating 
| 125|0x0000000087d00000, 0x0000000087e00000, 0x0000000087e00000|100%| O|  |TAMS 0x0000000087e00000, 0x0000000087d00000| Untracked 
| 126|0x0000000087e00000, 0x0000000087f00000, 0x0000000087f00000|100%| O|  |TAMS 0x0000000087f00000, 0x0000000087e00000| Untracked 
| 127|0x0000000087f00000, 0x0000000088000000, 0x0000000088000000|100%| O|  |TAMS 0x0000000088000000, 0x0000000087f00000| Updating 
| 128|0x0000000088000000, 0x0000000088100000, 0x0000000088100000|100%| O|  |TAMS 0x0000000088100000, 0x0000000088000000| Untracked 
| 129|0x0000000088100000, 0x0000000088200000, 0x0000000088200000|100%| O|  |TAMS 0x0000000088200000, 0x0000000088100000| Untracked 
| 130|0x0000000088200000, 0x0000000088300000, 0x0000000088300000|100%| O|  |TAMS 0x0000000088300000, 0x0000000088200000| Untracked 
| 131|0x0000000088300000, 0x0000000088400000, 0x0000000088400000|100%| O|  |TAMS 0x0000000088400000, 0x0000000088300000| Untracked 
| 132|0x0000000088400000, 0x0000000088500000, 0x0000000088500000|100%| O|  |TAMS 0x0000000088500000, 0x0000000088400000| Untracked 
| 133|0x0000000088500000, 0x0000000088600000, 0x0000000088600000|100%| O|  |TAMS 0x0000000088600000, 0x0000000088500000| Updating 
| 134|0x0000000088600000, 0x0000000088700000, 0x0000000088700000|100%| O|  |TAMS 0x0000000088700000, 0x0000000088600000| Updating 
| 135|0x0000000088700000, 0x0000000088800000, 0x0000000088800000|100%| O|  |TAMS 0x0000000088800000, 0x0000000088700000| Updating 
| 136|0x0000000088800000, 0x0000000088900000, 0x0000000088900000|100%| O|  |TAMS 0x0000000088900000, 0x0000000088800000| Untracked 
| 137|0x0000000088900000, 0x0000000088a00000, 0x0000000088a00000|100%| O|  |TAMS 0x0000000088a00000, 0x0000000088900000| Untracked 
| 138|0x0000000088a00000, 0x0000000088b00000, 0x0000000088b00000|100%| O|  |TAMS 0x0000000088b00000, 0x0000000088a00000| Untracked 
| 139|0x0000000088b00000, 0x0000000088c00000, 0x0000000088c00000|100%| O|  |TAMS 0x0000000088c00000, 0x0000000088b00000| Untracked 
| 140|0x0000000088c00000, 0x0000000088d00000, 0x0000000088d00000|100%| O|  |TAMS 0x0000000088d00000, 0x0000000088c00000| Untracked 
| 141|0x0000000088d00000, 0x0000000088e00000, 0x0000000088e00000|100%| O|  |TAMS 0x0000000088e00000, 0x0000000088d00000| Untracked 
| 142|0x0000000088e00000, 0x0000000088f00000, 0x0000000088f00000|100%| O|  |TAMS 0x0000000088f00000, 0x0000000088e00000| Untracked 
| 143|0x0000000088f00000, 0x0000000089000000, 0x0000000089000000|100%| O|  |TAMS 0x0000000089000000, 0x0000000088f00000| Untracked 
| 144|0x0000000089000000, 0x0000000089100000, 0x0000000089100000|100%| O|  |TAMS 0x0000000089100000, 0x0000000089000000| Updating 
| 145|0x0000000089100000, 0x0000000089200000, 0x0000000089200000|100%| O|  |TAMS 0x0000000089200000, 0x0000000089100000| Updating 
| 146|0x0000000089200000, 0x0000000089300000, 0x0000000089300000|100%| O|  |TAMS 0x0000000089300000, 0x0000000089200000| Updating 
| 147|0x0000000089300000, 0x0000000089400000, 0x0000000089400000|100%| O|  |TAMS 0x0000000089400000, 0x0000000089300000| Updating 
| 148|0x0000000089400000, 0x0000000089500000, 0x0000000089500000|100%| O|  |TAMS 0x0000000089500000, 0x0000000089400000| Updating 
| 149|0x0000000089500000, 0x0000000089600000, 0x0000000089600000|100%| O|  |TAMS 0x0000000089600000, 0x0000000089500000| Updating 
| 150|0x0000000089600000, 0x0000000089700000, 0x0000000089700000|100%| O|  |TAMS 0x0000000089700000, 0x0000000089600000| Updating 
| 151|0x0000000089700000, 0x0000000089800000, 0x0000000089800000|100%| O|  |TAMS 0x0000000089800000, 0x0000000089700000| Untracked 
| 152|0x0000000089800000, 0x0000000089900000, 0x0000000089900000|100%| O|  |TAMS 0x0000000089900000, 0x0000000089800000| Untracked 
| 153|0x0000000089900000, 0x0000000089a00000, 0x0000000089a00000|100%| O|  |TAMS 0x0000000089a00000, 0x0000000089900000| Updating 
| 154|0x0000000089a00000, 0x0000000089b00000, 0x0000000089b00000|100%| O|  |TAMS 0x0000000089b00000, 0x0000000089a00000| Untracked 
| 155|0x0000000089b00000, 0x0000000089c00000, 0x0000000089c00000|100%| O|  |TAMS 0x0000000089c00000, 0x0000000089b00000| Untracked 
| 156|0x0000000089c00000, 0x0000000089d00000, 0x0000000089d00000|100%| O|  |TAMS 0x0000000089d00000, 0x0000000089c00000| Untracked 
| 157|0x0000000089d00000, 0x0000000089e00000, 0x0000000089e00000|100%| O|  |TAMS 0x0000000089e00000, 0x0000000089d00000| Untracked 
| 158|0x0000000089e00000, 0x0000000089f00000, 0x0000000089f00000|100%| O|  |TAMS 0x0000000089f00000, 0x0000000089e00000| Untracked 
| 159|0x0000000089f00000, 0x000000008a000000, 0x000000008a000000|100%| O|  |TAMS 0x000000008a000000, 0x0000000089f00000| Untracked 
| 160|0x000000008a000000, 0x000000008a100000, 0x000000008a100000|100%| O|  |TAMS 0x000000008a100000, 0x000000008a000000| Untracked 
| 161|0x000000008a100000, 0x000000008a200000, 0x000000008a200000|100%| O|  |TAMS 0x000000008a200000, 0x000000008a100000| Untracked 
| 162|0x000000008a200000, 0x000000008a300000, 0x000000008a300000|100%| O|  |TAMS 0x000000008a300000, 0x000000008a200000| Untracked 
| 163|0x000000008a300000, 0x000000008a400000, 0x000000008a400000|100%| O|  |TAMS 0x000000008a400000, 0x000000008a300000| Untracked 
| 164|0x000000008a400000, 0x000000008a500000, 0x000000008a500000|100%| O|  |TAMS 0x000000008a500000, 0x000000008a400000| Untracked 
| 165|0x000000008a500000, 0x000000008a600000, 0x000000008a600000|100%| O|  |TAMS 0x000000008a600000, 0x000000008a500000| Updating 
| 166|0x000000008a600000, 0x000000008a700000, 0x000000008a700000|100%| O|  |TAMS 0x000000008a700000, 0x000000008a600000| Updating 
| 167|0x000000008a700000, 0x000000008a800000, 0x000000008a800000|100%|HS|  |TAMS 0x000000008a800000, 0x000000008a700000| Complete 
| 168|0x000000008a800000, 0x000000008a900000, 0x000000008a900000|100%|HS|  |TAMS 0x000000008a900000, 0x000000008a800000| Complete 
| 169|0x000000008a900000, 0x000000008aa00000, 0x000000008aa00000|100%|HS|  |TAMS 0x000000008aa00000, 0x000000008a900000| Complete 
| 170|0x000000008aa00000, 0x000000008ab00000, 0x000000008ab00000|100%|HC|  |TAMS 0x000000008ab00000, 0x000000008aa00000| Complete 
| 171|0x000000008ab00000, 0x000000008ac00000, 0x000000008ac00000|100%| O|  |TAMS 0x000000008ac00000, 0x000000008ab00000| Untracked 
| 172|0x000000008ac00000, 0x000000008ad00000, 0x000000008ad00000|100%| O|  |TAMS 0x000000008ad00000, 0x000000008ac00000| Untracked 
| 173|0x000000008ad00000, 0x000000008ae00000, 0x000000008ae00000|100%| O|  |TAMS 0x000000008ae00000, 0x000000008ad00000| Untracked 
| 174|0x000000008ae00000, 0x000000008af00000, 0x000000008af00000|100%| O|  |TAMS 0x000000008af00000, 0x000000008ae00000| Untracked 
| 175|0x000000008af00000, 0x000000008b000000, 0x000000008b000000|100%| O|  |TAMS 0x000000008b000000, 0x000000008af00000| Updating 
| 176|0x000000008b000000, 0x000000008b100000, 0x000000008b100000|100%| O|  |TAMS 0x000000008b100000, 0x000000008b000000| Updating 
| 177|0x000000008b100000, 0x000000008b200000, 0x000000008b200000|100%| O|  |TAMS 0x000000008b200000, 0x000000008b100000| Untracked 
| 178|0x000000008b200000, 0x000000008b300000, 0x000000008b300000|100%| O|  |TAMS 0x000000008b300000, 0x000000008b200000| Untracked 
| 179|0x000000008b300000, 0x000000008b400000, 0x000000008b400000|100%| O|  |TAMS 0x000000008b400000, 0x000000008b300000| Updating 
| 180|0x000000008b400000, 0x000000008b500000, 0x000000008b500000|100%| O|  |TAMS 0x000000008b500000, 0x000000008b400000| Untracked 
| 181|0x000000008b500000, 0x000000008b600000, 0x000000008b600000|100%| O|  |TAMS 0x000000008b600000, 0x000000008b500000| Untracked 
| 182|0x000000008b600000, 0x000000008b700000, 0x000000008b700000|100%| O|  |TAMS 0x000000008b700000, 0x000000008b600000| Updating 
| 183|0x000000008b700000, 0x000000008b800000, 0x000000008b800000|100%| O|  |TAMS 0x000000008b800000, 0x000000008b700000| Updating 
| 184|0x000000008b800000, 0x000000008b900000, 0x000000008b900000|100%| O|  |TAMS 0x000000008b900000, 0x000000008b800000| Untracked 
| 185|0x000000008b900000, 0x000000008ba00000, 0x000000008ba00000|100%| O|  |TAMS 0x000000008ba00000, 0x000000008b900000| Updating 
| 186|0x000000008ba00000, 0x000000008bb00000, 0x000000008bb00000|100%| O|  |TAMS 0x000000008bb00000, 0x000000008ba00000| Updating 
| 187|0x000000008bb00000, 0x000000008bc00000, 0x000000008bc00000|100%| O|  |TAMS 0x000000008bc00000, 0x000000008bb00000| Updating 
| 188|0x000000008bc00000, 0x000000008bd00000, 0x000000008bd00000|100%| O|  |TAMS 0x000000008bd00000, 0x000000008bc00000| Updating 
| 189|0x000000008bd00000, 0x000000008be00000, 0x000000008be00000|100%| O|  |TAMS 0x000000008be00000, 0x000000008bd00000| Untracked 
| 190|0x000000008be00000, 0x000000008bf00000, 0x000000008bf00000|100%| O|  |TAMS 0x000000008bf00000, 0x000000008be00000| Untracked 
| 191|0x000000008bf00000, 0x000000008c000000, 0x000000008c000000|100%| O|  |TAMS 0x000000008c000000, 0x000000008bf00000| Untracked 
| 192|0x000000008c000000, 0x000000008c100000, 0x000000008c100000|100%| O|  |TAMS 0x000000008c100000, 0x000000008c000000| Untracked 
| 193|0x000000008c100000, 0x000000008c200000, 0x000000008c200000|100%| O|  |TAMS 0x000000008c200000, 0x000000008c100000| Untracked 
| 194|0x000000008c200000, 0x000000008c300000, 0x000000008c300000|100%| O|  |TAMS 0x000000008c300000, 0x000000008c200000| Untracked 
| 195|0x000000008c300000, 0x000000008c400000, 0x000000008c400000|100%| O|  |TAMS 0x000000008c400000, 0x000000008c300000| Untracked 
| 196|0x000000008c400000, 0x000000008c500000, 0x000000008c500000|100%| O|  |TAMS 0x000000008c500000, 0x000000008c400000| Untracked 
| 197|0x000000008c500000, 0x000000008c600000, 0x000000008c600000|100%| O|  |TAMS 0x000000008c600000, 0x000000008c500000| Untracked 
| 198|0x000000008c600000, 0x000000008c700000, 0x000000008c700000|100%| O|  |TAMS 0x000000008c700000, 0x000000008c600000| Untracked 
| 199|0x000000008c700000, 0x000000008c800000, 0x000000008c800000|100%| O|  |TAMS 0x000000008c800000, 0x000000008c700000| Untracked 
| 200|0x000000008c800000, 0x000000008c900000, 0x000000008c900000|100%| O|  |TAMS 0x000000008c900000, 0x000000008c800000| Untracked 
| 201|0x000000008c900000, 0x000000008ca00000, 0x000000008ca00000|100%| O|  |TAMS 0x000000008ca00000, 0x000000008c900000| Untracked 
| 202|0x000000008ca00000, 0x000000008cb00000, 0x000000008cb00000|100%| O|  |TAMS 0x000000008cb00000, 0x000000008ca00000| Untracked 
| 203|0x000000008cb00000, 0x000000008cc00000, 0x000000008cc00000|100%| O|  |TAMS 0x000000008cc00000, 0x000000008cb00000| Untracked 
| 204|0x000000008cc00000, 0x000000008cd00000, 0x000000008cd00000|100%| O|  |TAMS 0x000000008cd00000, 0x000000008cc00000| Untracked 
| 205|0x000000008cd00000, 0x000000008ce00000, 0x000000008ce00000|100%| O|  |TAMS 0x000000008ce00000, 0x000000008cd00000| Updating 
| 206|0x000000008ce00000, 0x000000008cf00000, 0x000000008cf00000|100%| O|  |TAMS 0x000000008cf00000, 0x000000008ce00000| Untracked 
| 207|0x000000008cf00000, 0x000000008d000000, 0x000000008d000000|100%| O|  |TAMS 0x000000008d000000, 0x000000008cf00000| Updating 
| 208|0x000000008d000000, 0x000000008d100000, 0x000000008d100000|100%| O|  |TAMS 0x000000008d100000, 0x000000008d000000| Untracked 
| 209|0x000000008d100000, 0x000000008d200000, 0x000000008d200000|100%| O|  |TAMS 0x000000008d200000, 0x000000008d100000| Untracked 
| 210|0x000000008d200000, 0x000000008d300000, 0x000000008d300000|100%| O|  |TAMS 0x000000008d300000, 0x000000008d200000| Untracked 
| 211|0x000000008d300000, 0x000000008d400000, 0x000000008d400000|100%| O|  |TAMS 0x000000008d400000, 0x000000008d300000| Untracked 
| 212|0x000000008d400000, 0x000000008d500000, 0x000000008d500000|100%| O|  |TAMS 0x000000008d500000, 0x000000008d400000| Untracked 
| 213|0x000000008d500000, 0x000000008d600000, 0x000000008d600000|100%| O|  |TAMS 0x000000008d600000, 0x000000008d500000| Untracked 
| 214|0x000000008d600000, 0x000000008d700000, 0x000000008d700000|100%| O|  |TAMS 0x000000008d700000, 0x000000008d600000| Untracked 
| 215|0x000000008d700000, 0x000000008d800000, 0x000000008d800000|100%| O|  |TAMS 0x000000008d800000, 0x000000008d700000| Untracked 
| 216|0x000000008d800000, 0x000000008d900000, 0x000000008d900000|100%| O|  |TAMS 0x000000008d900000, 0x000000008d800000| Untracked 
| 217|0x000000008d900000, 0x000000008da00000, 0x000000008da00000|100%| O|  |TAMS 0x000000008da00000, 0x000000008d900000| Untracked 
| 218|0x000000008da00000, 0x000000008db00000, 0x000000008db00000|100%| O|  |TAMS 0x000000008db00000, 0x000000008da00000| Untracked 
| 219|0x000000008db00000, 0x000000008dc00000, 0x000000008dc00000|100%| O|  |TAMS 0x000000008dc00000, 0x000000008db00000| Untracked 
| 220|0x000000008dc00000, 0x000000008dd00000, 0x000000008dd00000|100%| O|  |TAMS 0x000000008dd00000, 0x000000008dc00000| Untracked 
| 221|0x000000008dd00000, 0x000000008de00000, 0x000000008de00000|100%| O|  |TAMS 0x000000008de00000, 0x000000008dd00000| Untracked 
| 222|0x000000008de00000, 0x000000008df00000, 0x000000008df00000|100%| O|  |TAMS 0x000000008df00000, 0x000000008de00000| Untracked 
| 223|0x000000008df00000, 0x000000008e000000, 0x000000008e000000|100%| O|  |TAMS 0x000000008e000000, 0x000000008df00000| Untracked 
| 224|0x000000008e000000, 0x000000008e100000, 0x000000008e100000|100%| O|  |TAMS 0x000000008e100000, 0x000000008e000000| Untracked 
| 225|0x000000008e100000, 0x000000008e200000, 0x000000008e200000|100%| O|  |TAMS 0x000000008e200000, 0x000000008e100000| Untracked 
| 226|0x000000008e200000, 0x000000008e300000, 0x000000008e300000|100%| O|  |TAMS 0x000000008e300000, 0x000000008e200000| Untracked 
| 227|0x000000008e300000, 0x000000008e400000, 0x000000008e400000|100%| O|  |TAMS 0x000000008e400000, 0x000000008e300000| Untracked 
| 228|0x000000008e400000, 0x000000008e500000, 0x000000008e500000|100%| O|  |TAMS 0x000000008e500000, 0x000000008e400000| Untracked 
| 229|0x000000008e500000, 0x000000008e600000, 0x000000008e600000|100%| O|  |TAMS 0x000000008e600000, 0x000000008e500000| Untracked 
| 230|0x000000008e600000, 0x000000008e700000, 0x000000008e700000|100%| O|  |TAMS 0x000000008e700000, 0x000000008e600000| Untracked 
| 231|0x000000008e700000, 0x000000008e800000, 0x000000008e800000|100%| O|  |TAMS 0x000000008e800000, 0x000000008e700000| Untracked 
| 232|0x000000008e800000, 0x000000008e900000, 0x000000008e900000|100%| O|  |TAMS 0x000000008e900000, 0x000000008e800000| Untracked 
| 233|0x000000008e900000, 0x000000008ea00000, 0x000000008ea00000|100%| O|  |TAMS 0x000000008ea00000, 0x000000008e900000| Untracked 
| 234|0x000000008ea00000, 0x000000008eb00000, 0x000000008eb00000|100%| O|  |TAMS 0x000000008eb00000, 0x000000008ea00000| Untracked 
| 235|0x000000008eb00000, 0x000000008ec00000, 0x000000008ec00000|100%| O|  |TAMS 0x000000008ec00000, 0x000000008eb00000| Updating 
| 236|0x000000008ec00000, 0x000000008ed00000, 0x000000008ed00000|100%| O|  |TAMS 0x000000008ed00000, 0x000000008ec00000| Updating 
| 237|0x000000008ed00000, 0x000000008ee00000, 0x000000008ee00000|100%|HS|  |TAMS 0x000000008ee00000, 0x000000008ed00000| Complete 
| 238|0x000000008ee00000, 0x000000008ef00000, 0x000000008ef00000|100%|HS|  |TAMS 0x000000008ef00000, 0x000000008ee00000| Complete 
| 239|0x000000008ef00000, 0x000000008f000000, 0x000000008f000000|100%|HS|  |TAMS 0x000000008f000000, 0x000000008ef00000| Complete 
| 240|0x000000008f000000, 0x000000008f100000, 0x000000008f100000|100%|HS|  |TAMS 0x000000008f100000, 0x000000008f000000| Complete 
| 241|0x000000008f100000, 0x000000008f200000, 0x000000008f200000|100%|HS|  |TAMS 0x000000008f200000, 0x000000008f100000| Complete 
| 242|0x000000008f200000, 0x000000008f300000, 0x000000008f300000|100%| O|  |TAMS 0x000000008f300000, 0x000000008f200000| Untracked 
| 243|0x000000008f300000, 0x000000008f400000, 0x000000008f400000|100%| O|  |TAMS 0x000000008f400000, 0x000000008f300000| Untracked 
| 244|0x000000008f400000, 0x000000008f500000, 0x000000008f500000|100%| O|  |TAMS 0x000000008f500000, 0x000000008f400000| Untracked 
| 245|0x000000008f500000, 0x000000008f600000, 0x000000008f600000|100%| O|  |TAMS 0x000000008f600000, 0x000000008f500000| Untracked 
| 246|0x000000008f600000, 0x000000008f700000, 0x000000008f700000|100%| O|  |TAMS 0x000000008f700000, 0x000000008f600000| Untracked 
| 247|0x000000008f700000, 0x000000008f800000, 0x000000008f800000|100%| O|  |TAMS 0x000000008f800000, 0x000000008f700000| Untracked 
| 248|0x000000008f800000, 0x000000008f900000, 0x000000008f900000|100%| O|  |TAMS 0x000000008f900000, 0x000000008f800000| Untracked 
| 249|0x000000008f900000, 0x000000008fa00000, 0x000000008fa00000|100%| O|  |TAMS 0x000000008fa00000, 0x000000008f900000| Untracked 
| 250|0x000000008fa00000, 0x000000008fb00000, 0x000000008fb00000|100%| O|  |TAMS 0x000000008fb00000, 0x000000008fa00000| Untracked 
| 251|0x000000008fb00000, 0x000000008fc00000, 0x000000008fc00000|100%| O|  |TAMS 0x000000008fc00000, 0x000000008fb00000| Untracked 
| 252|0x000000008fc00000, 0x000000008fd00000, 0x000000008fd00000|100%| O|  |TAMS 0x000000008fd00000, 0x000000008fc00000| Untracked 
| 253|0x000000008fd00000, 0x000000008fe00000, 0x000000008fe00000|100%| O|  |TAMS 0x000000008fe00000, 0x000000008fd00000| Untracked 
| 254|0x000000008fe00000, 0x000000008ff00000, 0x000000008ff00000|100%| O|  |TAMS 0x000000008ff00000, 0x000000008fe00000| Untracked 
| 255|0x000000008ff00000, 0x0000000090000000, 0x0000000090000000|100%| O|  |TAMS 0x0000000090000000, 0x000000008ff00000| Untracked 
| 256|0x0000000090000000, 0x0000000090100000, 0x0000000090100000|100%| O|  |TAMS 0x0000000090100000, 0x0000000090000000| Untracked 
| 257|0x0000000090100000, 0x0000000090200000, 0x0000000090200000|100%| O|  |TAMS 0x0000000090200000, 0x0000000090100000| Untracked 
| 258|0x0000000090200000, 0x0000000090300000, 0x0000000090300000|100%| O|  |TAMS 0x0000000090300000, 0x0000000090200000| Untracked 
| 259|0x0000000090300000, 0x0000000090400000, 0x0000000090400000|100%| O|  |TAMS 0x0000000090400000, 0x0000000090300000| Untracked 
| 260|0x0000000090400000, 0x0000000090500000, 0x0000000090500000|100%| O|  |TAMS 0x0000000090500000, 0x0000000090400000| Untracked 
| 261|0x0000000090500000, 0x0000000090600000, 0x0000000090600000|100%| O|  |TAMS 0x0000000090600000, 0x0000000090500000| Untracked 
| 262|0x0000000090600000, 0x0000000090700000, 0x0000000090700000|100%| O|  |TAMS 0x0000000090700000, 0x0000000090600000| Untracked 
| 263|0x0000000090700000, 0x0000000090800000, 0x0000000090800000|100%| O|  |TAMS 0x0000000090800000, 0x0000000090700000| Untracked 
| 264|0x0000000090800000, 0x0000000090900000, 0x0000000090900000|100%| O|  |TAMS 0x0000000090900000, 0x0000000090800000| Untracked 
| 265|0x0000000090900000, 0x0000000090a00000, 0x0000000090a00000|100%| O|  |TAMS 0x0000000090a00000, 0x0000000090900000| Untracked 
| 266|0x0000000090a00000, 0x0000000090b00000, 0x0000000090b00000|100%| O|  |TAMS 0x0000000090b00000, 0x0000000090a00000| Updating 
| 267|0x0000000090b00000, 0x0000000090c00000, 0x0000000090c00000|100%| O|  |TAMS 0x0000000090c00000, 0x0000000090b00000| Untracked 
| 268|0x0000000090c00000, 0x0000000090d00000, 0x0000000090d00000|100%| O|  |TAMS 0x0000000090d00000, 0x0000000090c00000| Updating 
| 269|0x0000000090d00000, 0x0000000090e00000, 0x0000000090e00000|100%| O|  |TAMS 0x0000000090e00000, 0x0000000090d00000| Updating 
| 270|0x0000000090e00000, 0x0000000090f00000, 0x0000000090f00000|100%| O|  |TAMS 0x0000000090f00000, 0x0000000090e00000| Updating 
| 271|0x0000000090f00000, 0x0000000091000000, 0x0000000091000000|100%| O|  |TAMS 0x0000000091000000, 0x0000000090f00000| Updating 
| 272|0x0000000091000000, 0x0000000091100000, 0x0000000091100000|100%| O|  |TAMS 0x0000000091100000, 0x0000000091000000| Untracked 
| 273|0x0000000091100000, 0x0000000091200000, 0x0000000091200000|100%| O|  |TAMS 0x0000000091200000, 0x0000000091100000| Untracked 
| 274|0x0000000091200000, 0x0000000091300000, 0x0000000091300000|100%| O|  |TAMS 0x0000000091300000, 0x0000000091200000| Untracked 
| 275|0x0000000091300000, 0x0000000091400000, 0x0000000091400000|100%| O|  |TAMS 0x0000000091400000, 0x0000000091300000| Untracked 
| 276|0x0000000091400000, 0x0000000091500000, 0x0000000091500000|100%| O|  |TAMS 0x0000000091500000, 0x0000000091400000| Untracked 
| 277|0x0000000091500000, 0x0000000091600000, 0x0000000091600000|100%| O|  |TAMS 0x0000000091600000, 0x0000000091500000| Untracked 
| 278|0x0000000091600000, 0x0000000091700000, 0x0000000091700000|100%| O|  |TAMS 0x0000000091700000, 0x0000000091600000| Untracked 
| 279|0x0000000091700000, 0x0000000091800000, 0x0000000091800000|100%| O|  |TAMS 0x0000000091800000, 0x0000000091700000| Untracked 
| 280|0x0000000091800000, 0x0000000091900000, 0x0000000091900000|100%| O|  |TAMS 0x0000000091900000, 0x0000000091800000| Untracked 
| 281|0x0000000091900000, 0x0000000091a00000, 0x0000000091a00000|100%| O|  |TAMS 0x0000000091a00000, 0x0000000091900000| Untracked 
| 282|0x0000000091a00000, 0x0000000091b00000, 0x0000000091b00000|100%| O|  |TAMS 0x0000000091b00000, 0x0000000091a00000| Untracked 
| 283|0x0000000091b00000, 0x0000000091c00000, 0x0000000091c00000|100%| O|  |TAMS 0x0000000091c00000, 0x0000000091b00000| Untracked 
| 284|0x0000000091c00000, 0x0000000091d00000, 0x0000000091d00000|100%| O|  |TAMS 0x0000000091d00000, 0x0000000091c00000| Untracked 
| 285|0x0000000091d00000, 0x0000000091e00000, 0x0000000091e00000|100%| O|  |TAMS 0x0000000091e00000, 0x0000000091d00000| Untracked 
| 286|0x0000000091e00000, 0x0000000091f00000, 0x0000000091f00000|100%| O|  |TAMS 0x0000000091f00000, 0x0000000091e00000| Untracked 
| 287|0x0000000091f00000, 0x0000000092000000, 0x0000000092000000|100%| O|  |TAMS 0x0000000092000000, 0x0000000091f00000| Untracked 
| 288|0x0000000092000000, 0x0000000092100000, 0x0000000092100000|100%| O|  |TAMS 0x0000000092100000, 0x0000000092000000| Updating 
| 289|0x0000000092100000, 0x0000000092200000, 0x0000000092200000|100%| O|  |TAMS 0x0000000092200000, 0x0000000092100000| Untracked 
| 290|0x0000000092200000, 0x0000000092300000, 0x0000000092300000|100%| O|  |TAMS 0x0000000092300000, 0x0000000092200000| Untracked 
| 291|0x0000000092300000, 0x0000000092400000, 0x0000000092400000|100%| O|  |TAMS 0x0000000092400000, 0x0000000092300000| Untracked 
| 292|0x0000000092400000, 0x0000000092500000, 0x0000000092500000|100%| O|  |TAMS 0x0000000092500000, 0x0000000092400000| Untracked 
| 293|0x0000000092500000, 0x0000000092600000, 0x0000000092600000|100%| O|  |TAMS 0x0000000092600000, 0x0000000092500000| Untracked 
| 294|0x0000000092600000, 0x0000000092700000, 0x0000000092700000|100%| O|  |TAMS 0x0000000092700000, 0x0000000092600000| Updating 
| 295|0x0000000092700000, 0x0000000092800000, 0x0000000092800000|100%| O|  |TAMS 0x0000000092800000, 0x0000000092700000| Untracked 
| 296|0x0000000092800000, 0x0000000092900000, 0x0000000092900000|100%| O|  |TAMS 0x0000000092900000, 0x0000000092800000| Updating 
| 297|0x0000000092900000, 0x0000000092a00000, 0x0000000092a00000|100%| O|  |TAMS 0x0000000092a00000, 0x0000000092900000| Updating 
| 298|0x0000000092a00000, 0x0000000092b00000, 0x0000000092b00000|100%| O|  |TAMS 0x0000000092b00000, 0x0000000092a00000| Updating 
| 299|0x0000000092b00000, 0x0000000092c00000, 0x0000000092c00000|100%| O|  |TAMS 0x0000000092c00000, 0x0000000092b00000| Updating 
| 300|0x0000000092c00000, 0x0000000092d00000, 0x0000000092d00000|100%| O|  |TAMS 0x0000000092d00000, 0x0000000092c00000| Updating 
| 301|0x0000000092d00000, 0x0000000092e00000, 0x0000000092e00000|100%| O|  |TAMS 0x0000000092e00000, 0x0000000092d00000| Updating 
| 302|0x0000000092e00000, 0x0000000092f00000, 0x0000000092f00000|100%| O|  |TAMS 0x0000000092f00000, 0x0000000092e00000| Updating 
| 303|0x0000000092f00000, 0x0000000093000000, 0x0000000093000000|100%| O|  |TAMS 0x0000000093000000, 0x0000000092f00000| Untracked 
| 304|0x0000000093000000, 0x0000000093100000, 0x0000000093100000|100%| O|  |TAMS 0x0000000093100000, 0x0000000093000000| Untracked 
| 305|0x0000000093100000, 0x0000000093200000, 0x0000000093200000|100%| O|  |TAMS 0x0000000093200000, 0x0000000093100000| Updating 
| 306|0x0000000093200000, 0x0000000093300000, 0x0000000093300000|100%| O|  |TAMS 0x0000000093300000, 0x0000000093200000| Untracked 
| 307|0x0000000093300000, 0x0000000093400000, 0x0000000093400000|100%| O|  |TAMS 0x0000000093400000, 0x0000000093300000| Updating 
| 308|0x0000000093400000, 0x0000000093500000, 0x0000000093500000|100%| O|  |TAMS 0x0000000093500000, 0x0000000093400000| Untracked 
| 309|0x0000000093500000, 0x0000000093600000, 0x0000000093600000|100%| O|  |TAMS 0x0000000093600000, 0x0000000093500000| Untracked 
| 310|0x0000000093600000, 0x0000000093700000, 0x0000000093700000|100%| O|  |TAMS 0x0000000093700000, 0x0000000093600000| Untracked 
| 311|0x0000000093700000, 0x0000000093800000, 0x0000000093800000|100%| O|  |TAMS 0x0000000093800000, 0x0000000093700000| Untracked 
| 312|0x0000000093800000, 0x0000000093900000, 0x0000000093900000|100%| O|  |TAMS 0x0000000093900000, 0x0000000093800000| Updating 
| 313|0x0000000093900000, 0x0000000093a00000, 0x0000000093a00000|100%| O|  |TAMS 0x0000000093a00000, 0x0000000093900000| Updating 
| 314|0x0000000093a00000, 0x0000000093b00000, 0x0000000093b00000|100%| O|  |TAMS 0x0000000093b00000, 0x0000000093a00000| Updating 
| 315|0x0000000093b00000, 0x0000000093c00000, 0x0000000093c00000|100%| O|  |TAMS 0x0000000093c00000, 0x0000000093b00000| Updating 
| 316|0x0000000093c00000, 0x0000000093d00000, 0x0000000093d00000|100%| O|  |TAMS 0x0000000093d00000, 0x0000000093c00000| Updating 
| 317|0x0000000093d00000, 0x0000000093e00000, 0x0000000093e00000|100%| O|  |TAMS 0x0000000093e00000, 0x0000000093d00000| Untracked 
| 318|0x0000000093e00000, 0x0000000093f00000, 0x0000000093f00000|100%| O|  |TAMS 0x0000000093f00000, 0x0000000093e00000| Untracked 
| 319|0x0000000093f00000, 0x0000000094000000, 0x0000000094000000|100%| O|  |TAMS 0x0000000094000000, 0x0000000093f00000| Untracked 
| 320|0x0000000094000000, 0x0000000094100000, 0x0000000094100000|100%| O|  |TAMS 0x0000000094100000, 0x0000000094000000| Untracked 
| 321|0x0000000094100000, 0x0000000094200000, 0x0000000094200000|100%| O|  |TAMS 0x0000000094200000, 0x0000000094100000| Updating 
| 322|0x0000000094200000, 0x0000000094300000, 0x0000000094300000|100%| O|  |TAMS 0x0000000094300000, 0x0000000094200000| Updating 
| 323|0x0000000094300000, 0x0000000094400000, 0x0000000094400000|100%| O|  |TAMS 0x0000000094400000, 0x0000000094300000| Updating 
| 324|0x0000000094400000, 0x0000000094500000, 0x0000000094500000|100%| O|  |TAMS 0x0000000094500000, 0x0000000094400000| Updating 
| 325|0x0000000094500000, 0x0000000094600000, 0x0000000094600000|100%| O|  |TAMS 0x0000000094600000, 0x0000000094500000| Untracked 
| 326|0x0000000094600000, 0x0000000094700000, 0x0000000094700000|100%| O|  |TAMS 0x0000000094700000, 0x0000000094600000| Untracked 
| 327|0x0000000094700000, 0x0000000094800000, 0x0000000094800000|100%| O|  |TAMS 0x0000000094800000, 0x0000000094700000| Untracked 
| 328|0x0000000094800000, 0x0000000094900000, 0x0000000094900000|100%| O|  |TAMS 0x0000000094900000, 0x0000000094800000| Untracked 
| 329|0x0000000094900000, 0x0000000094a00000, 0x0000000094a00000|100%| O|  |TAMS 0x0000000094a00000, 0x0000000094900000| Untracked 
| 330|0x0000000094a00000, 0x0000000094b00000, 0x0000000094b00000|100%| O|  |TAMS 0x0000000094b00000, 0x0000000094a00000| Untracked 
| 331|0x0000000094b00000, 0x0000000094c00000, 0x0000000094c00000|100%| O|  |TAMS 0x0000000094c00000, 0x0000000094b00000| Untracked 
| 332|0x0000000094c00000, 0x0000000094d00000, 0x0000000094d00000|100%| O|  |TAMS 0x0000000094d00000, 0x0000000094c00000| Updating 
| 333|0x0000000094d00000, 0x0000000094e00000, 0x0000000094e00000|100%| O|  |TAMS 0x0000000094e00000, 0x0000000094d00000| Updating 
| 334|0x0000000094e00000, 0x0000000094f00000, 0x0000000094f00000|100%| O|  |TAMS 0x0000000094f00000, 0x0000000094e00000| Updating 
| 335|0x0000000094f00000, 0x0000000095000000, 0x0000000095000000|100%| O|  |TAMS 0x0000000095000000, 0x0000000094f00000| Updating 
| 336|0x0000000095000000, 0x0000000095100000, 0x0000000095100000|100%| O|  |TAMS 0x0000000095100000, 0x0000000095000000| Updating 
| 337|0x0000000095100000, 0x0000000095200000, 0x0000000095200000|100%| O|  |TAMS 0x0000000095200000, 0x0000000095100000| Updating 
| 338|0x0000000095200000, 0x0000000095300000, 0x0000000095300000|100%| O|  |TAMS 0x0000000095300000, 0x0000000095200000| Untracked 
| 339|0x0000000095300000, 0x0000000095400000, 0x0000000095400000|100%| O|  |TAMS 0x0000000095400000, 0x0000000095300000| Untracked 
| 340|0x0000000095400000, 0x0000000095500000, 0x0000000095500000|100%| O|  |TAMS 0x0000000095500000, 0x0000000095400000| Untracked 
| 341|0x0000000095500000, 0x0000000095600000, 0x0000000095600000|100%| O|  |TAMS 0x0000000095600000, 0x0000000095500000| Untracked 
| 342|0x0000000095600000, 0x0000000095700000, 0x0000000095700000|100%| O|  |TAMS 0x0000000095700000, 0x0000000095600000| Untracked 
| 343|0x0000000095700000, 0x0000000095800000, 0x0000000095800000|100%| O|  |TAMS 0x0000000095800000, 0x0000000095700000| Untracked 
| 344|0x0000000095800000, 0x0000000095900000, 0x0000000095900000|100%| O|  |TAMS 0x0000000095900000, 0x0000000095800000| Untracked 
| 345|0x0000000095900000, 0x0000000095a00000, 0x0000000095a00000|100%| O|  |TAMS 0x0000000095a00000, 0x0000000095900000| Updating 
| 346|0x0000000095a00000, 0x0000000095b00000, 0x0000000095b00000|100%| O|  |TAMS 0x0000000095b00000, 0x0000000095a00000| Untracked 
| 347|0x0000000095b00000, 0x0000000095c00000, 0x0000000095c00000|100%| O|  |TAMS 0x0000000095c00000, 0x0000000095b00000| Untracked 
| 348|0x0000000095c00000, 0x0000000095d00000, 0x0000000095d00000|100%| O|  |TAMS 0x0000000095d00000, 0x0000000095c00000| Updating 
| 349|0x0000000095d00000, 0x0000000095e00000, 0x0000000095e00000|100%| O|  |TAMS 0x0000000095e00000, 0x0000000095d00000| Updating 
| 350|0x0000000095e00000, 0x0000000095f00000, 0x0000000095f00000|100%| O|  |TAMS 0x0000000095f00000, 0x0000000095e00000| Updating 
| 351|0x0000000095f00000, 0x0000000096000000, 0x0000000096000000|100%| O|  |TAMS 0x0000000096000000, 0x0000000095f00000| Untracked 
| 352|0x0000000096000000, 0x0000000096100000, 0x0000000096100000|100%| O|  |TAMS 0x0000000096100000, 0x0000000096000000| Untracked 
| 353|0x0000000096100000, 0x0000000096200000, 0x0000000096200000|100%| O|  |TAMS 0x0000000096200000, 0x0000000096100000| Updating 
| 354|0x0000000096200000, 0x0000000096300000, 0x0000000096300000|100%| O|  |TAMS 0x0000000096300000, 0x0000000096200000| Updating 
| 355|0x0000000096300000, 0x0000000096400000, 0x0000000096400000|100%| O|  |TAMS 0x0000000096400000, 0x0000000096300000| Updating 
| 356|0x0000000096400000, 0x0000000096500000, 0x0000000096500000|100%| O|  |TAMS 0x0000000096500000, 0x0000000096400000| Updating 
| 357|0x0000000096500000, 0x0000000096600000, 0x0000000096600000|100%| O|  |TAMS 0x0000000096600000, 0x0000000096500000| Updating 
| 358|0x0000000096600000, 0x0000000096700000, 0x0000000096700000|100%| O|  |TAMS 0x0000000096700000, 0x0000000096600000| Updating 
| 359|0x0000000096700000, 0x0000000096800000, 0x0000000096800000|100%| O|  |TAMS 0x0000000096800000, 0x0000000096700000| Untracked 
| 360|0x0000000096800000, 0x0000000096900000, 0x0000000096900000|100%| O|  |TAMS 0x0000000096900000, 0x0000000096800000| Updating 
| 361|0x0000000096900000, 0x0000000096a00000, 0x0000000096a00000|100%| O|  |TAMS 0x0000000096a00000, 0x0000000096900000| Updating 
| 362|0x0000000096a00000, 0x0000000096b00000, 0x0000000096b00000|100%| O|  |TAMS 0x0000000096b00000, 0x0000000096a00000| Updating 
| 363|0x0000000096b00000, 0x0000000096c00000, 0x0000000096c00000|100%| O|  |TAMS 0x0000000096c00000, 0x0000000096b00000| Untracked 
| 364|0x0000000096c00000, 0x0000000096d00000, 0x0000000096d00000|100%| O|  |TAMS 0x0000000096d00000, 0x0000000096c00000| Untracked 
| 365|0x0000000096d00000, 0x0000000096e00000, 0x0000000096e00000|100%| O|  |TAMS 0x0000000096e00000, 0x0000000096d00000| Untracked 
| 366|0x0000000096e00000, 0x0000000096f00000, 0x0000000096f00000|100%| O|  |TAMS 0x0000000096f00000, 0x0000000096e00000| Untracked 
| 367|0x0000000096f00000, 0x0000000097000000, 0x0000000097000000|100%| O|  |TAMS 0x0000000097000000, 0x0000000096f00000| Untracked 
| 368|0x0000000097000000, 0x0000000097100000, 0x0000000097100000|100%| O|  |TAMS 0x0000000097100000, 0x0000000097000000| Updating 
| 369|0x0000000097100000, 0x0000000097200000, 0x0000000097200000|100%| O|  |TAMS 0x0000000097200000, 0x0000000097100000| Updating 
| 370|0x0000000097200000, 0x0000000097300000, 0x0000000097300000|100%| O|  |TAMS 0x0000000097300000, 0x0000000097200000| Untracked 
| 371|0x0000000097300000, 0x0000000097400000, 0x0000000097400000|100%| O|  |TAMS 0x0000000097400000, 0x0000000097300000| Untracked 
| 372|0x0000000097400000, 0x0000000097500000, 0x0000000097500000|100%| O|  |TAMS 0x0000000097500000, 0x0000000097400000| Updating 
| 373|0x0000000097500000, 0x0000000097600000, 0x0000000097600000|100%| O|  |TAMS 0x0000000097600000, 0x0000000097500000| Updating 
| 374|0x0000000097600000, 0x0000000097700000, 0x0000000097700000|100%| O|  |TAMS 0x0000000097700000, 0x0000000097600000| Updating 
| 375|0x0000000097700000, 0x0000000097800000, 0x0000000097800000|100%| O|  |TAMS 0x0000000097800000, 0x0000000097700000| Untracked 
| 376|0x0000000097800000, 0x0000000097900000, 0x0000000097900000|100%| O|  |TAMS 0x0000000097900000, 0x0000000097800000| Untracked 
| 377|0x0000000097900000, 0x0000000097a00000, 0x0000000097a00000|100%| O|  |TAMS 0x0000000097a00000, 0x0000000097900000| Updating 
| 378|0x0000000097a00000, 0x0000000097b00000, 0x0000000097b00000|100%| O|  |TAMS 0x0000000097b00000, 0x0000000097a00000| Updating 
| 379|0x0000000097b00000, 0x0000000097c00000, 0x0000000097c00000|100%| O|  |TAMS 0x0000000097c00000, 0x0000000097b00000| Updating 
| 380|0x0000000097c00000, 0x0000000097c00000, 0x0000000097d00000|  0%| F|  |TAMS 0x0000000097c00000, 0x0000000097c00000| Untracked 
| 381|0x0000000097d00000, 0x0000000097e00000, 0x0000000097e00000|100%| O|  |TAMS 0x0000000097e00000, 0x0000000097d00000| Updating 
| 382|0x0000000097e00000, 0x0000000097f00000, 0x0000000097f00000|100%| O|  |TAMS 0x0000000097f00000, 0x0000000097e00000| Updating 
| 383|0x0000000097f00000, 0x0000000098000000, 0x0000000098000000|100%| O|  |TAMS 0x0000000098000000, 0x0000000097f00000| Updating 
| 384|0x0000000098000000, 0x0000000098000000, 0x0000000098100000|  0%| F|  |TAMS 0x0000000098000000, 0x0000000098000000| Untracked 
| 385|0x0000000098100000, 0x0000000098100000, 0x0000000098200000|  0%| F|  |TAMS 0x0000000098100000, 0x0000000098100000| Untracked 
| 386|0x0000000098200000, 0x0000000098300000, 0x0000000098300000|100%| O|  |TAMS 0x0000000098300000, 0x0000000098200000| Untracked 
| 387|0x0000000098300000, 0x0000000098400000, 0x0000000098400000|100%| O|  |TAMS 0x0000000098400000, 0x0000000098300000| Updating 
| 388|0x0000000098400000, 0x0000000098500000, 0x0000000098500000|100%| O|  |TAMS 0x0000000098500000, 0x0000000098400000| Updating 
| 389|0x0000000098500000, 0x0000000098600000, 0x0000000098600000|100%| O|  |TAMS 0x0000000098600000, 0x0000000098500000| Updating 
| 390|0x0000000098600000, 0x0000000098700000, 0x0000000098700000|100%| O|  |TAMS 0x0000000098700000, 0x0000000098600000| Updating 
| 391|0x0000000098700000, 0x0000000098800000, 0x0000000098800000|100%| O|  |TAMS 0x0000000098800000, 0x0000000098700000| Updating 
| 392|0x0000000098800000, 0x0000000098900000, 0x0000000098900000|100%| O|  |TAMS 0x0000000098900000, 0x0000000098800000| Updating 
| 393|0x0000000098900000, 0x0000000098a00000, 0x0000000098a00000|100%| O|  |TAMS 0x0000000098a00000, 0x0000000098900000| Updating 
| 394|0x0000000098a00000, 0x0000000098a00000, 0x0000000098b00000|  0%| F|  |TAMS 0x0000000098a00000, 0x0000000098a00000| Untracked 
| 395|0x0000000098b00000, 0x0000000098c00000, 0x0000000098c00000|100%| O|  |TAMS 0x0000000098c00000, 0x0000000098b00000| Updating 
| 396|0x0000000098c00000, 0x0000000098c00000, 0x0000000098d00000|  0%| F|  |TAMS 0x0000000098c00000, 0x0000000098c00000| Untracked 
| 397|0x0000000098d00000, 0x0000000098d00000, 0x0000000098e00000|  0%| F|  |TAMS 0x0000000098d00000, 0x0000000098d00000| Untracked 
| 398|0x0000000098e00000, 0x0000000098e00000, 0x0000000098f00000|  0%| F|  |TAMS 0x0000000098e00000, 0x0000000098e00000| Untracked 
| 399|0x0000000098f00000, 0x0000000098f00000, 0x0000000099000000|  0%| F|  |TAMS 0x0000000098f00000, 0x0000000098f00000| Untracked 
| 400|0x0000000099000000, 0x0000000099000000, 0x0000000099100000|  0%| F|  |TAMS 0x0000000099000000, 0x0000000099000000| Untracked 
| 401|0x0000000099100000, 0x0000000099100000, 0x0000000099200000|  0%| F|  |TAMS 0x0000000099100000, 0x0000000099100000| Untracked 
| 402|0x0000000099200000, 0x0000000099200000, 0x0000000099300000|  0%| F|  |TAMS 0x0000000099200000, 0x0000000099200000| Untracked 
| 403|0x0000000099300000, 0x0000000099300000, 0x0000000099400000|  0%| F|  |TAMS 0x0000000099300000, 0x0000000099300000| Untracked 
| 404|0x0000000099400000, 0x0000000099400000, 0x0000000099500000|  0%| F|  |TAMS 0x0000000099400000, 0x0000000099400000| Untracked 
| 405|0x0000000099500000, 0x0000000099500000, 0x0000000099600000|  0%| F|  |TAMS 0x0000000099500000, 0x0000000099500000| Untracked 
| 406|0x0000000099600000, 0x0000000099600000, 0x0000000099700000|  0%| F|  |TAMS 0x0000000099600000, 0x0000000099600000| Untracked 
| 407|0x0000000099700000, 0x0000000099700000, 0x0000000099800000|  0%| F|  |TAMS 0x0000000099700000, 0x0000000099700000| Untracked 
| 408|0x0000000099800000, 0x0000000099800000, 0x0000000099900000|  0%| F|  |TAMS 0x0000000099800000, 0x0000000099800000| Untracked 
| 409|0x0000000099900000, 0x0000000099a00000, 0x0000000099a00000|100%| O|  |TAMS 0x0000000099a00000, 0x0000000099900000| Updating 
| 410|0x0000000099a00000, 0x0000000099a00000, 0x0000000099b00000|  0%| F|  |TAMS 0x0000000099a00000, 0x0000000099a00000| Untracked 
| 411|0x0000000099b00000, 0x0000000099b00000, 0x0000000099c00000|  0%| F|  |TAMS 0x0000000099b00000, 0x0000000099b00000| Untracked 
| 412|0x0000000099c00000, 0x0000000099c00000, 0x0000000099d00000|  0%| F|  |TAMS 0x0000000099c00000, 0x0000000099c00000| Untracked 
| 413|0x0000000099d00000, 0x0000000099d00000, 0x0000000099e00000|  0%| F|  |TAMS 0x0000000099d00000, 0x0000000099d00000| Untracked 
| 414|0x0000000099e00000, 0x0000000099e00000, 0x0000000099f00000|  0%| F|  |TAMS 0x0000000099e00000, 0x0000000099e00000| Untracked 
| 415|0x0000000099f00000, 0x0000000099f00000, 0x000000009a000000|  0%| F|  |TAMS 0x0000000099f00000, 0x0000000099f00000| Untracked 
| 416|0x000000009a000000, 0x000000009a000000, 0x000000009a100000|  0%| F|  |TAMS 0x000000009a000000, 0x000000009a000000| Untracked 
| 417|0x000000009a100000, 0x000000009a100000, 0x000000009a200000|  0%| F|  |TAMS 0x000000009a100000, 0x000000009a100000| Untracked 
| 418|0x000000009a200000, 0x000000009a200000, 0x000000009a300000|  0%| F|  |TAMS 0x000000009a200000, 0x000000009a200000| Untracked 
| 419|0x000000009a300000, 0x000000009a400000, 0x000000009a400000|100%| O|  |TAMS 0x000000009a400000, 0x000000009a300000| Updating 
| 420|0x000000009a400000, 0x000000009a400000, 0x000000009a500000|  0%| F|  |TAMS 0x000000009a400000, 0x000000009a400000| Untracked 
| 421|0x000000009a500000, 0x000000009a600000, 0x000000009a600000|100%| O|  |TAMS 0x000000009a600000, 0x000000009a500000| Updating 
| 422|0x000000009a600000, 0x000000009a600000, 0x000000009a700000|  0%| F|  |TAMS 0x000000009a600000, 0x000000009a600000| Untracked 
| 423|0x000000009a700000, 0x000000009a800000, 0x000000009a800000|100%| O|  |TAMS 0x000000009a800000, 0x000000009a700000| Updating 
| 424|0x000000009a800000, 0x000000009a900000, 0x000000009a900000|100%| O|  |TAMS 0x000000009a900000, 0x000000009a800000| Updating 
| 425|0x000000009a900000, 0x000000009aa00000, 0x000000009aa00000|100%| O|  |TAMS 0x000000009aa00000, 0x000000009a900000| Updating 
| 426|0x000000009aa00000, 0x000000009ab00000, 0x000000009ab00000|100%| O|  |TAMS 0x000000009ab00000, 0x000000009aa00000| Updating 
| 427|0x000000009ab00000, 0x000000009ab00000, 0x000000009ac00000|  0%| F|  |TAMS 0x000000009ab00000, 0x000000009ab00000| Untracked 
| 428|0x000000009ac00000, 0x000000009ad00000, 0x000000009ad00000|100%| O|  |TAMS 0x000000009ad00000, 0x000000009ac00000| Updating 
| 429|0x000000009ad00000, 0x000000009ae00000, 0x000000009ae00000|100%| O|  |TAMS 0x000000009ae00000, 0x000000009ad00000| Updating 
| 430|0x000000009ae00000, 0x000000009af00000, 0x000000009af00000|100%| O|  |TAMS 0x000000009af00000, 0x000000009ae00000| Updating 
| 431|0x000000009af00000, 0x000000009b000000, 0x000000009b000000|100%| O|  |TAMS 0x000000009b000000, 0x000000009af00000| Updating 
| 432|0x000000009b000000, 0x000000009b100000, 0x000000009b100000|100%| O|  |TAMS 0x000000009b100000, 0x000000009b000000| Updating 
| 433|0x000000009b100000, 0x000000009b200000, 0x000000009b200000|100%| O|  |TAMS 0x000000009b200000, 0x000000009b100000| Updating 
| 434|0x000000009b200000, 0x000000009b300000, 0x000000009b300000|100%| O|  |TAMS 0x000000009b300000, 0x000000009b200000| Updating 
| 435|0x000000009b300000, 0x000000009b400000, 0x000000009b400000|100%| O|  |TAMS 0x000000009b400000, 0x000000009b300000| Updating 
| 436|0x000000009b400000, 0x000000009b500000, 0x000000009b500000|100%| O|  |TAMS 0x000000009b500000, 0x000000009b400000| Updating 
| 437|0x000000009b500000, 0x000000009b500000, 0x000000009b600000|  0%| F|  |TAMS 0x000000009b500000, 0x000000009b500000| Untracked 
| 438|0x000000009b600000, 0x000000009b700000, 0x000000009b700000|100%| O|  |TAMS 0x000000009b700000, 0x000000009b600000| Updating 
| 439|0x000000009b700000, 0x000000009b800000, 0x000000009b800000|100%| O|  |TAMS 0x000000009b800000, 0x000000009b700000| Updating 
| 440|0x000000009b800000, 0x000000009b900000, 0x000000009b900000|100%| O|  |TAMS 0x000000009b900000, 0x000000009b800000| Updating 
| 441|0x000000009b900000, 0x000000009ba00000, 0x000000009ba00000|100%| O|  |TAMS 0x000000009ba00000, 0x000000009b900000| Updating 
| 442|0x000000009ba00000, 0x000000009bb00000, 0x000000009bb00000|100%| O|  |TAMS 0x000000009bb00000, 0x000000009ba00000| Updating 
| 443|0x000000009bb00000, 0x000000009bc00000, 0x000000009bc00000|100%| O|  |TAMS 0x000000009bc00000, 0x000000009bb00000| Updating 
| 444|0x000000009bc00000, 0x000000009bd00000, 0x000000009bd00000|100%| O|  |TAMS 0x000000009bd00000, 0x000000009bc00000| Untracked 
| 445|0x000000009bd00000, 0x000000009be00000, 0x000000009be00000|100%| O|  |TAMS 0x000000009be00000, 0x000000009bd00000| Updating 
| 446|0x000000009be00000, 0x000000009bf00000, 0x000000009bf00000|100%| O|  |TAMS 0x000000009bf00000, 0x000000009be00000| Updating 
| 447|0x000000009bf00000, 0x000000009c000000, 0x000000009c000000|100%| O|  |TAMS 0x000000009c000000, 0x000000009bf00000| Updating 
| 448|0x000000009c000000, 0x000000009c100000, 0x000000009c100000|100%| O|  |TAMS 0x000000009c100000, 0x000000009c000000| Updating 
| 449|0x000000009c100000, 0x000000009c200000, 0x000000009c200000|100%| O|  |TAMS 0x000000009c200000, 0x000000009c100000| Updating 
| 450|0x000000009c200000, 0x000000009c300000, 0x000000009c300000|100%| O|  |TAMS 0x000000009c300000, 0x000000009c200000| Updating 
| 451|0x000000009c300000, 0x000000009c400000, 0x000000009c400000|100%| O|  |TAMS 0x000000009c400000, 0x000000009c300000| Updating 
| 452|0x000000009c400000, 0x000000009c500000, 0x000000009c500000|100%| O|  |TAMS 0x000000009c500000, 0x000000009c400000| Untracked 
| 453|0x000000009c500000, 0x000000009c600000, 0x000000009c600000|100%| O|  |TAMS 0x000000009c600000, 0x000000009c500000| Untracked 
| 454|0x000000009c600000, 0x000000009c700000, 0x000000009c700000|100%| O|  |TAMS 0x000000009c700000, 0x000000009c600000| Updating 
| 455|0x000000009c700000, 0x000000009c800000, 0x000000009c800000|100%| O|  |TAMS 0x000000009c800000, 0x000000009c700000| Updating 
| 456|0x000000009c800000, 0x000000009c900000, 0x000000009c900000|100%| O|  |TAMS 0x000000009c900000, 0x000000009c800000| Updating 
| 457|0x000000009c900000, 0x000000009ca00000, 0x000000009ca00000|100%| O|  |TAMS 0x000000009ca00000, 0x000000009c900000| Untracked 
| 458|0x000000009ca00000, 0x000000009cb00000, 0x000000009cb00000|100%| O|  |TAMS 0x000000009cb00000, 0x000000009ca00000| Untracked 
| 459|0x000000009cb00000, 0x000000009cc00000, 0x000000009cc00000|100%| O|  |TAMS 0x000000009cc00000, 0x000000009cb00000| Updating 
| 460|0x000000009cc00000, 0x000000009cd00000, 0x000000009cd00000|100%| O|  |TAMS 0x000000009cd00000, 0x000000009cc00000| Untracked 
| 461|0x000000009cd00000, 0x000000009ce00000, 0x000000009ce00000|100%| O|  |TAMS 0x000000009ce00000, 0x000000009cd00000| Updating 
| 462|0x000000009ce00000, 0x000000009cf00000, 0x000000009cf00000|100%| O|  |TAMS 0x000000009cf00000, 0x000000009ce00000| Updating 
| 463|0x000000009cf00000, 0x000000009d000000, 0x000000009d000000|100%| O|  |TAMS 0x000000009d000000, 0x000000009cf00000| Untracked 
| 464|0x000000009d000000, 0x000000009d100000, 0x000000009d100000|100%| O|  |TAMS 0x000000009d100000, 0x000000009d000000| Updating 
| 465|0x000000009d100000, 0x000000009d200000, 0x000000009d200000|100%| O|  |TAMS 0x000000009d200000, 0x000000009d100000| Untracked 
| 466|0x000000009d200000, 0x000000009d300000, 0x000000009d300000|100%| O|  |TAMS 0x000000009d300000, 0x000000009d200000| Updating 
| 467|0x000000009d300000, 0x000000009d400000, 0x000000009d400000|100%| O|  |TAMS 0x000000009d400000, 0x000000009d300000| Updating 
| 468|0x000000009d400000, 0x000000009d500000, 0x000000009d500000|100%| O|  |TAMS 0x000000009d500000, 0x000000009d400000| Updating 
| 469|0x000000009d500000, 0x000000009d600000, 0x000000009d600000|100%| O|  |TAMS 0x000000009d600000, 0x000000009d500000| Untracked 
| 470|0x000000009d600000, 0x000000009d700000, 0x000000009d700000|100%| O|  |TAMS 0x000000009d700000, 0x000000009d600000| Untracked 
| 471|0x000000009d700000, 0x000000009d800000, 0x000000009d800000|100%|HS|  |TAMS 0x000000009d800000, 0x000000009d700000| Complete 
| 472|0x000000009d800000, 0x000000009d900000, 0x000000009d900000|100%|HC|  |TAMS 0x000000009d900000, 0x000000009d800000| Complete 
| 473|0x000000009d900000, 0x000000009da00000, 0x000000009da00000|100%| O|  |TAMS 0x000000009da00000, 0x000000009d900000| Updating 
| 474|0x000000009da00000, 0x000000009db00000, 0x000000009db00000|100%| O|  |TAMS 0x000000009db00000, 0x000000009da00000| Updating 
| 475|0x000000009db00000, 0x000000009dc00000, 0x000000009dc00000|100%| O|  |TAMS 0x000000009dc00000, 0x000000009db00000| Updating 
| 476|0x000000009dc00000, 0x000000009dd00000, 0x000000009dd00000|100%| O|  |TAMS 0x000000009dd00000, 0x000000009dc00000| Updating 
| 477|0x000000009dd00000, 0x000000009de00000, 0x000000009de00000|100%| O|  |TAMS 0x000000009de00000, 0x000000009dd00000| Untracked 
| 478|0x000000009de00000, 0x000000009df00000, 0x000000009df00000|100%| O|  |TAMS 0x000000009debd200, 0x000000009de00000| Updating 
| 479|0x000000009df00000, 0x000000009e000000, 0x000000009e000000|100%| O|  |TAMS 0x000000009df00000, 0x000000009df00000| Untracked 
| 480|0x000000009e000000, 0x000000009e100000, 0x000000009e100000|100%| O|  |TAMS 0x000000009e000000, 0x000000009e000000| Untracked 
| 481|0x000000009e100000, 0x000000009e200000, 0x000000009e200000|100%| O|  |TAMS 0x000000009e100000, 0x000000009e100000| Untracked 
| 482|0x000000009e200000, 0x000000009e300000, 0x000000009e300000|100%| O|  |TAMS 0x000000009e200000, 0x000000009e200000| Untracked 
| 483|0x000000009e300000, 0x000000009e400000, 0x000000009e400000|100%| O|  |TAMS 0x000000009e300000, 0x000000009e300000| Untracked 
| 484|0x000000009e400000, 0x000000009e500000, 0x000000009e500000|100%| O|  |TAMS 0x000000009e400000, 0x000000009e400000| Untracked 
| 485|0x000000009e500000, 0x000000009e600000, 0x000000009e600000|100%| O|  |TAMS 0x000000009e500000, 0x000000009e500000| Untracked 
| 486|0x000000009e600000, 0x000000009e700000, 0x000000009e700000|100%| O|  |TAMS 0x000000009e600000, 0x000000009e600000| Untracked 
| 487|0x000000009e700000, 0x000000009e800000, 0x000000009e800000|100%| O|  |TAMS 0x000000009e700000, 0x000000009e700000| Untracked 
| 488|0x000000009e800000, 0x000000009e900000, 0x000000009e900000|100%| O|  |TAMS 0x000000009e800000, 0x000000009e800000| Untracked 
| 489|0x000000009e900000, 0x000000009ea00000, 0x000000009ea00000|100%| O|  |TAMS 0x000000009e900000, 0x000000009e900000| Untracked 
| 490|0x000000009ea00000, 0x000000009eb00000, 0x000000009eb00000|100%| O|  |TAMS 0x000000009ea00000, 0x000000009ea00000| Untracked 
| 491|0x000000009eb00000, 0x000000009ec00000, 0x000000009ec00000|100%| O|  |TAMS 0x000000009eb00000, 0x000000009eb00000| Untracked 
| 492|0x000000009ec00000, 0x000000009ed00000, 0x000000009ed00000|100%| O|  |TAMS 0x000000009ec00000, 0x000000009ec00000| Untracked 
| 493|0x000000009ed00000, 0x000000009ee00000, 0x000000009ee00000|100%| O|  |TAMS 0x000000009ed00000, 0x000000009ed00000| Untracked 
| 494|0x000000009ee00000, 0x000000009ef00000, 0x000000009ef00000|100%| O|  |TAMS 0x000000009ee00000, 0x000000009ee00000| Untracked 
| 495|0x000000009ef00000, 0x000000009ef47200, 0x000000009f000000| 27%| O|  |TAMS 0x000000009ef00000, 0x000000009ef00000| Updating 
| 496|0x000000009f000000, 0x000000009f000000, 0x000000009f100000|  0%| F|  |TAMS 0x000000009f000000, 0x000000009f000000| Untracked 
| 497|0x000000009f100000, 0x000000009f100000, 0x000000009f200000|  0%| F|  |TAMS 0x000000009f100000, 0x000000009f100000| Untracked 
| 498|0x000000009f200000, 0x000000009f200000, 0x000000009f300000|  0%| F|  |TAMS 0x000000009f200000, 0x000000009f200000| Untracked 
| 499|0x000000009f300000, 0x000000009f300000, 0x000000009f400000|  0%| F|  |TAMS 0x000000009f300000, 0x000000009f300000| Untracked 
| 500|0x000000009f400000, 0x000000009f400000, 0x000000009f500000|  0%| F|  |TAMS 0x000000009f400000, 0x000000009f400000| Untracked 
| 501|0x000000009f500000, 0x000000009f500000, 0x000000009f600000|  0%| F|  |TAMS 0x000000009f500000, 0x000000009f500000| Untracked 
| 502|0x000000009f600000, 0x000000009f600000, 0x000000009f700000|  0%| F|  |TAMS 0x000000009f600000, 0x000000009f600000| Untracked 
| 503|0x000000009f700000, 0x000000009f700000, 0x000000009f800000|  0%| F|  |TAMS 0x000000009f700000, 0x000000009f700000| Untracked 
| 504|0x000000009f800000, 0x000000009f800000, 0x000000009f900000|  0%| F|  |TAMS 0x000000009f800000, 0x000000009f800000| Untracked 
| 505|0x000000009f900000, 0x000000009f900000, 0x000000009fa00000|  0%| F|  |TAMS 0x000000009f900000, 0x000000009f900000| Untracked 
| 506|0x000000009fa00000, 0x000000009fa00000, 0x000000009fb00000|  0%| F|  |TAMS 0x000000009fa00000, 0x000000009fa00000| Untracked 
| 507|0x000000009fb00000, 0x000000009fb00000, 0x000000009fc00000|  0%| F|  |TAMS 0x000000009fb00000, 0x000000009fb00000| Untracked 
| 508|0x000000009fc00000, 0x000000009fc00000, 0x000000009fd00000|  0%| F|  |TAMS 0x000000009fc00000, 0x000000009fc00000| Untracked 
| 509|0x000000009fd00000, 0x000000009fd00000, 0x000000009fe00000|  0%| F|  |TAMS 0x000000009fd00000, 0x000000009fd00000| Untracked 
| 510|0x000000009fe00000, 0x000000009fef61f8, 0x000000009ff00000| 96%| S|CS|TAMS 0x000000009fe00000, 0x000000009fe00000| Complete 
| 511|0x000000009ff00000, 0x00000000a0000000, 0x00000000a0000000|100%| S|CS|TAMS 0x000000009ff00000, 0x000000009ff00000| Complete 
| 512|0x00000000a0000000, 0x00000000a0100000, 0x00000000a0100000|100%| S|CS|TAMS 0x00000000a0000000, 0x00000000a0000000| Complete 
| 513|0x00000000a0100000, 0x00000000a0100000, 0x00000000a0200000|  0%| F|  |TAMS 0x00000000a0100000, 0x00000000a0100000| Untracked 
| 514|0x00000000a0200000, 0x00000000a0200000, 0x00000000a0300000|  0%| F|  |TAMS 0x00000000a0200000, 0x00000000a0200000| Untracked 
| 515|0x00000000a0300000, 0x00000000a0300000, 0x00000000a0400000|  0%| F|  |TAMS 0x00000000a0300000, 0x00000000a0300000| Untracked 
| 516|0x00000000a0400000, 0x00000000a0400000, 0x00000000a0500000|  0%| F|  |TAMS 0x00000000a0400000, 0x00000000a0400000| Untracked 
| 517|0x00000000a0500000, 0x00000000a0500000, 0x00000000a0600000|  0%| F|  |TAMS 0x00000000a0500000, 0x00000000a0500000| Untracked 
| 518|0x00000000a0600000, 0x00000000a0600000, 0x00000000a0700000|  0%| F|  |TAMS 0x00000000a0600000, 0x00000000a0600000| Untracked 
| 519|0x00000000a0700000, 0x00000000a0700000, 0x00000000a0800000|  0%| F|  |TAMS 0x00000000a0700000, 0x00000000a0700000| Untracked 
| 520|0x00000000a0800000, 0x00000000a0800000, 0x00000000a0900000|  0%| F|  |TAMS 0x00000000a0800000, 0x00000000a0800000| Untracked 
| 521|0x00000000a0900000, 0x00000000a0900000, 0x00000000a0a00000|  0%| F|  |TAMS 0x00000000a0900000, 0x00000000a0900000| Untracked 
| 522|0x00000000a0a00000, 0x00000000a0a00000, 0x00000000a0b00000|  0%| F|  |TAMS 0x00000000a0a00000, 0x00000000a0a00000| Untracked 
| 523|0x00000000a0b00000, 0x00000000a0b00000, 0x00000000a0c00000|  0%| F|  |TAMS 0x00000000a0b00000, 0x00000000a0b00000| Untracked 
| 524|0x00000000a0c00000, 0x00000000a0c00000, 0x00000000a0d00000|  0%| F|  |TAMS 0x00000000a0c00000, 0x00000000a0c00000| Untracked 
| 525|0x00000000a0d00000, 0x00000000a0d00000, 0x00000000a0e00000|  0%| F|  |TAMS 0x00000000a0d00000, 0x00000000a0d00000| Untracked 
| 526|0x00000000a0e00000, 0x00000000a0e00000, 0x00000000a0f00000|  0%| F|  |TAMS 0x00000000a0e00000, 0x00000000a0e00000| Untracked 
| 527|0x00000000a0f00000, 0x00000000a0f00000, 0x00000000a1000000|  0%| F|  |TAMS 0x00000000a0f00000, 0x00000000a0f00000| Untracked 
| 528|0x00000000a1000000, 0x00000000a1000000, 0x00000000a1100000|  0%| F|  |TAMS 0x00000000a1000000, 0x00000000a1000000| Untracked 
| 529|0x00000000a1100000, 0x00000000a1100000, 0x00000000a1200000|  0%| F|  |TAMS 0x00000000a1100000, 0x00000000a1100000| Untracked 
| 530|0x00000000a1200000, 0x00000000a1200000, 0x00000000a1300000|  0%| F|  |TAMS 0x00000000a1200000, 0x00000000a1200000| Untracked 
| 531|0x00000000a1300000, 0x00000000a1300000, 0x00000000a1400000|  0%| F|  |TAMS 0x00000000a1300000, 0x00000000a1300000| Untracked 
| 532|0x00000000a1400000, 0x00000000a1433468, 0x00000000a1500000| 20%| E|  |TAMS 0x00000000a1400000, 0x00000000a1400000| Complete 
| 533|0x00000000a1500000, 0x00000000a1600000, 0x00000000a1600000|100%| E|CS|TAMS 0x00000000a1500000, 0x00000000a1500000| Complete 
| 534|0x00000000a1600000, 0x00000000a1700000, 0x00000000a1700000|100%| E|CS|TAMS 0x00000000a1600000, 0x00000000a1600000| Complete 
| 535|0x00000000a1700000, 0x00000000a1800000, 0x00000000a1800000|100%| E|CS|TAMS 0x00000000a1700000, 0x00000000a1700000| Complete 
| 536|0x00000000a1800000, 0x00000000a1900000, 0x00000000a1900000|100%| E|CS|TAMS 0x00000000a1800000, 0x00000000a1800000| Complete 
| 537|0x00000000a1900000, 0x00000000a1a00000, 0x00000000a1a00000|100%| E|CS|TAMS 0x00000000a1900000, 0x00000000a1900000| Complete 
| 538|0x00000000a1a00000, 0x00000000a1b00000, 0x00000000a1b00000|100%| E|CS|TAMS 0x00000000a1a00000, 0x00000000a1a00000| Complete 
| 539|0x00000000a1b00000, 0x00000000a1c00000, 0x00000000a1c00000|100%| E|  |TAMS 0x00000000a1b00000, 0x00000000a1b00000| Complete 

Card table byte_map: [0x00000158d3e60000,0x00000158d4260000] _byte_map_base: 0x00000158d3a60000

Marking Bits (Prev, Next): (CMBitMap*) 0x00000158bcc920d0, (CMBitMap*) 0x00000158bcc92110
 Prev Bits: [0x00000158d4660000, 0x00000158d6660000)
 Next Bits: [0x00000158d6660000, 0x00000158d8660000)

Polling page: 0x00000158bab60000

Metaspace:

Usage:
  Non-class:    134.14 MB used.
      Class:     20.84 MB used.
       Both:    154.98 MB used.

Virtual space:
  Non-class space:      192.00 MB reserved,     135.62 MB ( 71%) committed,  3 nodes.
      Class space:      416.00 MB reserved,      22.00 MB (  5%) committed,  1 nodes.
             Both:      608.00 MB reserved,     157.62 MB ( 26%) committed. 

Chunk freelists:
   Non-Class:  8.43 MB
       Class:  10.10 MB
        Both:  18.53 MB

MaxMetaspaceSize: 512.00 MB
CompressedClassSpaceSize: 416.00 MB
Initial GC threshold: 21.00 MB
Current GC threshold: 178.25 MB
CDS: on
MetaspaceReclaimPolicy: balanced
 - commit_granule_bytes: 65536.
 - commit_granule_words: 8192.
 - virtual_space_node_default_size: 8388608.
 - enlarge_chunks_in_place: 1.
 - new_chunks_are_fully_committed: 0.
 - uncommit_free_chunks: 1.
 - use_allocation_guard: 0.
 - handle_deallocations: 1.


Internal statistics:

num_allocs_failed_limit: 12.
num_arena_births: 3306.
num_arena_deaths: 18.
num_vsnodes_births: 4.
num_vsnodes_deaths: 0.
num_space_committed: 2523.
num_space_uncommitted: 3.
num_chunks_returned_to_freelist: 70.
num_chunks_taken_from_freelist: 11057.
num_chunk_merges: 21.
num_chunk_splits: 6792.
num_chunks_enlarged: 3854.
num_inconsistent_stats: 0.

CodeHeap 'non-profiled nmethods': size=120000Kb used=19550Kb max_used=19550Kb free=100450Kb
 bounds [0x00000158cc200000, 0x00000158cd520000, 0x00000158d3730000]
CodeHeap 'profiled nmethods': size=120000Kb used=48180Kb max_used=48180Kb free=71819Kb
 bounds [0x00000158c4730000, 0x00000158c7640000, 0x00000158cbc60000]
CodeHeap 'non-nmethods': size=5760Kb used=2511Kb max_used=2638Kb free=3248Kb
 bounds [0x00000158cbc60000, 0x00000158cbf10000, 0x00000158cc200000]
 total_blobs=25711 nmethods=24650 adapters=972
 compilation: enabled
              stopped_count=0, restarted_count=0
 full_count=0

Compilation events (20 events):
Event: 282.476 Thread 0x00000158db088620 30526       4       org.gradle.internal.snapshot.impl.StringValueSnapshot::appendToHasher (14 bytes)
Event: 282.484 Thread 0x00000158db088620 nmethod 30526 0x00000158cd514a10 code [0x00000158cd514be0, 0x00000158cd515068]
Event: 282.484 Thread 0x00000158db088620 30498       4       org.gradle.internal.serialize.kryo.KryoBackedEncoder::writeSmallLong (11 bytes)
Event: 282.485 Thread 0x00000158db088620 nmethod 30498 0x00000158cd515710 code [0x00000158cd5158a0, 0x00000158cd515968]
Event: 282.485 Thread 0x00000158db088620 30517       4       org.gradle.execution.plan.edges.DependentNodesSet::getFinalizers (4 bytes)
Event: 282.485 Thread 0x00000158db088620 nmethod 30517 0x00000158cd515a90 code [0x00000158cd515c00, 0x00000158cd515c78]
Event: 282.485 Thread 0x00000158db088620 30518       4       java.util.stream.ReferencePipeline::findFirst (12 bytes)
Event: 282.513 Thread 0x00000158db088620 nmethod 30518 0x00000158cd515d90 code [0x00000158cd515fe0, 0x00000158cd516aa8]
Event: 282.513 Thread 0x00000158db088620 30529       4       java.lang.System::lineSeparator (4 bytes)
Event: 282.513 Thread 0x00000158db088620 nmethod 30529 0x00000158cd517510 code [0x00000158cd517680, 0x00000158cd5176f8]
Event: 282.549 Thread 0x00000158db096530 30568       3       org.gradle.internal.dispatch.ReflectionDispatch::<init> (10 bytes)
Event: 282.549 Thread 0x00000158db096530 nmethod 30568 0x00000158c7636e10 code [0x00000158c7636fa0, 0x00000158c7637158]
Event: 282.791 Thread 0x00000158db096530 30569 %     3       java.io.ObjectStreamClass$FieldReflector::setObjFieldValues @ 18 (259 bytes)
Event: 282.794 Thread 0x00000158db096530 nmethod 30569% 0x00000158c7637210 code [0x00000158c76375e0, 0x00000158c7638d38]
Event: 282.795 Thread 0x00000158db096530 30570       3       org.gradle.internal.instantiation.generator.AsmBackedClassGenerator$ClassBuilderImpl::addManagedMethods (125 bytes)
Event: 282.801 Thread 0x00000158db096530 nmethod 30570 0x00000158c7639690 code [0x00000158c7639aa0, 0x00000158c763c078]
Event: 282.801 Thread 0x00000158db096530 30571       3       org.gradle.internal.instantiation.generator.AsmBackedClassGenerator$ClassBuilderImpl$$Lambda$393/0x00000158dd3a7d88::<init> (20 bytes)
Event: 282.801 Thread 0x00000158db096530 nmethod 30571 0x00000158c763ca10 code [0x00000158c763cbc0, 0x00000158c763ce38]
Event: 282.801 Thread 0x00000158db096530 30572       3       org.gradle.internal.instantiation.generator.AsmBackedClassGenerator$ClassBuilderImpl$$Lambda$393/0x00000158dd3a7d88::emit (17 bytes)
Event: 282.802 Thread 0x00000158db096530 nmethod 30572 0x00000158c763cf10 code [0x00000158c763d0c0, 0x00000158c763d228]

GC Heap History (20 events):
Event: 276.321 GC heap before
{Heap before GC invocations=102 (full 0):
 garbage-first heap   total 552960K, used 502123K [0x0000000080000000, 0x0000000100000000)
  region size 1024K, 27 young (27648K), 4 survivors (4096K)
 Metaspace       used 148262K, committed 150592K, reserved 557056K
  class space    used 20056K, committed 21120K, reserved 425984K
}
Event: 276.326 GC heap after
{Heap after GC invocations=103 (full 0):
 garbage-first heap   total 552960K, used 481243K [0x0000000080000000, 0x0000000100000000)
  region size 1024K, 4 young (4096K), 4 survivors (4096K)
 Metaspace       used 148262K, committed 150592K, reserved 557056K
  class space    used 20056K, committed 21120K, reserved 425984K
}
Event: 277.594 GC heap before
{Heap before GC invocations=103 (full 0):
 garbage-first heap   total 552960K, used 509915K [0x0000000080000000, 0x0000000100000000)
  region size 1024K, 27 young (27648K), 4 survivors (4096K)
 Metaspace       used 155133K, committed 157568K, reserved 622592K
  class space    used 20920K, committed 22016K, reserved 425984K
}
Event: 277.601 GC heap after
{Heap after GC invocations=104 (full 0):
 garbage-first heap   total 552960K, used 489655K [0x0000000080000000, 0x0000000100000000)
  region size 1024K, 4 young (4096K), 4 survivors (4096K)
 Metaspace       used 155133K, committed 157568K, reserved 622592K
  class space    used 20920K, committed 22016K, reserved 425984K
}
Event: 278.069 GC heap before
{Heap before GC invocations=104 (full 0):
 garbage-first heap   total 552960K, used 512183K [0x0000000080000000, 0x0000000100000000)
  region size 1024K, 27 young (27648K), 4 survivors (4096K)
 Metaspace       used 156301K, committed 158784K, reserved 622592K
  class space    used 21081K, committed 22208K, reserved 425984K
}
Event: 278.076 GC heap after
{Heap after GC invocations=105 (full 0):
 garbage-first heap   total 552960K, used 490333K [0x0000000080000000, 0x0000000100000000)
  region size 1024K, 4 young (4096K), 4 survivors (4096K)
 Metaspace       used 156301K, committed 158784K, reserved 622592K
  class space    used 21081K, committed 22208K, reserved 425984K
}
Event: 278.412 GC heap before
{Heap before GC invocations=105 (full 0):
 garbage-first heap   total 552960K, used 512861K [0x0000000080000000, 0x0000000100000000)
  region size 1024K, 27 young (27648K), 4 survivors (4096K)
 Metaspace       used 156705K, committed 159168K, reserved 622592K
  class space    used 21136K, committed 22272K, reserved 425984K
}
Event: 278.421 GC heap after
{Heap after GC invocations=106 (full 0):
 garbage-first heap   total 552960K, used 494324K [0x0000000080000000, 0x0000000100000000)
  region size 1024K, 4 young (4096K), 4 survivors (4096K)
 Metaspace       used 156705K, committed 159168K, reserved 622592K
  class space    used 21136K, committed 22272K, reserved 425984K
}
Event: 279.048 GC heap before
{Heap before GC invocations=106 (full 0):
 garbage-first heap   total 552960K, used 516852K [0x0000000080000000, 0x0000000100000000)
  region size 1024K, 27 young (27648K), 4 survivors (4096K)
 Metaspace       used 157330K, committed 159744K, reserved 622592K
  class space    used 21190K, committed 22336K, reserved 425984K
}
Event: 279.059 GC heap after
{Heap after GC invocations=107 (full 0):
 garbage-first heap   total 552960K, used 495780K [0x0000000080000000, 0x0000000100000000)
  region size 1024K, 2 young (2048K), 2 survivors (2048K)
 Metaspace       used 157330K, committed 159744K, reserved 622592K
  class space    used 21190K, committed 22336K, reserved 425984K
}
Event: 280.468 GC heap before
{Heap before GC invocations=107 (full 0):
 garbage-first heap   total 552960K, used 520356K [0x0000000080000000, 0x0000000100000000)
  region size 1024K, 27 young (27648K), 2 survivors (2048K)
 Metaspace       used 157571K, committed 160000K, reserved 622592K
  class space    used 21226K, committed 22336K, reserved 425984K
}
Event: 280.477 GC heap after
{Heap after GC invocations=108 (full 0):
 garbage-first heap   total 552960K, used 499512K [0x0000000080000000, 0x0000000100000000)
  region size 1024K, 4 young (4096K), 4 survivors (4096K)
 Metaspace       used 157571K, committed 160000K, reserved 622592K
  class space    used 21226K, committed 22336K, reserved 425984K
}
Event: 281.014 GC heap before
{Heap before GC invocations=108 (full 0):
 garbage-first heap   total 552960K, used 523064K [0x0000000080000000, 0x0000000100000000)
  region size 1024K, 27 young (27648K), 4 survivors (4096K)
 Metaspace       used 157950K, committed 160448K, reserved 622592K
  class space    used 21254K, committed 22400K, reserved 425984K
}
Event: 281.024 GC heap after
{Heap after GC invocations=109 (full 0):
 garbage-first heap   total 552960K, used 503946K [0x0000000080000000, 0x0000000100000000)
  region size 1024K, 4 young (4096K), 4 survivors (4096K)
 Metaspace       used 157950K, committed 160448K, reserved 622592K
  class space    used 21254K, committed 22400K, reserved 425984K
}
Event: 281.230 GC heap before
{Heap before GC invocations=109 (full 0):
 garbage-first heap   total 552960K, used 526474K [0x0000000080000000, 0x0000000100000000)
  region size 1024K, 27 young (27648K), 4 survivors (4096K)
 Metaspace       used 158230K, committed 160704K, reserved 622592K
  class space    used 21271K, committed 22400K, reserved 425984K
}
Event: 281.237 GC heap after
{Heap after GC invocations=110 (full 0):
 garbage-first heap   total 552960K, used 507202K [0x0000000080000000, 0x0000000100000000)
  region size 1024K, 3 young (3072K), 3 survivors (3072K)
 Metaspace       used 158230K, committed 160704K, reserved 622592K
  class space    used 21271K, committed 22400K, reserved 425984K
}
Event: 281.490 GC heap before
{Heap before GC invocations=110 (full 0):
 garbage-first heap   total 552960K, used 530754K [0x0000000080000000, 0x0000000100000000)
  region size 1024K, 27 young (27648K), 3 survivors (3072K)
 Metaspace       used 158801K, committed 161280K, reserved 622592K
  class space    used 21357K, committed 22464K, reserved 425984K
}
Event: 281.505 GC heap after
{Heap after GC invocations=111 (full 0):
 garbage-first heap   total 552960K, used 508261K [0x0000000080000000, 0x0000000100000000)
  region size 1024K, 2 young (2048K), 2 survivors (2048K)
 Metaspace       used 158801K, committed 161280K, reserved 622592K
  class space    used 21357K, committed 22464K, reserved 425984K
}
Event: 282.262 GC heap before
{Heap before GC invocations=111 (full 0):
 garbage-first heap   total 552960K, used 532837K [0x0000000080000000, 0x0000000100000000)
  region size 1024K, 27 young (27648K), 2 survivors (2048K)
 Metaspace       used 159008K, committed 161472K, reserved 622592K
  class space    used 21394K, committed 22528K, reserved 425984K
}
Event: 282.268 GC heap after
{Heap after GC invocations=112 (full 0):
 garbage-first heap   total 552960K, used 510196K [0x0000000080000000, 0x0000000100000000)
  region size 1024K, 3 young (3072K), 3 survivors (3072K)
 Metaspace       used 159008K, committed 161472K, reserved 622592K
  class space    used 21394K, committed 22528K, reserved 425984K
}

Dll operation events (17 events):
Event: 0.016 Loaded shared library C:\Program Files\Microsoft\jdk-17.0.8.7-hotspot\bin\java.dll
Event: 0.041 Loaded shared library C:\Program Files\Microsoft\jdk-17.0.8.7-hotspot\bin\jsvml.dll
Event: 0.151 Loaded shared library C:\Program Files\Microsoft\jdk-17.0.8.7-hotspot\bin\zip.dll
Event: 0.161 Loaded shared library C:\Program Files\Microsoft\jdk-17.0.8.7-hotspot\bin\instrument.dll
Event: 0.175 Loaded shared library C:\Program Files\Microsoft\jdk-17.0.8.7-hotspot\bin\net.dll
Event: 0.180 Loaded shared library C:\Program Files\Microsoft\jdk-17.0.8.7-hotspot\bin\nio.dll
Event: 0.191 Loaded shared library C:\Program Files\Microsoft\jdk-17.0.8.7-hotspot\bin\zip.dll
Event: 0.819 Loaded shared library C:\Program Files\Microsoft\jdk-17.0.8.7-hotspot\bin\jimage.dll
Event: 0.933 Loaded shared library C:\Program Files\Microsoft\jdk-17.0.8.7-hotspot\bin\verify.dll
Event: 1.188 Loaded shared library C:\Users\Barjinder Goyal\.gradle\native\c067742578af261105cb4f569cf0c3c89f3d7b1fecec35dd04571415982c5e48\windows-amd64\native-platform.dll
Event: 1.208 Loaded shared library C:\Users\Barjinder Goyal\.gradle\native\38dada09dfb8b06ba9b0570ebf7e218e3eb74d4ef43ca46872605cf95ebc2f47\windows-amd64\native-platform-file-events.dll
Event: 2.830 Loaded shared library C:\Program Files\Microsoft\jdk-17.0.8.7-hotspot\bin\management.dll
Event: 2.835 Loaded shared library C:\Program Files\Microsoft\jdk-17.0.8.7-hotspot\bin\management_ext.dll
Event: 3.663 Loaded shared library C:\Program Files\Microsoft\jdk-17.0.8.7-hotspot\bin\sunmscapi.dll
Event: 154.352 Loaded shared library C:\Users\Barjinder Goyal\AppData\Local\Temp\native-platform6181255213844829075dir\native-platform.dll
Event: 155.685 Loaded shared library C:\Program Files\Microsoft\jdk-17.0.8.7-hotspot\bin\rmi.dll
Event: 281.483 Loaded shared library C:\Users\Barjinder Goyal\AppData\Local\Temp\native-platform2544794736456845138dir\native-platform.dll

Deoptimization events (20 events):
Event: 282.287 Thread 0x000001588767d780 Uncommon trap: trap_request=0xffffffbe fr.pc=0x00000158cd50a508 relative=0x0000000000000d68
Event: 282.287 Thread 0x000001588767d780 Uncommon trap: reason=profile_predicate action=maybe_recompile pc=0x00000158cd50a508 method=com.esotericsoftware.kryo.io.Output.writeString(Ljava/lang/CharSequence;)V @ 67 c2
Event: 282.287 Thread 0x000001588767d780 DEOPT PACKING pc=0x00000158cd50a508 sp=0x0000000823efe490
Event: 282.287 Thread 0x000001588767d780 DEOPT UNPACKING pc=0x00000158cbcb69a3 sp=0x0000000823efe378 mode 2
Event: 282.337 Thread 0x00000158fdf768e0 Uncommon trap: trap_request=0xffffff45 fr.pc=0x00000158cd01ee3c relative=0x000000000000009c
Event: 282.337 Thread 0x00000158fdf768e0 Uncommon trap: reason=unstable_if action=reinterpret pc=0x00000158cd01ee3c method=org.gradle.execution.plan.Node.isComplete()Z @ 27 c2
Event: 282.337 Thread 0x00000158fdf768e0 DEOPT PACKING pc=0x00000158cd01ee3c sp=0x0000000820bfe790
Event: 282.337 Thread 0x00000158fdf768e0 DEOPT UNPACKING pc=0x00000158cbcb69a3 sp=0x0000000820bfe728 mode 2
Event: 282.384 Thread 0x000001588767af00 Uncommon trap: trap_request=0xffffff45 fr.pc=0x00000158cc9cd938 relative=0x0000000000005ed8
Event: 282.384 Thread 0x000001588767af00 Uncommon trap: reason=unstable_if action=reinterpret pc=0x00000158cc9cd938 method=org.gradle.internal.operations.DefaultBuildOperationExecutor$ListenerAdapter.stop(Lorg/gradle/internal/operations/BuildOperationDescriptor;Lorg/gradle/internal/operations/Bu
Event: 282.384 Thread 0x000001588767af00 DEOPT PACKING pc=0x00000158cc9cd938 sp=0x0000000825ffe1c0
Event: 282.384 Thread 0x000001588767af00 DEOPT UNPACKING pc=0x00000158cbcb69a3 sp=0x0000000825ffdfb0 mode 2
Event: 282.776 Thread 0x00000158fbdf63e0 Uncommon trap: trap_request=0xffffff45 fr.pc=0x00000158cd2ab2d0 relative=0x00000000000002b0
Event: 282.776 Thread 0x00000158fbdf63e0 Uncommon trap: reason=unstable_if action=reinterpret pc=0x00000158cd2ab2d0 method=java.io.ObjectStreamClass$FieldReflector.getPrimFieldValues(Ljava/lang/Object;[B)V @ 44 c2
Event: 282.776 Thread 0x00000158fbdf63e0 DEOPT PACKING pc=0x00000158cd2ab2d0 sp=0x000000081d0f9ef0
Event: 282.776 Thread 0x00000158fbdf63e0 DEOPT UNPACKING pc=0x00000158cbcb69a3 sp=0x000000081d0f9e88 mode 2
Event: 282.790 Thread 0x00000158fbdf63e0 Uncommon trap: trap_request=0xffffff45 fr.pc=0x00000158cd2c2af8 relative=0x00000000000002d8
Event: 282.790 Thread 0x00000158fbdf63e0 Uncommon trap: reason=unstable_if action=reinterpret pc=0x00000158cd2c2af8 method=java.io.ObjectStreamClass$FieldReflector.setPrimFieldValues(Ljava/lang/Object;[B)V @ 56 c2
Event: 282.790 Thread 0x00000158fbdf63e0 DEOPT PACKING pc=0x00000158cd2c2af8 sp=0x000000081d0f9f30
Event: 282.790 Thread 0x00000158fbdf63e0 DEOPT UNPACKING pc=0x00000158cbcb69a3 sp=0x000000081d0f9ed8 mode 2

Classes unloaded (20 events):
Event: 282.890 Thread 0x00000158db063ec0 Unloading class 0x00000158de1d0bb8 '_BuildScript_$_run_closure1$_closure8'
Event: 282.890 Thread 0x00000158db063ec0 Unloading class 0x00000158de1d07d0 '_BuildScript_$_run_closure1$_closure7$_closure11'
Event: 282.890 Thread 0x00000158db063ec0 Unloading class 0x00000158de1d03e8 '_BuildScript_$_run_closure1$_closure7$_closure10'
Event: 282.890 Thread 0x00000158db063ec0 Unloading class 0x00000158de1d0000 '_BuildScript_$_run_closure1$_closure7'
Event: 282.890 Thread 0x00000158db063ec0 Unloading class 0x00000158de1cf938 '_BuildScript_$_run_closure1$_closure6'
Event: 282.890 Thread 0x00000158db063ec0 Unloading class 0x00000158de1cf550 '_BuildScript_$_run_closure1'
Event: 282.890 Thread 0x00000158db063ec0 Unloading class 0x00000158de1cf000 '_BuildScript_'
Event: 282.898 Thread 0x00000158db063ec0 Unloading class 0x00000158de1cd000 '_BuildScript_$_run_closure1$_closure2'
Event: 282.898 Thread 0x00000158db063ec0 Unloading class 0x00000158de1cc400 '_BuildScript_$_run_closure1'
Event: 282.898 Thread 0x00000158db063ec0 Unloading class 0x00000158de1cc800 '_BuildScript_'
Event: 282.899 Thread 0x00000158db063ec0 Unloading class 0x00000158de1b1770 '_BuildScript_$_run_closure2'
Event: 282.900 Thread 0x00000158db063ec0 Unloading class 0x00000158de1b1388 '_BuildScript_$_run_closure1$_closure6'
Event: 282.900 Thread 0x00000158db063ec0 Unloading class 0x00000158de1b0fa0 '_BuildScript_$_run_closure1$_closure5$_closure9'
Event: 282.900 Thread 0x00000158db063ec0 Unloading class 0x00000158de1b0bb8 '_BuildScript_$_run_closure1$_closure5'
Event: 282.900 Thread 0x00000158db063ec0 Unloading class 0x00000158de1b07d0 '_BuildScript_$_run_closure1$_closure4$_closure8'
Event: 282.901 Thread 0x00000158db063ec0 Unloading class 0x00000158de1b03e8 '_BuildScript_$_run_closure1$_closure4$_closure7'
Event: 282.901 Thread 0x00000158db063ec0 Unloading class 0x00000158de1b0000 '_BuildScript_$_run_closure1$_closure4'
Event: 282.914 Thread 0x00000158db063ec0 Unloading class 0x00000158de1ac920 '_BuildScript_$_run_closure1$_closure3'
Event: 282.914 Thread 0x00000158db063ec0 Unloading class 0x00000158de1ac538 '_BuildScript_$_run_closure1'
Event: 282.914 Thread 0x00000158db063ec0 Unloading class 0x00000158de1ac000 '_BuildScript_'

Classes redefined (0 events):
No events

Internal exceptions (20 events):
Event: 277.873 Thread 0x00000158fdf754a0 Exception <a 'sun/nio/fs/WindowsException'{0x00000000a13b16e8}> (0x00000000a13b16e8) 
thrown [s\src\hotspot\share\prims\jni.cpp, line 516]
Event: 277.873 Thread 0x00000158fdf754a0 Exception <a 'sun/nio/fs/WindowsException'{0x00000000a13b1a98}> (0x00000000a13b1a98) 
thrown [s\src\hotspot\share\prims\jni.cpp, line 516]
Event: 277.873 Thread 0x00000158fdf754a0 Exception <a 'sun/nio/fs/WindowsException'{0x00000000a13b3cd0}> (0x00000000a13b3cd0) 
thrown [s\src\hotspot\share\prims\jni.cpp, line 516]
Event: 277.939 Thread 0x00000158fdf754a0 Implicit null exception at 0x00000158cc5b60a0 to 0x00000158cc5b664c
Event: 278.211 Thread 0x00000158fdf754a0 Exception <a 'sun/nio/fs/WindowsException'{0x00000000a13033b0}> (0x00000000a13033b0) 
thrown [s\src\hotspot\share\prims\jni.cpp, line 516]
Event: 278.211 Thread 0x00000158fdf754a0 Exception <a 'sun/nio/fs/WindowsException'{0x00000000a1304268}> (0x00000000a1304268) 
thrown [s\src\hotspot\share\prims\jni.cpp, line 516]
Event: 278.211 Thread 0x00000158fdf754a0 Exception <a 'sun/nio/fs/WindowsException'{0x00000000a13042f8}> (0x00000000a13042f8) 
thrown [s\src\hotspot\share\prims\jni.cpp, line 516]
Event: 278.211 Thread 0x00000158fdf754a0 Exception <a 'sun/nio/fs/WindowsException'{0x00000000a1304728}> (0x00000000a1304728) 
thrown [s\src\hotspot\share\prims\jni.cpp, line 516]
Event: 278.220 Thread 0x00000158fdf754a0 Implicit null exception at 0x00000158cce40d30 to 0x00000158cce40db1
Event: 278.257 Thread 0x000001588767ebc0 Exception <a 'sun/nio/fs/WindowsException'{0x00000000a10d2f60}> (0x00000000a10d2f60) 
thrown [s\src\hotspot\share\prims\jni.cpp, line 516]
Event: 278.257 Thread 0x000001588767ebc0 Exception <a 'sun/nio/fs/WindowsException'{0x00000000a10d3178}> (0x00000000a10d3178) 
thrown [s\src\hotspot\share\prims\jni.cpp, line 516]
Event: 278.257 Thread 0x000001588767ebc0 Exception <a 'sun/nio/fs/WindowsException'{0x00000000a10d3238}> (0x00000000a10d3238) 
thrown [s\src\hotspot\share\prims\jni.cpp, line 516]
Event: 278.257 Thread 0x000001588767ebc0 Exception <a 'sun/nio/fs/WindowsException'{0x00000000a10d3668}> (0x00000000a10d3668) 
thrown [s\src\hotspot\share\prims\jni.cpp, line 516]
Event: 281.087 Thread 0x000001588767a4e0 Exception <a 'sun/nio/fs/WindowsException'{0x00000000a101a028}> (0x00000000a101a028) 
thrown [s\src\hotspot\share\prims\jni.cpp, line 516]
Event: 281.087 Thread 0x000001588767a4e0 Exception <a 'sun/nio/fs/WindowsException'{0x00000000a101a410}> (0x00000000a101a410) 
thrown [s\src\hotspot\share\prims\jni.cpp, line 516]
Event: 281.241 Thread 0x00000158fdf768e0 Exception <a 'java/lang/NoSuchMethodError'{0x00000000a1bced20}: static Lorg/jetbrains/kotlin/incremental/ChangedFiles$Unknown;.<clinit>()V> (0x00000000a1bced20) 
thrown [s\src\hotspot\share\prims\jni.cpp, line 1107]
Event: 281.246 Thread 0x00000158fdf768e0 Exception <a 'java/lang/NoSuchMethodError'{0x00000000a1a52d60}: static Lorg/jetbrains/kotlin/incremental/ClasspathChanges$ClasspathSnapshotEnabled$NotAvailableForNonIncrementalRun;.<clinit>()V> (0x00000000a1a52d60) 
thrown [s\src\hotspot\share\prims\jni.cpp, line 1107]
Event: 281.246 Thread 0x00000158fdf768e0 Exception <a 'java/lang/NoSuchMethodError'{0x00000000a1a54ce8}: static Lorg/jetbrains/kotlin/incremental/ClasspathChanges$ClasspathSnapshotEnabled;.<clinit>()V> (0x00000000a1a54ce8) 
thrown [s\src\hotspot\share\prims\jni.cpp, line 1107]
Event: 281.247 Thread 0x00000158fdf768e0 Exception <a 'java/lang/NoSuchMethodError'{0x00000000a1a56ad0}: static Lorg/jetbrains/kotlin/incremental/ClasspathChanges;.<clinit>()V> (0x00000000a1a56ad0) 
thrown [s\src\hotspot\share\prims\jni.cpp, line 1107]
Event: 282.776 Thread 0x00000158fbdf63e0 Exception <a 'java/lang/NoSuchMethodError'{0x00000000a15e4bc8}: static Lorg/jetbrains/kotlin/gradle/plugin/statistics/MetricContainer;.<clinit>()V> (0x00000000a15e4bc8) 
thrown [s\src\hotspot\share\prims\jni.cpp, line 1107]

VM Operations (20 events):
Event: 278.421 Executing VM operation: G1CollectForAllocation done
Event: 279.048 Executing VM operation: G1CollectForAllocation
Event: 279.060 Executing VM operation: G1CollectForAllocation done
Event: 280.060 Executing VM operation: Cleanup
Event: 280.060 Executing VM operation: Cleanup done
Event: 280.427 Executing VM operation: G1CollectForAllocation
Event: 280.477 Executing VM operation: G1CollectForAllocation done
Event: 281.010 Executing VM operation: G1CollectForAllocation
Event: 281.024 Executing VM operation: G1CollectForAllocation done
Event: 281.228 Executing VM operation: G1CollectForAllocation
Event: 281.237 Executing VM operation: G1CollectForAllocation done
Event: 281.483 Executing VM operation: G1CollectForAllocation
Event: 281.490 Executing VM operation: G1CollectForAllocation done
Event: 281.490 Executing VM operation: G1CollectForAllocation
Event: 281.505 Executing VM operation: G1CollectForAllocation done
Event: 282.261 Executing VM operation: G1CollectForAllocation
Event: 282.268 Executing VM operation: G1CollectForAllocation done
Event: 282.293 Executing VM operation: HandshakeAllThreads
Event: 282.293 Executing VM operation: HandshakeAllThreads done
Event: 282.827 Executing VM operation: G1PauseRemark

Events (20 events):
Event: 277.948 Thread 0x000001588733d9b0 Thread added: 0x000001588733d9b0
Event: 277.949 Thread 0x000001588733ca80 Thread added: 0x000001588733ca80
Event: 277.949 Thread 0x00000158873425a0 Thread added: 0x00000158873425a0
Event: 277.949 Thread 0x0000015887342ab0 Thread added: 0x0000015887342ab0
Event: 277.949 Thread 0x0000015887340c50 Thread added: 0x0000015887340c50
Event: 277.950 Thread 0x00000158873434d0 Thread added: 0x00000158873434d0
Event: 278.522 loading class java/util/regex/Pattern$LineEnding
Event: 278.522 loading class java/util/regex/Pattern$LineEnding done
Event: 278.607 loading class java/util/Collections$UnmodifiableList$1
Event: 278.607 loading class java/util/Collections$UnmodifiableList$1 done
Event: 281.557 Thread 0x000001588733f810 Thread added: 0x000001588733f810
Event: 281.713 Thread 0x000001588733f810 Thread exited: 0x000001588733f810
Event: 281.725 Thread 0x000001588733c060 Thread added: 0x000001588733c060
Event: 281.864 Thread 0x000001588733c060 Thread exited: 0x000001588733c060
Event: 281.886 loading class java/lang/Throwable$WrappedPrintWriter
Event: 281.886 loading class java/lang/Throwable$PrintStreamOrWriter
Event: 281.887 loading class java/lang/Throwable$PrintStreamOrWriter done
Event: 281.887 loading class java/lang/Throwable$WrappedPrintWriter done
Event: 282.026 Thread 0x0000015887340230 Thread added: 0x0000015887340230
Event: 282.235 Thread 0x0000015887340230 Thread exited: 0x0000015887340230


Dynamic libraries:
0x00007ff661740000 - 0x00007ff66174e000 	C:\Program Files\Microsoft\jdk-17.0.8.7-hotspot\bin\java.exe
0x00007ffdeeb30000 - 0x00007ffdeed28000 	C:\WINDOWS\SYSTEM32\ntdll.dll
0x00007ffdee8f0000 - 0x00007ffdee9b1000 	C:\WINDOWS\System32\KERNEL32.DLL
0x00007ffdec730000 - 0x00007ffdeca26000 	C:\WINDOWS\System32\KERNELBASE.dll
0x00007ffdeca60000 - 0x00007ffdecb60000 	C:\WINDOWS\System32\ucrtbase.dll
0x00007ffde40c0000 - 0x00007ffde40d7000 	C:\Program Files\Microsoft\jdk-17.0.8.7-hotspot\bin\jli.dll
0x00007ffde40e0000 - 0x00007ffde40fb000 	C:\Program Files\Microsoft\jdk-17.0.8.7-hotspot\bin\VCRUNTIME140.dll
0x00007ffdecb60000 - 0x00007ffdeccff000 	C:\WINDOWS\System32\USER32.dll
0x00007ffdeca30000 - 0x00007ffdeca52000 	C:\WINDOWS\System32\win32u.dll
0x00007ffdd6470000 - 0x00007ffdd670a000 	C:\WINDOWS\WinSxS\amd64_microsoft.windows.common-controls_6595b64144ccf1df_6.0.19041.4355_none_60b8b9eb71f62e16\COMCTL32.dll
0x00007ffdee070000 - 0x00007ffdee09b000 	C:\WINDOWS\System32\GDI32.dll
0x00007ffdee720000 - 0x00007ffdee7be000 	C:\WINDOWS\System32\msvcrt.dll
0x00007ffdec330000 - 0x00007ffdec447000 	C:\WINDOWS\System32\gdi32full.dll
0x00007ffdec600000 - 0x00007ffdec69d000 	C:\WINDOWS\System32\msvcp_win.dll
0x00007ffdeceb0000 - 0x00007ffdecedf000 	C:\WINDOWS\System32\IMM32.DLL
0x00007ffde40b0000 - 0x00007ffde40bc000 	C:\Program Files\Microsoft\jdk-17.0.8.7-hotspot\bin\vcruntime140_1.dll
0x00007ffdb0e60000 - 0x00007ffdb0eed000 	C:\Program Files\Microsoft\jdk-17.0.8.7-hotspot\bin\msvcp140.dll
0x00007ffd84ce0000 - 0x00007ffd85945000 	C:\Program Files\Microsoft\jdk-17.0.8.7-hotspot\bin\server\jvm.dll
0x00007ffded910000 - 0x00007ffded9c0000 	C:\WINDOWS\System32\ADVAPI32.dll
0x00007ffdede30000 - 0x00007ffdeded0000 	C:\WINDOWS\System32\sechost.dll
0x00007ffdee7c0000 - 0x00007ffdee8e3000 	C:\WINDOWS\System32\RPCRT4.dll
0x00007ffdec300000 - 0x00007ffdec327000 	C:\WINDOWS\System32\bcrypt.dll
0x00007ffdeb710000 - 0x00007ffdeb75b000 	C:\WINDOWS\SYSTEM32\POWRPROF.dll
0x00007ffde3d00000 - 0x00007ffde3d09000 	C:\WINDOWS\SYSTEM32\WSOCK32.dll
0x00007ffdd7750000 - 0x00007ffdd7777000 	C:\WINDOWS\SYSTEM32\WINMM.dll
0x00007ffde0d90000 - 0x00007ffde0d9a000 	C:\WINDOWS\SYSTEM32\VERSION.dll
0x00007ffdee0a0000 - 0x00007ffdee10b000 	C:\WINDOWS\System32\WS2_32.dll
0x00007ffdeb5d0000 - 0x00007ffdeb5e2000 	C:\WINDOWS\SYSTEM32\UMPDC.dll
0x00007ffdea9f0000 - 0x00007ffdeaa02000 	C:\WINDOWS\SYSTEM32\kernel.appcore.dll
0x00007ffde3ce0000 - 0x00007ffde3cea000 	C:\Program Files\Microsoft\jdk-17.0.8.7-hotspot\bin\jimage.dll
0x00007ffde6f10000 - 0x00007ffde70f4000 	C:\WINDOWS\SYSTEM32\DBGHELP.DLL
0x00007ffdd35b0000 - 0x00007ffdd35e4000 	C:\WINDOWS\SYSTEM32\dbgcore.DLL
0x00007ffdec6a0000 - 0x00007ffdec722000 	C:\WINDOWS\System32\bcryptPrimitives.dll
0x00007ffdd3ca0000 - 0x00007ffdd3cae000 	C:\Program Files\Microsoft\jdk-17.0.8.7-hotspot\bin\instrument.dll
0x00007ffdde760000 - 0x00007ffdde785000 	C:\Program Files\Microsoft\jdk-17.0.8.7-hotspot\bin\java.dll
0x00007ffdaf640000 - 0x00007ffdaf717000 	C:\Program Files\Microsoft\jdk-17.0.8.7-hotspot\bin\jsvml.dll
0x00007ffdecf70000 - 0x00007ffded6dc000 	C:\WINDOWS\System32\SHELL32.dll
0x00007ffdea240000 - 0x00007ffdea9de000 	C:\WINDOWS\SYSTEM32\windows.storage.dll
0x00007ffdee110000 - 0x00007ffdee463000 	C:\WINDOWS\System32\combase.dll
0x00007ffdebc00000 - 0x00007ffdebc2e000 	C:\WINDOWS\SYSTEM32\Wldp.dll
0x00007ffdeea20000 - 0x00007ffdeeaed000 	C:\WINDOWS\System32\OLEAUT32.dll
0x00007ffdee590000 - 0x00007ffdee63d000 	C:\WINDOWS\System32\SHCORE.dll
0x00007ffded6e0000 - 0x00007ffded735000 	C:\WINDOWS\System32\shlwapi.dll
0x00007ffdec110000 - 0x00007ffdec134000 	C:\WINDOWS\SYSTEM32\profapi.dll
0x00007ffddf2c0000 - 0x00007ffddf2d8000 	C:\Program Files\Microsoft\jdk-17.0.8.7-hotspot\bin\zip.dll
0x00007ffde06b0000 - 0x00007ffde06c9000 	C:\Program Files\Microsoft\jdk-17.0.8.7-hotspot\bin\net.dll
0x00007ffde46b0000 - 0x00007ffde47ba000 	C:\WINDOWS\SYSTEM32\WINHTTP.dll
0x00007ffdeb960000 - 0x00007ffdeb9ca000 	C:\WINDOWS\system32\mswsock.dll
0x00007ffddf340000 - 0x00007ffddf356000 	C:\Program Files\Microsoft\jdk-17.0.8.7-hotspot\bin\nio.dll
0x00007ffde3c60000 - 0x00007ffde3c70000 	C:\Program Files\Microsoft\jdk-17.0.8.7-hotspot\bin\verify.dll
0x00007ffdc0600000 - 0x00007ffdc0627000 	C:\Users\Barjinder Goyal\.gradle\native\c067742578af261105cb4f569cf0c3c89f3d7b1fecec35dd04571415982c5e48\windows-amd64\native-platform.dll
0x00007ffdaae10000 - 0x00007ffdaaf54000 	C:\Users\Barjinder Goyal\.gradle\native\38dada09dfb8b06ba9b0570ebf7e218e3eb74d4ef43ca46872605cf95ebc2f47\windows-amd64\native-platform-file-events.dll
0x00007ffde10c0000 - 0x00007ffde10c9000 	C:\Program Files\Microsoft\jdk-17.0.8.7-hotspot\bin\management.dll
0x00007ffdd3cb0000 - 0x00007ffdd3cbb000 	C:\Program Files\Microsoft\jdk-17.0.8.7-hotspot\bin\management_ext.dll
0x00007ffdee060000 - 0x00007ffdee068000 	C:\WINDOWS\System32\PSAPI.DLL
0x00007ffdebb50000 - 0x00007ffdebb68000 	C:\WINDOWS\SYSTEM32\CRYPTSP.dll
0x00007ffdeb210000 - 0x00007ffdeb244000 	C:\WINDOWS\system32\rsaenh.dll
0x00007ffdec0c0000 - 0x00007ffdec0ee000 	C:\WINDOWS\SYSTEM32\USERENV.dll
0x00007ffdebb70000 - 0x00007ffdebb7c000 	C:\WINDOWS\SYSTEM32\CRYPTBASE.dll
0x00007ffdeb5f0000 - 0x00007ffdeb62b000 	C:\WINDOWS\SYSTEM32\IPHLPAPI.DLL
0x00007ffdedee0000 - 0x00007ffdedee8000 	C:\WINDOWS\System32\NSI.dll
0x00007ffde0c80000 - 0x00007ffde0c97000 	C:\WINDOWS\SYSTEM32\dhcpcsvc6.DLL
0x00007ffde0f00000 - 0x00007ffde0f1d000 	C:\WINDOWS\SYSTEM32\dhcpcsvc.DLL
0x00007ffdeb640000 - 0x00007ffdeb70a000 	C:\WINDOWS\SYSTEM32\DNSAPI.dll
0x00007ffdcd8e0000 - 0x00007ffdcd8ee000 	C:\Program Files\Microsoft\jdk-17.0.8.7-hotspot\bin\sunmscapi.dll
0x00007ffdec4a0000 - 0x00007ffdec5fe000 	C:\WINDOWS\System32\CRYPT32.dll
0x00007ffdebc70000 - 0x00007ffdebc99000 	C:\WINDOWS\SYSTEM32\ncrypt.dll
0x00007ffdebc30000 - 0x00007ffdebc6b000 	C:\WINDOWS\SYSTEM32\NTASN1.dll
0x00007ffdcd8a0000 - 0x00007ffdcd8a7000 	C:\WINDOWS\system32\wshunix.dll
0x00007ffdd3e60000 - 0x00007ffdd3e77000 	C:\WINDOWS\system32\napinsp.dll
0x00007ffdd3e40000 - 0x00007ffdd3e5b000 	C:\WINDOWS\system32\pnrpnsp.dll
0x00007ffde58c0000 - 0x00007ffde58d5000 	C:\WINDOWS\system32\wshbth.dll
0x00007ffde3f70000 - 0x00007ffde3f8d000 	C:\WINDOWS\system32\NLAapi.dll
0x00007ffdd3e20000 - 0x00007ffdd3e32000 	C:\WINDOWS\System32\winrnr.dll
0x00007ffde10f0000 - 0x00007ffde10fa000 	C:\Windows\System32\rasadhlp.dll
0x00007ffdd5800000 - 0x00007ffdd5880000 	C:\WINDOWS\System32\fwpuclnt.dll
0x00007ffdcae40000 - 0x00007ffdcae5e000 	C:\Users\Barjinder Goyal\AppData\Local\Temp\native-platform6181255213844829075dir\native-platform.dll
0x00007ffdcd720000 - 0x00007ffdcd727000 	C:\Program Files\Microsoft\jdk-17.0.8.7-hotspot\bin\rmi.dll
0x00007ffdeb330000 - 0x00007ffdeb363000 	C:\WINDOWS\SYSTEM32\ntmarta.dll
0x00007ffdc0430000 - 0x00007ffdc044e000 	C:\Users\Barjinder Goyal\AppData\Local\Temp\native-platform2544794736456845138dir\native-platform.dll

dbghelp: loaded successfully - version: 4.0.5 - missing functions: none
symbol engine: initialized successfully - sym options: 0x614 - pdb path: .;C:\Program Files\Microsoft\jdk-17.0.8.7-hotspot\bin;C:\WINDOWS\SYSTEM32;C:\WINDOWS\WinSxS\amd64_microsoft.windows.common-controls_6595b64144ccf1df_6.0.19041.4355_none_60b8b9eb71f62e16;C:\Program Files\Microsoft\jdk-17.0.8.7-hotspot\bin\server;C:\Users\Barjinder Goyal\.gradle\native\c067742578af261105cb4f569cf0c3c89f3d7b1fecec35dd04571415982c5e48\windows-amd64;C:\Users\Barjinder Goyal\.gradle\native\38dada09dfb8b06ba9b0570ebf7e218e3eb74d4ef43ca46872605cf95ebc2f47\windows-amd64;C:\Users\Barjinder Goyal\AppData\Local\Temp\native-platform6181255213844829075dir;C:\Users\Barjinder Goyal\AppData\Local\Temp\native-platform2544794736456845138dir

VM Arguments:
jvm_args: -XX:MaxMetaspaceSize=512m --add-opens=java.base/java.util=ALL-UNNAMED --add-opens=java.base/java.lang=ALL-UNNAMED --add-opens=java.base/java.lang.invoke=ALL-UNNAMED --add-opens=java.prefs/java.util.prefs=ALL-UNNAMED --add-opens=java.base/java.nio.charset=ALL-UNNAMED --add-opens=java.base/java.net=ALL-UNNAMED --add-opens=java.base/java.util.concurrent.atomic=ALL-UNNAMED -Xmx2048m -Dfile.encoding=windows-1252 -Duser.country=IN -Duser.language=en -Duser.variant -javaagent:C:\Users\Barjinder Goyal\.gradle\wrapper\dists\gradle-8.6-all\3mbtmo166bl6vumsh5k2lkq5h\gradle-8.6\lib\agents\gradle-instrumentation-agent-8.6.jar 
java_command: org.gradle.launcher.daemon.bootstrap.GradleDaemon 8.6
java_class_path (initial): C:\Users\Barjinder Goyal\.gradle\wrapper\dists\gradle-8.6-all\3mbtmo166bl6vumsh5k2lkq5h\gradle-8.6\lib\gradle-launcher-8.6.jar
Launcher Type: SUN_STANDARD

[Global flags]
     intx CICompilerCount                          = 4                                         {product} {ergonomic}
   size_t CompressedClassSpaceSize                 = 436207616                                 {product} {ergonomic}
     uint ConcGCThreads                            = 2                                         {product} {ergonomic}
     uint G1ConcRefinementThreads                  = 8                                         {product} {ergonomic}
   size_t G1HeapRegionSize                         = 1048576                                   {product} {ergonomic}
    uintx GCDrainStackTargetSize                   = 64                                        {product} {ergonomic}
   size_t InitialHeapSize                          = 132120576                                 {product} {ergonomic}
   size_t MarkStackSize                            = 4194304                                   {product} {ergonomic}
   size_t MaxHeapSize                              = 2147483648                                {product} {command line}
   size_t MaxMetaspaceSize                         = 536870912                                 {product} {command line}
   size_t MaxNewSize                               = 1287651328                                {product} {ergonomic}
   size_t MinHeapDeltaBytes                        = 1048576                                   {product} {ergonomic}
   size_t MinHeapSize                              = 8388608                                   {product} {ergonomic}
    uintx NonNMethodCodeHeapSize                   = 5839372                                {pd product} {ergonomic}
    uintx NonProfiledCodeHeapSize                  = 122909434                              {pd product} {ergonomic}
    uintx ProfiledCodeHeapSize                     = 122909434                              {pd product} {ergonomic}
    uintx ReservedCodeCacheSize                    = 251658240                              {pd product} {ergonomic}
     bool SegmentedCodeCache                       = true                                      {product} {ergonomic}
   size_t SoftMaxHeapSize                          = 2147483648                             {manageable} {ergonomic}
     bool UseCompressedClassPointers               = true                           {product lp64_product} {ergonomic}
     bool UseCompressedOops                        = true                           {product lp64_product} {ergonomic}
     bool UseG1GC                                  = true                                      {product} {ergonomic}
     bool UseLargePagesIndividualAllocation        = false                                  {pd product} {ergonomic}

Logging:
Log output configuration:
 #0: stdout all=warning uptime,level,tags
 #1: stderr all=off uptime,level,tags

Environment Variables:
JAVA_HOME=C:\Program Files\Microsoft\jdk-17.0.8.7-hotspot\
CLASSPATH=C:\REACT-NATIVE\calorify\android\\gradle\wrapper\gradle-wrapper.jar
PATH=C:\REACT-NATIVE\calorify\node_modules\.bin;C:\REACT-NATIVE\calorify\node_modules\.bin;C:\REACT-NATIVE\node_modules\.bin;C:\node_modules\.bin;C:\Users\Barjinder Goyal\AppData\Roaming\npm\node_modules\npm\node_modules\@npmcli\run-script\lib\node-gyp-bin;C:\Program Files\Microsoft\jdk-17.0.8.7-hotspot\bin;C:\Program Files\Microsoft\jdk-11.0.18.10-hotspot\bin;C:\Windows\system32;C:\Windows;C:\Windows\System32\Wbem;C:\Windows\System32\WindowsPowerShell\v1.0\;C:\Windows\System32\OpenSSH\;C:\Program Files (x86)\NVIDIA Corporation\PhysX\Common;C:\Program Files\NVIDIA Corporation\NVIDIA NvDLISR;C:\WINDOWS\system32;C:\WINDOWS;C:\WINDOWS\System32\Wbem;C:\WINDOWS\System32\WindowsPowerShell\v1.0\;C:\WINDOWS\System32\OpenSSH\;C:\Program Files\Sublime Text;C:\PYTHON;C:\PYTHON\Scripts;C:\Program Files\Git\cmd;C:\Program Files\MongoDB\Server\6.0\bin;C:\MONGODB\mongosh-1.8.0-win32-x64\bin;C:\ProgramData\chocolatey\bin;C:\Users\Barjinder Goyal\;C:\Users\Barjinder Goyal\AppData\Local\Android\Sdk\platform-tools;C:\Program Files (x86)\Windows Kits\10\Windows Performance Toolkit\;C:\Users\Barjinder Goyal\AppData\Local\Programs\Python\Python312\Scripts\;C:\Users\Barjinder Goyal\AppData\Local\Programs\Python\Python312\;C:\Users\Barjinder Goyal\AppData\Local\Android\Sdk\tools;C:\Users\Barjinder Goyal\AppData\Local\Android\Sdk\tools;C:\Users\Barjinder Goyal\AppData\Local\Microsoft\WindowsApps;C:\Users\Barjinder Goyal\AppData\Local\Programs\Microsoft VS Code\bin;C:\Users\Barjinder Goyal\node.exe;C:\Users\Barjinder Goyal\AppData\Roaming\npm
USERNAME=Barjinder Goyal
OS=Windows_NT
PROCESSOR_IDENTIFIER=Intel64 Family 6 Model 142 Stepping 12, GenuineIntel
TMP=C:\Users\BARJIN~1\AppData\Local\Temp
TEMP=C:\Users\BARJIN~1\AppData\Local\Temp



---------------  S Y S T E M  ---------------

OS:
 Windows 10 , 64 bit Build 19041 (10.0.19041.4597)
OS uptime: 9 days 21:48 hours

CPU: total 8 (initial active 8) (4 cores per cpu, 2 threads per core) family 6 model 142 stepping 12 microcode 0xca, cx8, cmov, fxsr, ht, mmx, 3dnowpref, sse, sse2, sse3, ssse3, sse4.1, sse4.2, popcnt, lzcnt, tsc, tscinvbit, avx, avx2, aes, erms, clmul, bmi1, bmi2, adx, fma, vzeroupper, clflush, clflushopt
Processor Information for processor 0
  Max Mhz: 1800, Current Mhz: 1600, Mhz Limit: 1584
Processor Information for processor 1
  Max Mhz: 1800, Current Mhz: 1400, Mhz Limit: 1584
Processor Information for processor 2
  Max Mhz: 1800, Current Mhz: 1400, Mhz Limit: 1584
Processor Information for processor 3
  Max Mhz: 1800, Current Mhz: 1400, Mhz Limit: 1584
Processor Information for processor 4
  Max Mhz: 1800, Current Mhz: 1400, Mhz Limit: 1584
Processor Information for processor 5
  Max Mhz: 1800, Current Mhz: 1400, Mhz Limit: 1584
Processor Information for processor 6
  Max Mhz: 1800, Current Mhz: 1600, Mhz Limit: 1584
Processor Information for processor 7
  Max Mhz: 1800, Current Mhz: 1400, Mhz Limit: 1584

Memory: 4k page, system-wide physical 8039M (435M free)
TotalPageFile size 32615M (AvailPageFile size 80M)
current process WorkingSet (physical memory assigned to process): 620M, peak: 888M
current process commit charge ("private bytes"): 1013M, peak: 1267M

vm_info: OpenJDK 64-Bit Server VM (17.0.8+7-LTS) for windows-amd64 JRE (17.0.8+7-LTS), built on Jul  7 2023 17:21:55 by "MicrosoftCorporation" with MS VC++ 16.10 / 16.11 (VS2019)

END.
