#
# There is insufficient memory for the Java Runtime Environment to continue.
# Native memory allocation (mmap) failed to map 57671680 bytes for G1 virtual space
# Possible reasons:
#   The system is out of physical RAM or swap space
#   The process is running with CompressedOops enabled, and the Java Heap may be blocking the growth of the native heap
# Possible solutions:
#   Reduce memory load on the system
#   Increase physical memory or swap space
#   Check if swap backing store is full
#   Decrease Java heap size (-Xmx/-Xms)
#   Decrease number of Java threads
#   Decrease Java thread stack sizes (-Xss)
#   Set larger code cache with -XX:ReservedCodeCacheSize=
#   JVM is running with Unscaled Compressed Oops mode in which the Java heap is
#     placed in the first 4GB address space. The Java Heap base address is the
#     maximum limit for the native heap growth. Please use -XX:HeapBaseMinAddress
#     to set the Java Heap base and to place the Java Heap above 4GB virtual address.
# This output file may be truncated or incomplete.
#
#  Out of Memory Error (os_windows.cpp:3617), pid=74372, tid=7024
#
# JRE version: OpenJDK Runtime Environment Microsoft-8035246 (17.0.8+7) (build 17.0.8+7-LTS)
# Java VM: OpenJDK 64-Bit Server VM Microsoft-8035246 (17.0.8+7-LTS, mixed mode, sharing, tiered, compressed oops, compressed class ptrs, g1 gc, windows-amd64)
# No core dump will be written. Minidumps are not enabled by default on client versions of Windows
#

---------------  S U M M A R Y ------------

Command Line: -XX:MaxMetaspaceSize=512m --add-opens=java.base/java.util=ALL-UNNAMED --add-opens=java.base/java.lang=ALL-UNNAMED --add-opens=java.base/java.lang.invoke=ALL-UNNAMED --add-opens=java.prefs/java.util.prefs=ALL-UNNAMED --add-opens=java.base/java.nio.charset=ALL-UNNAMED --add-opens=java.base/java.net=ALL-UNNAMED --add-opens=java.base/java.util.concurrent.atomic=ALL-UNNAMED -Xmx2048m -Dfile.encoding=windows-1252 -Duser.country=IN -Duser.language=en -Duser.variant -javaagent:C:\Users\Barjinder Goyal\.gradle\wrapper\dists\gradle-8.6-all\3mbtmo166bl6vumsh5k2lkq5h\gradle-8.6\lib\agents\gradle-instrumentation-agent-8.6.jar org.gradle.launcher.daemon.bootstrap.GradleDaemon 8.6

Host: Intel(R) Core(TM) i5-8265U CPU @ 1.60GHz, 8 cores, 7G,  Windows 10 , 64 bit Build 19041 (10.0.19041.4597)
Time: Fri Aug  9 23:10:58 2024 India Standard Time elapsed time: 196.755800 seconds (0d 0h 3m 16s)

---------------  T H R E A D  ---------------

Current thread (0x0000015252780260):  VMThread "VM Thread" [stack: 0x00000048f8500000,0x00000048f8600000] [id=7024]

Stack: [0x00000048f8500000,0x00000048f8600000]
Native frames: (J=compiled Java code, j=interpreted, Vv=VM code, C=native code)
V  [jvm.dll+0x67bf3a]
V  [jvm.dll+0x83a024]
V  [jvm.dll+0x83b7ce]
V  [jvm.dll+0x83be33]
V  [jvm.dll+0x24785f]
V  [jvm.dll+0x678cb9]
V  [jvm.dll+0x66d54a]
V  [jvm.dll+0x308feb]
V  [jvm.dll+0x310496]
V  [jvm.dll+0x36019e]
V  [jvm.dll+0x3603cf]
V  [jvm.dll+0x2dff38]
V  [jvm.dll+0x2e2fb6]
V  [jvm.dll+0x2ed668]
V  [jvm.dll+0x321650]
V  [jvm.dll+0x84032b]
V  [jvm.dll+0x841064]
V  [jvm.dll+0x84157d]
V  [jvm.dll+0x841954]
V  [jvm.dll+0x841a20]
V  [jvm.dll+0x7ea13a]
V  [jvm.dll+0x67ad85]
C  [ucrtbase.dll+0x21bb2]
C  [KERNEL32.DLL+0x17374]
C  [ntdll.dll+0x4cc91]

VM_Operation (0x00000048f81ff8b0): G1PauseRemark, mode: safepoint, requested by thread 0x00000152343b3490


---------------  P R O C E S S  ---------------

Threads class SMR info:
_java_thread_list=0x0000015274396490, length=137, elements={
0x0000015234344d30, 0x0000015252786530, 0x0000015252787a60, 0x00000152527a1b80,
0x00000152527a2710, 0x00000152527a48f0, 0x00000152527a5960, 0x00000152527aa2b0,
0x00000152527ab410, 0x00000152527ac4c0, 0x00000152527729c0, 0x0000015252a8c590,
0x0000015273122df0, 0x0000015273ab7950, 0x000001527382b220, 0x000001527331fcd0,
0x00000152738d2b40, 0x00000152737d40e0, 0x00000152737d7890, 0x00000152737d5a30,
0x00000152737d45f0, 0x00000152737d4b00, 0x00000152737d5520, 0x00000152737d6450,
0x00000152737d5f40, 0x00000152737d6960, 0x00000152737d6e70, 0x00000152737d7380,
0x00000152741cb760, 0x00000152741cad40, 0x00000152741cc690, 0x00000152741ccba0,
0x00000152741d1280, 0x00000152741cd5c0, 0x00000152741cfe40, 0x00000152741d1790,
0x00000152741d26c0, 0x00000152741cd0b0, 0x00000152741cef10, 0x00000152741cb250,
0x00000152741cdad0, 0x00000152741d1ca0, 0x00000152741cc180, 0x00000152741d0860,
0x00000152741ce4f0, 0x00000152741cea00, 0x00000152741cf420, 0x00000152741cf930,
0x00000152741d0350, 0x00000152741d0d70, 0x0000015272c2e010, 0x0000015272c2d0e0,
0x0000015272c30da0, 0x0000015272c33620, 0x0000015272c32c00, 0x0000015272c2db00,
0x0000015272c2d5f0, 0x0000015272c30380, 0x0000015272c2e520, 0x0000015272c2f450,
0x0000015272c326f0, 0x0000015272c31cd0, 0x0000015272c2c1b0, 0x0000015272c30890,
0x0000015272c321e0, 0x0000015272c33b30, 0x0000015272c33110, 0x0000015272c2f960,
0x0000015272c2c6c0, 0x0000015272c2fe70, 0x0000015272c2cbd0, 0x0000015272c2ef40,
0x00000152761ba5b0, 0x00000152761b9b90, 0x00000152761bbf00, 0x00000152761b5ed0,
0x00000152761bce30, 0x00000152761b7d30, 0x00000152761ba0a0, 0x00000152761b63e0,
0x00000152761bb4e0, 0x00000152761b8c60, 0x00000152761b8240, 0x00000152761bafd0,
0x00000152761bb9f0, 0x00000152761bc920, 0x00000152761b59c0, 0x00000152761b68f0,
0x00000152761b9170, 0x00000152761b8750, 0x00000152761baac0, 0x00000152761bd340,
0x00000152761b6e00, 0x00000152761b9680, 0x00000152761b7310, 0x00000152761b7820,
0x000001527736ef40, 0x000001527736e010, 0x0000015277371cd0, 0x000001527736cbd0,
0x000001527736bca0, 0x000001527736db00, 0x000001527736b790, 0x000001527736c1b0,
0x00000152773721e0, 0x0000015277370890, 0x00000152773726f0, 0x000001527736d0e0,
0x000001527736c6c0, 0x000001527736fe70, 0x00000152773717c0, 0x000001527736d5f0,
0x0000015277373110, 0x000001527736f450, 0x000001527736f960, 0x0000015277370380,
0x0000015277370da0, 0x000001527736e520, 0x000001527736ea30, 0x00000152773712b0,
0x0000015277372c00, 0x0000015276380360, 0x0000015276380870, 0x000001527637a330,
0x000001527637c6a0, 0x000001527637d0c0, 0x000001527637c190, 0x000001527637cbb0,
0x0000015276379910, 0x00000152764ed6b0, 0x000001527637b260, 0x000001527637ea10,
0x0000015276379e20, 0x000001527637ef20, 0x000001527637f940, 0x000001527637b770,
0x000001527637bc80
}

Java Threads: ( => current thread )
  0x0000015234344d30 JavaThread "main" [_thread_blocked, id=86108, stack(0x00000048f7f00000,0x00000048f8000000)]
  0x0000015252786530 JavaThread "Reference Handler" daemon [_thread_blocked, id=59824, stack(0x00000048f8600000,0x00000048f8700000)]
  0x0000015252787a60 JavaThread "Finalizer" daemon [_thread_blocked, id=96988, stack(0x00000048f8700000,0x00000048f8800000)]
  0x00000152527a1b80 JavaThread "Signal Dispatcher" daemon [_thread_blocked, id=97952, stack(0x00000048f8800000,0x00000048f8900000)]
  0x00000152527a2710 JavaThread "Attach Listener" daemon [_thread_blocked, id=85764, stack(0x00000048f8900000,0x00000048f8a00000)]
  0x00000152527a48f0 JavaThread "Service Thread" daemon [_thread_blocked, id=85556, stack(0x00000048f8a00000,0x00000048f8b00000)]
  0x00000152527a5960 JavaThread "Monitor Deflation Thread" daemon [_thread_blocked, id=98192, stack(0x00000048f8b00000,0x00000048f8c00000)]
  0x00000152527aa2b0 JavaThread "C2 CompilerThread0" daemon [_thread_blocked, id=71184, stack(0x00000048f8c00000,0x00000048f8d00000)]
  0x00000152527ab410 JavaThread "C1 CompilerThread0" daemon [_thread_blocked, id=67672, stack(0x00000048f8d00000,0x00000048f8e00000)]
  0x00000152527ac4c0 JavaThread "Sweeper thread" daemon [_thread_blocked, id=113276, stack(0x00000048f8e00000,0x00000048f8f00000)]
  0x00000152527729c0 JavaThread "Common-Cleaner" daemon [_thread_blocked, id=97324, stack(0x00000048f8f00000,0x00000048f9000000)]
  0x0000015252a8c590 JavaThread "Notification Thread" daemon [_thread_blocked, id=21228, stack(0x00000048f9000000,0x00000048f9100000)]
  0x0000015273122df0 JavaThread "Daemon health stats" [_thread_blocked, id=45548, stack(0x00000048f9600000,0x00000048f9700000)]
  0x0000015273ab7950 JavaThread "Incoming local TCP Connector on port 50527" [_thread_in_native, id=45396, stack(0x00000048f9700000,0x00000048f9800000)]
  0x000001527382b220 JavaThread "Daemon periodic checks" [_thread_blocked, id=73980, stack(0x00000048f9800000,0x00000048f9900000)]
  0x000001527331fcd0 JavaThread "Daemon" [_thread_blocked, id=92328, stack(0x00000048f9900000,0x00000048f9a00000)]
  0x00000152738d2b40 JavaThread "Handler for socket connection from /127.0.0.1:50527 to /127.0.0.1:50528" [_thread_in_native, id=76488, stack(0x00000048f9a00000,0x00000048f9b00000)]
  0x00000152737d40e0 JavaThread "Cancel handler" [_thread_blocked, id=75068, stack(0x00000048f9b00000,0x00000048f9c00000)]
  0x00000152737d7890 JavaThread "Daemon worker" [_thread_blocked, id=110008, stack(0x00000048f9c00000,0x00000048f9d00000)]
  0x00000152737d5a30 JavaThread "Asynchronous log dispatcher for DefaultDaemonConnection: socket connection from /127.0.0.1:50527 to /127.0.0.1:50528" [_thread_blocked, id=24156, stack(0x00000048f9d00000,0x00000048f9e00000)]
  0x00000152737d45f0 JavaThread "Stdin handler" [_thread_blocked, id=70884, stack(0x00000048f9e00000,0x00000048f9f00000)]
  0x00000152737d4b00 JavaThread "Daemon client event forwarder" [_thread_blocked, id=44388, stack(0x00000048f9f00000,0x00000048fa000000)]
  0x00000152737d5520 JavaThread "Cache worker for journal cache (C:\Users\Barjinder Goyal\.gradle\caches\journal-1)" [_thread_blocked, id=17600, stack(0x00000048fa000000,0x00000048fa100000)]
  0x00000152737d6450 JavaThread "File lock request listener" [_thread_in_native, id=106636, stack(0x00000048fa100000,0x00000048fa200000)]
  0x00000152737d5f40 JavaThread "Cache worker for file hash cache (C:\Users\Barjinder Goyal\.gradle\caches\8.6\fileHashes)" [_thread_blocked, id=107884, stack(0x00000048fa500000,0x00000048fa600000)]
  0x00000152737d6960 JavaThread "File watcher server" daemon [_thread_blocked, id=13588, stack(0x00000048fa600000,0x00000048fa700000)]
  0x00000152737d6e70 JavaThread "File watcher consumer" daemon [_thread_blocked, id=50068, stack(0x00000048fa700000,0x00000048fa800000)]
  0x00000152737d7380 JavaThread "Cache worker for checksums cache (C:\REACT-NATIVE\calorify\android\.gradle\8.6\checksums)" [_thread_blocked, id=44704, stack(0x00000048fa800000,0x00000048fa900000)]
  0x00000152741cb760 JavaThread "Cache worker for file hash cache (C:\REACT-NATIVE\calorify\android\.gradle\8.6\fileHashes)" [_thread_blocked, id=89916, stack(0x00000048faa00000,0x00000048fab00000)]
  0x00000152741cad40 JavaThread "Cache worker for cache directory md-supplier (C:\Users\Barjinder Goyal\.gradle\caches\8.6\md-supplier)" [_thread_blocked, id=60040, stack(0x00000048fab00000,0x00000048fac00000)]
  0x00000152741cc690 JavaThread "Cache worker for cache directory md-rule (C:\Users\Barjinder Goyal\.gradle\caches\8.6\md-rule)" [_thread_blocked, id=74596, stack(0x00000048fac00000,0x00000048fad00000)]
  0x00000152741ccba0 JavaThread "Cache worker for file content cache (C:\Users\Barjinder Goyal\.gradle\caches\8.6\fileContent)" [_thread_blocked, id=102632, stack(0x00000048fad00000,0x00000048fae00000)]
  0x00000152741d1280 JavaThread "jar transforms" [_thread_blocked, id=74000, stack(0x00000048fae00000,0x00000048faf00000)]
  0x00000152741cd5c0 JavaThread "jar transforms Thread 2" [_thread_blocked, id=38196, stack(0x00000048faf00000,0x00000048fb000000)]
  0x00000152741cfe40 JavaThread "jar transforms Thread 3" [_thread_blocked, id=9452, stack(0x00000048fb000000,0x00000048fb100000)]
  0x00000152741d1790 JavaThread "jar transforms Thread 4" [_thread_blocked, id=68568, stack(0x00000048fb100000,0x00000048fb200000)]
  0x00000152741d26c0 JavaThread "Exec process" [_thread_blocked, id=104700, stack(0x00000048fb200000,0x00000048fb300000)]
  0x00000152741cd0b0 JavaThread "Exec process Thread 2" [_thread_blocked, id=100000, stack(0x00000048fb300000,0x00000048fb400000)]
  0x00000152741cef10 JavaThread "Exec process Thread 3" [_thread_blocked, id=36116, stack(0x00000048fb400000,0x00000048fb500000)]
  0x00000152741cb250 JavaThread "jar transforms Thread 5" [_thread_blocked, id=63764, stack(0x00000048fb500000,0x00000048fb600000)]
  0x00000152741cdad0 JavaThread "jar transforms Thread 6" [_thread_blocked, id=100460, stack(0x00000048fb600000,0x00000048fb700000)]
  0x00000152741d1ca0 JavaThread "jar transforms Thread 7" [_thread_blocked, id=82704, stack(0x00000048fb700000,0x00000048fb800000)]
  0x00000152741cc180 JavaThread "jar transforms Thread 8" [_thread_blocked, id=61580, stack(0x00000048fb800000,0x00000048fb900000)]
  0x00000152741d0860 JavaThread "Unconstrained build operations" [_thread_blocked, id=7184, stack(0x00000048f7d00000,0x00000048f7e00000)]
  0x00000152741ce4f0 JavaThread "Unconstrained build operations Thread 2" [_thread_blocked, id=85592, stack(0x00000048f7e00000,0x00000048f7f00000)]
  0x00000152741cea00 JavaThread "Cache worker for Build Output Cleanup Cache (C:\REACT-NATIVE\calorify\node_modules\expo-dev-launcher\expo-dev-launcher-gradle-plugin\.gradle\buildOutputCleanup)" [_thread_blocked, id=54184, stack(0x00000048fb900000,0x00000048fba00000)]
  0x00000152741cf420 JavaThread "Unconstrained build operations Thread 3" [_thread_blocked, id=92780, stack(0x00000048fba00000,0x00000048fbb00000)]
  0x00000152741cf930 JavaThread "Unconstrained build operations Thread 4" [_thread_blocked, id=35792, stack(0x00000048fbb00000,0x00000048fbc00000)]
  0x00000152741d0350 JavaThread "Unconstrained build operations Thread 5" [_thread_blocked, id=24808, stack(0x00000048fbc00000,0x00000048fbd00000)]
  0x00000152741d0d70 JavaThread "Unconstrained build operations Thread 6" [_thread_blocked, id=67576, stack(0x00000048fbd00000,0x00000048fbe00000)]
  0x0000015272c2e010 JavaThread "Unconstrained build operations Thread 7" [_thread_blocked, id=15076, stack(0x00000048fbe00000,0x00000048fbf00000)]
  0x0000015272c2d0e0 JavaThread "Unconstrained build operations Thread 8" [_thread_blocked, id=39568, stack(0x00000048fbf00000,0x00000048fc000000)]
  0x0000015272c30da0 JavaThread "Unconstrained build operations Thread 9" [_thread_blocked, id=27384, stack(0x00000048fc000000,0x00000048fc100000)]
  0x0000015272c33620 JavaThread "build event listener" [_thread_blocked, id=50804, stack(0x00000048fc100000,0x00000048fc200000)]
  0x0000015272c32c00 JavaThread "Memory manager" [_thread_blocked, id=51040, stack(0x00000048fc200000,0x00000048fc300000)]
  0x0000015272c2db00 JavaThread "Cache worker for Build Output Cleanup Cache (C:\REACT-NATIVE\calorify\node_modules\@react-native\gradle-plugin\.gradle\buildOutputCleanup)" [_thread_blocked, id=88784, stack(0x00000048fc300000,0x00000048fc400000)]
  0x0000015272c2d5f0 JavaThread "Unconstrained build operations Thread 10" [_thread_blocked, id=64872, stack(0x00000048fc400000,0x00000048fc500000)]
  0x0000015272c30380 JavaThread "Unconstrained build operations Thread 11" [_thread_blocked, id=14480, stack(0x00000048fc500000,0x00000048fc600000)]
  0x0000015272c2e520 JavaThread "Unconstrained build operations Thread 12" [_thread_blocked, id=104820, stack(0x00000048fc600000,0x00000048fc700000)]
  0x0000015272c2f450 JavaThread "Unconstrained build operations Thread 13" [_thread_blocked, id=79520, stack(0x00000048fc700000,0x00000048fc800000)]
  0x0000015272c326f0 JavaThread "Unconstrained build operations Thread 14" [_thread_blocked, id=81536, stack(0x00000048fc800000,0x00000048fc900000)]
  0x0000015272c31cd0 JavaThread "Unconstrained build operations Thread 15" [_thread_blocked, id=64024, stack(0x00000048fc900000,0x00000048fca00000)]
  0x0000015272c2c1b0 JavaThread "Unconstrained build operations Thread 16" [_thread_blocked, id=68656, stack(0x00000048fca00000,0x00000048fcb00000)]
  0x0000015272c30890 JavaThread "build event listener" [_thread_blocked, id=102188, stack(0x00000048fcb00000,0x00000048fcc00000)]
  0x0000015272c321e0 JavaThread "Cache worker for Build Output Cleanup Cache (C:\REACT-NATIVE\calorify\android\.gradle\buildOutputCleanup)" [_thread_blocked, id=104008, stack(0x00000048fcc00000,0x00000048fcd00000)]
  0x0000015272c33b30 JavaThread "ForkJoinPool.commonPool-worker-1" daemon [_thread_blocked, id=118056, stack(0x00000048fcd00000,0x00000048fce00000)]
  0x0000015272c33110 JavaThread "ForkJoinPool.commonPool-worker-2" daemon [_thread_blocked, id=60832, stack(0x00000048fce00000,0x00000048fcf00000)]
  0x0000015272c2f960 JavaThread "ForkJoinPool.commonPool-worker-3" daemon [_thread_blocked, id=62204, stack(0x00000048fcf00000,0x00000048fd000000)]
  0x0000015272c2c6c0 JavaThread "ForkJoinPool.commonPool-worker-4" daemon [_thread_blocked, id=76396, stack(0x00000048fd000000,0x00000048fd100000)]
  0x0000015272c2fe70 JavaThread "ForkJoinPool.commonPool-worker-6" daemon [_thread_blocked, id=65316, stack(0x00000048fd100000,0x00000048fd200000)]
  0x0000015272c2cbd0 JavaThread "ForkJoinPool.commonPool-worker-7" daemon [_thread_blocked, id=52640, stack(0x00000048fd200000,0x00000048fd300000)]
  0x0000015272c2ef40 JavaThread "ForkJoinPool.commonPool-worker-5" daemon [_thread_blocked, id=88112, stack(0x00000048fd300000,0x00000048fd400000)]
  0x00000152761ba5b0 JavaThread "included builds" [_thread_blocked, id=61596, stack(0x00000048fd600000,0x00000048fd700000)]
  0x00000152761b9b90 JavaThread "included builds Thread 2" [_thread_blocked, id=94588, stack(0x00000048fd700000,0x00000048fd800000)]
  0x00000152761bbf00 JavaThread "included builds Thread 3" [_thread_blocked, id=81580, stack(0x00000048fd800000,0x00000048fd900000)]
  0x00000152761b5ed0 JavaThread "Execution worker" [_thread_blocked, id=92928, stack(0x00000048fd900000,0x00000048fda00000)]
  0x00000152761bce30 JavaThread "Execution worker Thread 2" [_thread_blocked, id=69660, stack(0x00000048fda00000,0x00000048fdb00000)]
  0x00000152761b7d30 JavaThread "Execution worker Thread 3" [_thread_blocked, id=83520, stack(0x00000048fdb00000,0x00000048fdc00000)]
  0x00000152761ba0a0 JavaThread "Execution worker Thread 4" [_thread_blocked, id=78212, stack(0x00000048fdc00000,0x00000048fdd00000)]
  0x00000152761b63e0 JavaThread "Execution worker Thread 5" [_thread_blocked, id=33748, stack(0x00000048fdd00000,0x00000048fde00000)]
  0x00000152761bb4e0 JavaThread "Execution worker Thread 6" [_thread_blocked, id=93452, stack(0x00000048fde00000,0x00000048fdf00000)]
  0x00000152761b8c60 JavaThread "Execution worker Thread 7" [_thread_blocked, id=55696, stack(0x00000048fdf00000,0x00000048fe000000)]
  0x00000152761b8240 JavaThread "Cache worker for execution history cache (C:\REACT-NATIVE\calorify\node_modules\expo-dev-launcher\expo-dev-launcher-gradle-plugin\.gradle\8.6\executionHistory)" [_thread_blocked, id=86348, stack(0x00000048fe000000,0x00000048fe100000)]
  0x00000152761bafd0 JavaThread "Cache worker for execution history cache (C:\REACT-NATIVE\calorify\node_modules\@react-native\gradle-plugin\.gradle\8.6\executionHistory)" [_thread_blocked, id=71980, stack(0x00000048fe100000,0x00000048fe200000)]
  0x00000152761bb9f0 JavaThread "Unconstrained build operations Thread 17" [_thread_blocked, id=69380, stack(0x00000048fe200000,0x00000048fe300000)]
  0x00000152761bc920 JavaThread "Unconstrained build operations Thread 18" [_thread_blocked, id=76584, stack(0x00000048fe300000,0x00000048fe400000)]
  0x00000152761b59c0 JavaThread "Unconstrained build operations Thread 19" [_thread_blocked, id=89832, stack(0x00000048fe400000,0x00000048fe500000)]
  0x00000152761b68f0 JavaThread "Unconstrained build operations Thread 20" [_thread_blocked, id=49392, stack(0x00000048fe500000,0x00000048fe600000)]
  0x00000152761b9170 JavaThread "Unconstrained build operations Thread 21" [_thread_blocked, id=64248, stack(0x00000048fe600000,0x00000048fe700000)]
  0x00000152761b8750 JavaThread "Unconstrained build operations Thread 22" [_thread_blocked, id=57356, stack(0x00000048fe700000,0x00000048fe800000)]
  0x00000152761baac0 JavaThread "Unconstrained build operations Thread 23" [_thread_blocked, id=97932, stack(0x00000048fe800000,0x00000048fe900000)]
  0x00000152761bd340 JavaThread "Unconstrained build operations Thread 24" [_thread_blocked, id=83944, stack(0x00000048fe900000,0x00000048fea00000)]
  0x00000152761b6e00 JavaThread "Unconstrained build operations Thread 25" [_thread_blocked, id=18108, stack(0x00000048fea00000,0x00000048feb00000)]
  0x00000152761b9680 JavaThread "Unconstrained build operations Thread 26" [_thread_blocked, id=29188, stack(0x00000048feb00000,0x00000048fec00000)]
  0x00000152761b7310 JavaThread "Unconstrained build operations Thread 27" [_thread_blocked, id=75044, stack(0x00000048fec00000,0x00000048fed00000)]
  0x00000152761b7820 JavaThread "Unconstrained build operations Thread 28" [_thread_blocked, id=83788, stack(0x00000048fed00000,0x00000048fee00000)]
  0x000001527736ef40 JavaThread "Unconstrained build operations Thread 29" [_thread_blocked, id=103816, stack(0x00000048fee00000,0x00000048fef00000)]
  0x000001527736e010 JavaThread "Unconstrained build operations Thread 30" [_thread_blocked, id=36256, stack(0x00000048fef00000,0x00000048ff000000)]
  0x0000015277371cd0 JavaThread "Unconstrained build operations Thread 32" [_thread_blocked, id=82220, stack(0x00000048ff000000,0x00000048ff100000)]
  0x000001527736cbd0 JavaThread "Unconstrained build operations Thread 31" [_thread_blocked, id=101132, stack(0x00000048ff100000,0x00000048ff200000)]
  0x000001527736bca0 JavaThread "Unconstrained build operations Thread 33" [_thread_blocked, id=70432, stack(0x00000048ff200000,0x00000048ff300000)]
  0x000001527736db00 JavaThread "Unconstrained build operations Thread 34" [_thread_blocked, id=81532, stack(0x00000048ff300000,0x00000048ff400000)]
  0x000001527736b790 JavaThread "Unconstrained build operations Thread 35" [_thread_blocked, id=107584, stack(0x00000048ff400000,0x00000048ff500000)]
  0x000001527736c1b0 JavaThread "Unconstrained build operations Thread 36" [_thread_blocked, id=105156, stack(0x00000048ff500000,0x00000048ff600000)]
  0x00000152773721e0 JavaThread "Unconstrained build operations Thread 37" [_thread_blocked, id=17024, stack(0x00000048ff600000,0x00000048ff700000)]
  0x0000015277370890 JavaThread "Unconstrained build operations Thread 38" [_thread_blocked, id=73780, stack(0x00000048ff700000,0x00000048ff800000)]
  0x00000152773726f0 JavaThread "Unconstrained build operations Thread 39" [_thread_blocked, id=84624, stack(0x00000048ff800000,0x00000048ff900000)]
  0x000001527736d0e0 JavaThread "Unconstrained build operations Thread 40" [_thread_blocked, id=58356, stack(0x00000048ff900000,0x00000048ffa00000)]
  0x000001527736c6c0 JavaThread "Unconstrained build operations Thread 41" [_thread_blocked, id=95928, stack(0x00000048ffa00000,0x00000048ffb00000)]
  0x000001527736fe70 JavaThread "Unconstrained build operations Thread 42" [_thread_blocked, id=85060, stack(0x00000048ffb00000,0x00000048ffc00000)]
  0x00000152773717c0 JavaThread "Unconstrained build operations Thread 43" [_thread_blocked, id=41976, stack(0x00000048ffc00000,0x00000048ffd00000)]
  0x000001527736d5f0 JavaThread "Unconstrained build operations Thread 44" [_thread_blocked, id=77228, stack(0x00000048ffd00000,0x00000048ffe00000)]
  0x0000015277373110 JavaThread "Unconstrained build operations Thread 45" [_thread_blocked, id=114720, stack(0x00000048ffe00000,0x00000048fff00000)]
  0x000001527736f450 JavaThread "Unconstrained build operations Thread 46" [_thread_blocked, id=113248, stack(0x00000048fff00000,0x0000004900000000)]
  0x000001527736f960 JavaThread "Unconstrained build operations Thread 47" [_thread_blocked, id=95856, stack(0x0000004880000000,0x0000004880100000)]
  0x0000015277370380 JavaThread "Unconstrained build operations Thread 48" [_thread_blocked, id=87944, stack(0x0000004880100000,0x0000004880200000)]
  0x0000015277370da0 JavaThread "Unconstrained build operations Thread 49" [_thread_blocked, id=89204, stack(0x0000004880200000,0x0000004880300000)]
  0x000001527736e520 JavaThread "Unconstrained build operations Thread 50" [_thread_blocked, id=67916, stack(0x0000004880300000,0x0000004880400000)]
  0x000001527736ea30 JavaThread "Unconstrained build operations Thread 51" [_thread_blocked, id=103700, stack(0x0000004880400000,0x0000004880500000)]
  0x00000152773712b0 JavaThread "Unconstrained build operations Thread 52" [_thread_blocked, id=22804, stack(0x0000004880500000,0x0000004880600000)]
  0x0000015277372c00 JavaThread "Unconstrained build operations Thread 53" [_thread_blocked, id=103348, stack(0x0000004880600000,0x0000004880700000)]
  0x0000015276380360 JavaThread "Unconstrained build operations Thread 54" [_thread_blocked, id=90464, stack(0x0000004880800000,0x0000004880900000)]
  0x0000015276380870 JavaThread "Unconstrained build operations Thread 55" [_thread_blocked, id=54992, stack(0x0000004880900000,0x0000004880a00000)]
  0x000001527637a330 JavaThread "Unconstrained build operations Thread 56" [_thread_blocked, id=61240, stack(0x0000004880a00000,0x0000004880b00000)]
  0x000001527637c6a0 JavaThread "Unconstrained build operations Thread 57" [_thread_blocked, id=63028, stack(0x0000004880b00000,0x0000004880c00000)]
  0x000001527637d0c0 JavaThread "Unconstrained build operations Thread 58" [_thread_blocked, id=98672, stack(0x0000004880c00000,0x0000004880d00000)]
  0x000001527637c190 JavaThread "Unconstrained build operations Thread 59" [_thread_blocked, id=89696, stack(0x0000004880d00000,0x0000004880e00000)]
  0x000001527637cbb0 JavaThread "Unconstrained build operations Thread 60" [_thread_blocked, id=97168, stack(0x0000004880e00000,0x0000004880f00000)]
  0x0000015276379910 JavaThread "build event listener" [_thread_blocked, id=5936, stack(0x0000004880f00000,0x0000004881000000)]
  0x00000152764ed6b0 JavaThread "C2 CompilerThread1" daemon [_thread_blocked, id=88244, stack(0x0000004881100000,0x0000004881200000)]
  0x000001527637b260 JavaThread "Unconstrained build operations Thread 61" [_thread_blocked, id=96100, stack(0x0000004881200000,0x0000004881300000)]
  0x000001527637ea10 JavaThread "Unconstrained build operations Thread 62" [_thread_blocked, id=102236, stack(0x0000004881300000,0x0000004881400000)]
  0x0000015276379e20 JavaThread "Unconstrained build operations Thread 63" [_thread_blocked, id=69892, stack(0x0000004881400000,0x0000004881500000)]
  0x000001527637ef20 JavaThread "Unconstrained build operations Thread 64" [_thread_blocked, id=89976, stack(0x0000004881500000,0x0000004881600000)]
  0x000001527637f940 JavaThread "Unconstrained build operations Thread 65" [_thread_blocked, id=48820, stack(0x0000004881600000,0x0000004881700000)]
  0x000001527637b770 JavaThread "Unconstrained build operations Thread 66" [_thread_blocked, id=98748, stack(0x0000004881700000,0x0000004881800000)]
  0x000001527637bc80 JavaThread "Unconstrained build operations Thread 67" [_thread_blocked, id=60120, stack(0x0000004881800000,0x0000004881900000)]

Other Threads:
=>0x0000015252780260 VMThread "VM Thread" [stack: 0x00000048f8500000,0x00000048f8600000] [id=7024]
  0x0000015252ae1b40 WatcherThread [stack: 0x00000048f9100000,0x00000048f9200000] [id=103088]
  0x00000152343a2630 GCTaskThread "GC Thread#0" [stack: 0x00000048f8000000,0x00000048f8100000] [id=109180]
  0x0000015272856dc0 GCTaskThread "GC Thread#1" [stack: 0x00000048f9200000,0x00000048f9300000] [id=47296]
  0x0000015272857080 GCTaskThread "GC Thread#2" [stack: 0x00000048f9300000,0x00000048f9400000] [id=86392]
  0x0000015272695fe0 GCTaskThread "GC Thread#3" [stack: 0x00000048f9400000,0x00000048f9500000] [id=91792]
  0x00000152726e5740 GCTaskThread "GC Thread#4" [stack: 0x00000048f9500000,0x00000048f9600000] [id=99704]
  0x0000015273e00c60 GCTaskThread "GC Thread#5" [stack: 0x00000048fa200000,0x00000048fa300000] [id=81804]
  0x00000152728dc660 GCTaskThread "GC Thread#6" [stack: 0x00000048fa300000,0x00000048fa400000] [id=21020]
  0x0000015273b21a20 GCTaskThread "GC Thread#7" [stack: 0x00000048fa400000,0x00000048fa500000] [id=50556]
  0x00000152343b3490 ConcurrentGCThread "G1 Main Marker" [stack: 0x00000048f8100000,0x00000048f8200000] [id=77548]
  0x00000152343b4550 ConcurrentGCThread "G1 Conc#0" [stack: 0x00000048f8200000,0x00000048f8300000] [id=56296]
  0x0000015272c93e10 ConcurrentGCThread "G1 Conc#1" [stack: 0x00000048fa900000,0x00000048faa00000] [id=41908]
  0x00000152343fdda0 ConcurrentGCThread "G1 Refine#0" [stack: 0x00000048f8300000,0x00000048f8400000] [id=92636]
  0x00000152343fe6e0 ConcurrentGCThread "G1 Service" [stack: 0x00000048f8400000,0x00000048f8500000] [id=56784]

Threads with active compile tasks:
C2 CompilerThread0   196864 14310       4       org.gradle.internal.instantiation.generator.AbstractClassGenerator::inspectType (560 bytes)
C2 CompilerThread1   196864 14254       4       org.gradle.internal.reflect.ClassInspector::inspectClass (179 bytes)

VM state: at safepoint (normal execution)

VM Mutex/Monitor currently owned by a thread:  ([mutex/lock_event])
[0x0000015234340550] Threads_lock - owner thread: 0x0000015252780260
[0x0000015234340d30] Heap_lock - owner thread: 0x00000152343b3490

Heap address: 0x0000000080000000, size: 2048 MB, Compressed Oops mode: 32-bit

CDS archive(s) mapped at: [0x0000015253000000-0x0000015253bd0000-0x0000015253bd0000), size 12386304, SharedBaseAddress: 0x0000015253000000, ArchiveRelocationMode: 1.
Compressed class space mapped at: 0x0000015254000000-0x000001526e000000, reserved size: 436207616
Narrow klass base: 0x0000015253000000, Narrow klass shift: 0, Narrow klass range: 0x100000000

GC Precious Log:
 CPUs: 8 total, 8 available
 Memory: 8039M
 Large Page Support: Disabled
 NUMA Support: Disabled
 Compressed Oops: Enabled (32-bit)
 Heap Region Size: 1M
 Heap Min Capacity: 8M
 Heap Initial Capacity: 126M
 Heap Max Capacity: 2G
 Pre-touch: Disabled
 Parallel Workers: 8
 Concurrent Workers: 2
 Concurrent Refinement Workers: 8
 Periodic GC: Disabled

Heap:
 garbage-first heap   total 242688K, used 176407K [0x0000000080000000, 0x0000000100000000)
  region size 1024K, 20 young (20480K), 2 survivors (2048K)
 Metaspace       used 114440K, committed 115648K, reserved 557056K
  class space    used 16177K, committed 16704K, reserved 425984K

Heap Regions: E=young(eden), S=young(survivor), O=old, HS=humongous(starts), HC=humongous(continues), CS=collection set, F=free, OA=open archive, CA=closed archive, TAMS=top-at-mark-start (previous, next)
|   0|0x0000000080000000, 0x0000000080100000, 0x0000000080100000|100%|HS|  |TAMS 0x0000000080100000, 0x0000000080000000| Complete 
|   1|0x0000000080100000, 0x0000000080200000, 0x0000000080200000|100%|HC|  |TAMS 0x0000000080200000, 0x0000000080100000| Complete 
|   2|0x0000000080200000, 0x0000000080300000, 0x0000000080300000|100%|HC|  |TAMS 0x0000000080300000, 0x0000000080200000| Complete 
|   3|0x0000000080300000, 0x0000000080400000, 0x0000000080400000|100%|HC|  |TAMS 0x0000000080400000, 0x0000000080300000| Complete 
|   4|0x0000000080400000, 0x0000000080500000, 0x0000000080500000|100%| O|  |TAMS 0x0000000080500000, 0x0000000080400000| Untracked 
|   5|0x0000000080500000, 0x0000000080600000, 0x0000000080600000|100%| O|  |TAMS 0x0000000080600000, 0x0000000080500000| Untracked 
|   6|0x0000000080600000, 0x0000000080700000, 0x0000000080700000|100%| O|  |TAMS 0x0000000080700000, 0x0000000080600000| Untracked 
|   7|0x0000000080700000, 0x0000000080800000, 0x0000000080800000|100%| O|  |TAMS 0x0000000080800000, 0x0000000080700000| Untracked 
|   8|0x0000000080800000, 0x0000000080900000, 0x0000000080900000|100%| O|  |TAMS 0x0000000080900000, 0x0000000080800000| Untracked 
|   9|0x0000000080900000, 0x0000000080a00000, 0x0000000080a00000|100%| O|  |TAMS 0x0000000080a00000, 0x0000000080900000| Updating 
|  10|0x0000000080a00000, 0x0000000080b00000, 0x0000000080b00000|100%| O|  |TAMS 0x0000000080b00000, 0x0000000080a00000| Untracked 
|  11|0x0000000080b00000, 0x0000000080c00000, 0x0000000080c00000|100%| O|  |TAMS 0x0000000080c00000, 0x0000000080b00000| Untracked 
|  12|0x0000000080c00000, 0x0000000080d00000, 0x0000000080d00000|100%| O|  |TAMS 0x0000000080d00000, 0x0000000080c00000| Untracked 
|  13|0x0000000080d00000, 0x0000000080e00000, 0x0000000080e00000|100%| O|  |TAMS 0x0000000080e00000, 0x0000000080d00000| Untracked 
|  14|0x0000000080e00000, 0x0000000080f00000, 0x0000000080f00000|100%| O|  |TAMS 0x0000000080f00000, 0x0000000080e00000| Untracked 
|  15|0x0000000080f00000, 0x0000000081000000, 0x0000000081000000|100%| O|  |TAMS 0x0000000081000000, 0x0000000080f00000| Untracked 
|  16|0x0000000081000000, 0x0000000081100000, 0x0000000081100000|100%| O|  |TAMS 0x0000000081100000, 0x0000000081000000| Untracked 
|  17|0x0000000081100000, 0x0000000081200000, 0x0000000081200000|100%| O|  |TAMS 0x0000000081200000, 0x0000000081100000| Untracked 
|  18|0x0000000081200000, 0x0000000081300000, 0x0000000081300000|100%| O|  |TAMS 0x0000000081300000, 0x0000000081200000| Untracked 
|  19|0x0000000081300000, 0x0000000081400000, 0x0000000081400000|100%| O|  |TAMS 0x0000000081400000, 0x0000000081300000| Untracked 
|  20|0x0000000081400000, 0x0000000081500000, 0x0000000081500000|100%| O|  |TAMS 0x0000000081500000, 0x0000000081400000| Untracked 
|  21|0x0000000081500000, 0x0000000081600000, 0x0000000081600000|100%| O|  |TAMS 0x0000000081600000, 0x0000000081500000| Untracked 
|  22|0x0000000081600000, 0x0000000081700000, 0x0000000081700000|100%| O|  |TAMS 0x0000000081700000, 0x0000000081600000| Untracked 
|  23|0x0000000081700000, 0x0000000081800000, 0x0000000081800000|100%| O|  |TAMS 0x0000000081800000, 0x0000000081700000| Untracked 
|  24|0x0000000081800000, 0x0000000081900000, 0x0000000081900000|100%| O|  |TAMS 0x0000000081900000, 0x0000000081800000| Untracked 
|  25|0x0000000081900000, 0x0000000081a00000, 0x0000000081a00000|100%| O|  |TAMS 0x0000000081a00000, 0x0000000081900000| Untracked 
|  26|0x0000000081a00000, 0x0000000081b00000, 0x0000000081b00000|100%| O|  |TAMS 0x0000000081b00000, 0x0000000081a00000| Updating 
|  27|0x0000000081b00000, 0x0000000081c00000, 0x0000000081c00000|100%| O|  |TAMS 0x0000000081c00000, 0x0000000081b00000| Untracked 
|  28|0x0000000081c00000, 0x0000000081d00000, 0x0000000081d00000|100%| O|  |TAMS 0x0000000081d00000, 0x0000000081c00000| Updating 
|  29|0x0000000081d00000, 0x0000000081e00000, 0x0000000081e00000|100%| O|  |TAMS 0x0000000081e00000, 0x0000000081d00000| Untracked 
|  30|0x0000000081e00000, 0x0000000081f00000, 0x0000000081f00000|100%| O|  |TAMS 0x0000000081f00000, 0x0000000081e00000| Updating 
|  31|0x0000000081f00000, 0x0000000082000000, 0x0000000082000000|100%| O|  |TAMS 0x0000000082000000, 0x0000000081f00000| Updating 
|  32|0x0000000082000000, 0x0000000082100000, 0x0000000082100000|100%| O|  |TAMS 0x0000000082100000, 0x0000000082000000| Untracked 
|  33|0x0000000082100000, 0x0000000082200000, 0x0000000082200000|100%| O|  |TAMS 0x0000000082200000, 0x0000000082100000| Updating 
|  34|0x0000000082200000, 0x0000000082300000, 0x0000000082300000|100%| O|  |TAMS 0x0000000082300000, 0x0000000082200000| Updating 
|  35|0x0000000082300000, 0x0000000082400000, 0x0000000082400000|100%| O|  |TAMS 0x0000000082400000, 0x0000000082300000| Untracked 
|  36|0x0000000082400000, 0x0000000082500000, 0x0000000082500000|100%| O|  |TAMS 0x0000000082500000, 0x0000000082400000| Updating 
|  37|0x0000000082500000, 0x0000000082600000, 0x0000000082600000|100%| O|  |TAMS 0x0000000082600000, 0x0000000082500000| Updating 
|  38|0x0000000082600000, 0x0000000082700000, 0x0000000082700000|100%| O|  |TAMS 0x0000000082700000, 0x0000000082600000| Untracked 
|  39|0x0000000082700000, 0x0000000082800000, 0x0000000082800000|100%| O|  |TAMS 0x0000000082800000, 0x0000000082700000| Updating 
|  40|0x0000000082800000, 0x0000000082900000, 0x0000000082900000|100%| O|  |TAMS 0x0000000082900000, 0x0000000082800000| Updating 
|  41|0x0000000082900000, 0x0000000082a00000, 0x0000000082a00000|100%| O|  |TAMS 0x0000000082a00000, 0x0000000082900000| Untracked 
|  42|0x0000000082a00000, 0x0000000082b00000, 0x0000000082b00000|100%| O|  |TAMS 0x0000000082b00000, 0x0000000082a00000| Untracked 
|  43|0x0000000082b00000, 0x0000000082c00000, 0x0000000082c00000|100%| O|  |TAMS 0x0000000082c00000, 0x0000000082b00000| Updating 
|  44|0x0000000082c00000, 0x0000000082d00000, 0x0000000082d00000|100%| O|  |TAMS 0x0000000082d00000, 0x0000000082c00000| Updating 
|  45|0x0000000082d00000, 0x0000000082e00000, 0x0000000082e00000|100%| O|  |TAMS 0x0000000082e00000, 0x0000000082d00000| Untracked 
|  46|0x0000000082e00000, 0x0000000082f00000, 0x0000000082f00000|100%| O|  |TAMS 0x0000000082f00000, 0x0000000082e00000| Updating 
|  47|0x0000000082f00000, 0x0000000083000000, 0x0000000083000000|100%| O|  |TAMS 0x0000000083000000, 0x0000000082f00000| Updating 
|  48|0x0000000083000000, 0x0000000083100000, 0x0000000083100000|100%| O|  |TAMS 0x0000000083100000, 0x0000000083000000| Untracked 
|  49|0x0000000083100000, 0x0000000083200000, 0x0000000083200000|100%| O|  |TAMS 0x0000000083200000, 0x0000000083100000| Updating 
|  50|0x0000000083200000, 0x0000000083300000, 0x0000000083300000|100%|HS|  |TAMS 0x0000000083300000, 0x0000000083200000| Complete 
|  51|0x0000000083300000, 0x0000000083400000, 0x0000000083400000|100%|HC|  |TAMS 0x0000000083400000, 0x0000000083300000| Complete 
|  52|0x0000000083400000, 0x0000000083500000, 0x0000000083500000|100%|HS|  |TAMS 0x0000000083500000, 0x0000000083400000| Complete 
|  53|0x0000000083500000, 0x0000000083600000, 0x0000000083600000|100%|HC|  |TAMS 0x0000000083600000, 0x0000000083500000| Complete 
|  54|0x0000000083600000, 0x0000000083700000, 0x0000000083700000|100%|HS|  |TAMS 0x0000000083700000, 0x0000000083600000| Complete 
|  55|0x0000000083700000, 0x0000000083800000, 0x0000000083800000|100%|HC|  |TAMS 0x0000000083800000, 0x0000000083700000| Complete 
|  56|0x0000000083800000, 0x0000000083900000, 0x0000000083900000|100%|HC|  |TAMS 0x0000000083900000, 0x0000000083800000| Complete 
|  57|0x0000000083900000, 0x0000000083a00000, 0x0000000083a00000|100%|HC|  |TAMS 0x0000000083a00000, 0x0000000083900000| Complete 
|  58|0x0000000083a00000, 0x0000000083b00000, 0x0000000083b00000|100%|HS|  |TAMS 0x0000000083b00000, 0x0000000083a00000| Complete 
|  59|0x0000000083b00000, 0x0000000083c00000, 0x0000000083c00000|100%|HC|  |TAMS 0x0000000083c00000, 0x0000000083b00000| Complete 
|  60|0x0000000083c00000, 0x0000000083d00000, 0x0000000083d00000|100%|HC|  |TAMS 0x0000000083d00000, 0x0000000083c00000| Complete 
|  61|0x0000000083d00000, 0x0000000083e00000, 0x0000000083e00000|100%|HC|  |TAMS 0x0000000083e00000, 0x0000000083d00000| Complete 
|  62|0x0000000083e00000, 0x0000000083f00000, 0x0000000083f00000|100%| O|  |TAMS 0x0000000083f00000, 0x0000000083e00000| Untracked 
|  63|0x0000000083f00000, 0x0000000084000000, 0x0000000084000000|100%| O|  |TAMS 0x0000000084000000, 0x0000000083f00000| Updating 
|  64|0x0000000084000000, 0x0000000084100000, 0x0000000084100000|100%| O|  |TAMS 0x0000000084100000, 0x0000000084000000| Untracked 
|  65|0x0000000084100000, 0x0000000084200000, 0x0000000084200000|100%| O|  |TAMS 0x0000000084200000, 0x0000000084100000| Untracked 
|  66|0x0000000084200000, 0x0000000084300000, 0x0000000084300000|100%| O|  |TAMS 0x0000000084300000, 0x0000000084200000| Untracked 
|  67|0x0000000084300000, 0x0000000084400000, 0x0000000084400000|100%| O|  |TAMS 0x0000000084400000, 0x0000000084300000| Updating 
|  68|0x0000000084400000, 0x0000000084500000, 0x0000000084500000|100%| O|  |TAMS 0x0000000084500000, 0x0000000084400000| Untracked 
|  69|0x0000000084500000, 0x0000000084600000, 0x0000000084600000|100%| O|  |TAMS 0x0000000084600000, 0x0000000084500000| Untracked 
|  70|0x0000000084600000, 0x0000000084700000, 0x0000000084700000|100%|HS|  |TAMS 0x0000000084700000, 0x0000000084600000| Complete 
|  71|0x0000000084700000, 0x0000000084800000, 0x0000000084800000|100%|HC|  |TAMS 0x0000000084800000, 0x0000000084700000| Complete 
|  72|0x0000000084800000, 0x0000000084900000, 0x0000000084900000|100%|HS|  |TAMS 0x0000000084900000, 0x0000000084800000| Complete 
|  73|0x0000000084900000, 0x0000000084a00000, 0x0000000084a00000|100%|HC|  |TAMS 0x0000000084a00000, 0x0000000084900000| Complete 
|  74|0x0000000084a00000, 0x0000000084b00000, 0x0000000084b00000|100%|HS|  |TAMS 0x0000000084b00000, 0x0000000084a00000| Complete 
|  75|0x0000000084b00000, 0x0000000084c00000, 0x0000000084c00000|100%|HC|  |TAMS 0x0000000084c00000, 0x0000000084b00000| Complete 
|  76|0x0000000084c00000, 0x0000000084d00000, 0x0000000084d00000|100%|HC|  |TAMS 0x0000000084d00000, 0x0000000084c00000| Complete 
|  77|0x0000000084d00000, 0x0000000084e00000, 0x0000000084e00000|100%|HC|  |TAMS 0x0000000084e00000, 0x0000000084d00000| Complete 
|  78|0x0000000084e00000, 0x0000000084f00000, 0x0000000084f00000|100%|HS|  |TAMS 0x0000000084f00000, 0x0000000084e00000| Complete 
|  79|0x0000000084f00000, 0x0000000085000000, 0x0000000085000000|100%|HC|  |TAMS 0x0000000085000000, 0x0000000084f00000| Complete 
|  80|0x0000000085000000, 0x0000000085100000, 0x0000000085100000|100%|HC|  |TAMS 0x0000000085100000, 0x0000000085000000| Complete 
|  81|0x0000000085100000, 0x0000000085200000, 0x0000000085200000|100%|HC|  |TAMS 0x0000000085200000, 0x0000000085100000| Complete 
|  82|0x0000000085200000, 0x0000000085300000, 0x0000000085300000|100%| O|  |TAMS 0x0000000085300000, 0x0000000085200000| Untracked 
|  83|0x0000000085300000, 0x0000000085400000, 0x0000000085400000|100%| O|  |TAMS 0x0000000085400000, 0x0000000085300000| Updating 
|  84|0x0000000085400000, 0x0000000085500000, 0x0000000085500000|100%| O|  |TAMS 0x0000000085500000, 0x0000000085400000| Updating 
|  85|0x0000000085500000, 0x0000000085600000, 0x0000000085600000|100%| O|  |TAMS 0x0000000085600000, 0x0000000085500000| Updating 
|  86|0x0000000085600000, 0x0000000085700000, 0x0000000085700000|100%| O|  |TAMS 0x0000000085700000, 0x0000000085600000| Updating 
|  87|0x0000000085700000, 0x0000000085800000, 0x0000000085800000|100%| O|  |TAMS 0x0000000085800000, 0x0000000085700000| Updating 
|  88|0x0000000085800000, 0x0000000085900000, 0x0000000085900000|100%| O|  |TAMS 0x0000000085900000, 0x0000000085800000| Updating 
|  89|0x0000000085900000, 0x0000000085a00000, 0x0000000085a00000|100%| O|  |TAMS 0x0000000085a00000, 0x0000000085900000| Updating 
|  90|0x0000000085a00000, 0x0000000085b00000, 0x0000000085b00000|100%| O|  |TAMS 0x0000000085b00000, 0x0000000085a00000| Untracked 
|  91|0x0000000085b00000, 0x0000000085c00000, 0x0000000085c00000|100%| O|  |TAMS 0x0000000085c00000, 0x0000000085b00000| Untracked 
|  92|0x0000000085c00000, 0x0000000085d00000, 0x0000000085d00000|100%| O|  |TAMS 0x0000000085d00000, 0x0000000085c00000| Untracked 
|  93|0x0000000085d00000, 0x0000000085e00000, 0x0000000085e00000|100%| O|  |TAMS 0x0000000085e00000, 0x0000000085d00000| Updating 
|  94|0x0000000085e00000, 0x0000000085f00000, 0x0000000085f00000|100%|HS|  |TAMS 0x0000000085f00000, 0x0000000085e00000| Complete 
|  95|0x0000000085f00000, 0x0000000086000000, 0x0000000086000000|100%|HS|  |TAMS 0x0000000086000000, 0x0000000085f00000| Complete 
|  96|0x0000000086000000, 0x0000000086100000, 0x0000000086100000|100%|HS|  |TAMS 0x0000000086100000, 0x0000000086000000| Complete 
|  97|0x0000000086100000, 0x0000000086200000, 0x0000000086200000|100%| O|  |TAMS 0x0000000086200000, 0x0000000086100000| Untracked 
|  98|0x0000000086200000, 0x0000000086300000, 0x0000000086300000|100%|HS|  |TAMS 0x0000000086300000, 0x0000000086200000| Complete 
|  99|0x0000000086300000, 0x0000000086400000, 0x0000000086400000|100%|HS|  |TAMS 0x0000000086400000, 0x0000000086300000| Complete 
| 100|0x0000000086400000, 0x0000000086400000, 0x0000000086500000|  0%| F|  |TAMS 0x0000000086400000, 0x0000000086400000| Untracked 
| 101|0x0000000086500000, 0x0000000086500000, 0x0000000086600000|  0%| F|  |TAMS 0x0000000086500000, 0x0000000086500000| Untracked 
| 102|0x0000000086600000, 0x0000000086600000, 0x0000000086700000|  0%| F|  |TAMS 0x0000000086600000, 0x0000000086600000| Untracked 
| 103|0x0000000086700000, 0x0000000086700000, 0x0000000086800000|  0%| F|  |TAMS 0x0000000086700000, 0x0000000086700000| Untracked 
| 104|0x0000000086800000, 0x0000000086900000, 0x0000000086900000|100%| O|  |TAMS 0x0000000086900000, 0x0000000086800000| Updating 
| 105|0x0000000086900000, 0x0000000086a00000, 0x0000000086a00000|100%| O|  |TAMS 0x0000000086a00000, 0x0000000086900000| Updating 
| 106|0x0000000086a00000, 0x0000000086b00000, 0x0000000086b00000|100%| O|  |TAMS 0x0000000086b00000, 0x0000000086a00000| Updating 
| 107|0x0000000086b00000, 0x0000000086c00000, 0x0000000086c00000|100%| O|  |TAMS 0x0000000086c00000, 0x0000000086b00000| Updating 
| 108|0x0000000086c00000, 0x0000000086d00000, 0x0000000086d00000|100%| O|  |TAMS 0x0000000086d00000, 0x0000000086c00000| Updating 
| 109|0x0000000086d00000, 0x0000000086e00000, 0x0000000086e00000|100%| O|  |TAMS 0x0000000086e00000, 0x0000000086d00000| Untracked 
| 110|0x0000000086e00000, 0x0000000086f00000, 0x0000000086f00000|100%| O|  |TAMS 0x0000000086f00000, 0x0000000086e00000| Untracked 
| 111|0x0000000086f00000, 0x0000000087000000, 0x0000000087000000|100%| O|  |TAMS 0x0000000087000000, 0x0000000086f00000| Updating 
| 112|0x0000000087000000, 0x0000000087100000, 0x0000000087100000|100%| O|  |TAMS 0x0000000087100000, 0x0000000087000000| Untracked 
| 113|0x0000000087100000, 0x0000000087200000, 0x0000000087200000|100%| O|  |TAMS 0x0000000087200000, 0x0000000087100000| Untracked 
| 114|0x0000000087200000, 0x0000000087300000, 0x0000000087300000|100%| O|  |TAMS 0x0000000087300000, 0x0000000087200000| Untracked 
| 115|0x0000000087300000, 0x0000000087400000, 0x0000000087400000|100%| O|  |TAMS 0x0000000087400000, 0x0000000087300000| Untracked 
| 116|0x0000000087400000, 0x0000000087500000, 0x0000000087500000|100%| O|  |TAMS 0x0000000087500000, 0x0000000087400000| Updating 
| 117|0x0000000087500000, 0x0000000087600000, 0x0000000087600000|100%| O|  |TAMS 0x0000000087600000, 0x0000000087500000| Updating 
| 118|0x0000000087600000, 0x0000000087700000, 0x0000000087700000|100%| O|  |TAMS 0x0000000087700000, 0x0000000087600000| Untracked 
| 119|0x0000000087700000, 0x0000000087800000, 0x0000000087800000|100%| O|  |TAMS 0x0000000087800000, 0x0000000087700000| Untracked 
| 120|0x0000000087800000, 0x0000000087900000, 0x0000000087900000|100%| O|  |TAMS 0x0000000087900000, 0x0000000087800000| Updating 
| 121|0x0000000087900000, 0x0000000087a00000, 0x0000000087a00000|100%| O|  |TAMS 0x0000000087a00000, 0x0000000087900000| Untracked 
| 122|0x0000000087a00000, 0x0000000087b00000, 0x0000000087b00000|100%| O|  |TAMS 0x0000000087b00000, 0x0000000087a00000| Updating 
| 123|0x0000000087b00000, 0x0000000087c00000, 0x0000000087c00000|100%| O|  |TAMS 0x0000000087c00000, 0x0000000087b00000| Untracked 
| 124|0x0000000087c00000, 0x0000000087d00000, 0x0000000087d00000|100%| O|  |TAMS 0x0000000087d00000, 0x0000000087c00000| Untracked 
| 125|0x0000000087d00000, 0x0000000087e00000, 0x0000000087e00000|100%| O|  |TAMS 0x0000000087e00000, 0x0000000087d00000| Untracked 
| 126|0x0000000087e00000, 0x0000000087f00000, 0x0000000087f00000|100%| O|  |TAMS 0x0000000087f00000, 0x0000000087e00000| Untracked 
| 127|0x0000000087f00000, 0x0000000088000000, 0x0000000088000000|100%| O|  |TAMS 0x0000000088000000, 0x0000000087f00000| Untracked 
| 128|0x0000000088000000, 0x0000000088100000, 0x0000000088100000|100%| O|  |TAMS 0x0000000088100000, 0x0000000088000000| Untracked 
| 129|0x0000000088100000, 0x0000000088200000, 0x0000000088200000|100%| O|  |TAMS 0x0000000088200000, 0x0000000088100000| Updating 
| 130|0x0000000088200000, 0x0000000088300000, 0x0000000088300000|100%| O|  |TAMS 0x0000000088300000, 0x0000000088200000| Updating 
| 131|0x0000000088300000, 0x0000000088400000, 0x0000000088400000|100%| O|  |TAMS 0x0000000088400000, 0x0000000088300000| Untracked 
| 132|0x0000000088400000, 0x0000000088500000, 0x0000000088500000|100%| O|  |TAMS 0x0000000088500000, 0x0000000088400000| Untracked 
| 133|0x0000000088500000, 0x0000000088600000, 0x0000000088600000|100%| O|  |TAMS 0x0000000088600000, 0x0000000088500000| Updating 
| 134|0x0000000088600000, 0x0000000088700000, 0x0000000088700000|100%| O|  |TAMS 0x0000000088700000, 0x0000000088600000| Untracked 
| 135|0x0000000088700000, 0x0000000088800000, 0x0000000088800000|100%| O|  |TAMS 0x0000000088800000, 0x0000000088700000| Untracked 
| 136|0x0000000088800000, 0x0000000088900000, 0x0000000088900000|100%| O|  |TAMS 0x0000000088900000, 0x0000000088800000| Untracked 
| 137|0x0000000088900000, 0x0000000088a00000, 0x0000000088a00000|100%| O|  |TAMS 0x0000000088a00000, 0x0000000088900000| Untracked 
| 138|0x0000000088a00000, 0x0000000088b00000, 0x0000000088b00000|100%| O|  |TAMS 0x0000000088b00000, 0x0000000088a00000| Untracked 
| 139|0x0000000088b00000, 0x0000000088c00000, 0x0000000088c00000|100%| O|  |TAMS 0x0000000088c00000, 0x0000000088b00000| Untracked 
| 140|0x0000000088c00000, 0x0000000088d00000, 0x0000000088d00000|100%| O|  |TAMS 0x0000000088d00000, 0x0000000088c00000| Untracked 
| 141|0x0000000088d00000, 0x0000000088e00000, 0x0000000088e00000|100%| O|  |TAMS 0x0000000088e00000, 0x0000000088d00000| Untracked 
| 142|0x0000000088e00000, 0x0000000088f00000, 0x0000000088f00000|100%| O|  |TAMS 0x0000000088f00000, 0x0000000088e00000| Untracked 
| 143|0x0000000088f00000, 0x0000000089000000, 0x0000000089000000|100%| O|  |TAMS 0x0000000089000000, 0x0000000088f00000| Untracked 
| 144|0x0000000089000000, 0x0000000089100000, 0x0000000089100000|100%| O|  |TAMS 0x0000000089100000, 0x0000000089000000| Untracked 
| 145|0x0000000089100000, 0x0000000089200000, 0x0000000089200000|100%| O|  |TAMS 0x0000000089200000, 0x0000000089100000| Updating 
| 146|0x0000000089200000, 0x0000000089300000, 0x0000000089300000|100%| O|  |TAMS 0x0000000089300000, 0x0000000089200000| Untracked 
| 147|0x0000000089300000, 0x0000000089400000, 0x0000000089400000|100%| O|  |TAMS 0x0000000089400000, 0x0000000089300000| Untracked 
| 148|0x0000000089400000, 0x0000000089500000, 0x0000000089500000|100%| O|  |TAMS 0x0000000089500000, 0x0000000089400000| Untracked 
| 149|0x0000000089500000, 0x0000000089600000, 0x0000000089600000|100%| O|  |TAMS 0x0000000089600000, 0x0000000089500000| Untracked 
| 150|0x0000000089600000, 0x0000000089700000, 0x0000000089700000|100%| O|  |TAMS 0x0000000089700000, 0x0000000089600000| Untracked 
| 151|0x0000000089700000, 0x0000000089800000, 0x0000000089800000|100%| O|  |TAMS 0x0000000089800000, 0x0000000089700000| Untracked 
| 152|0x0000000089800000, 0x0000000089900000, 0x0000000089900000|100%| O|  |TAMS 0x0000000089900000, 0x0000000089800000| Untracked 
| 153|0x0000000089900000, 0x0000000089a00000, 0x0000000089a00000|100%| O|  |TAMS 0x0000000089a00000, 0x0000000089900000| Updating 
| 154|0x0000000089a00000, 0x0000000089b00000, 0x0000000089b00000|100%| O|  |TAMS 0x0000000089a4e600, 0x0000000089a00000| Updating 
| 155|0x0000000089b00000, 0x0000000089c00000, 0x0000000089c00000|100%| O|  |TAMS 0x0000000089b00000, 0x0000000089b00000| Untracked 
| 156|0x0000000089c00000, 0x0000000089d00000, 0x0000000089d00000|100%| O|  |TAMS 0x0000000089c00000, 0x0000000089c00000| Untracked 
| 157|0x0000000089d00000, 0x0000000089e00000, 0x0000000089e00000|100%| O|  |TAMS 0x0000000089d00000, 0x0000000089d00000| Untracked 
| 158|0x0000000089e00000, 0x0000000089e2c000, 0x0000000089f00000| 17%| O|  |TAMS 0x0000000089e00000, 0x0000000089e00000| Updating 
| 159|0x0000000089f00000, 0x0000000089f00000, 0x000000008a000000|  0%| F|  |TAMS 0x0000000089f00000, 0x0000000089f00000| Untracked 
| 160|0x000000008a000000, 0x000000008a000000, 0x000000008a100000|  0%| F|  |TAMS 0x000000008a000000, 0x000000008a000000| Untracked 
| 161|0x000000008a100000, 0x000000008a100000, 0x000000008a200000|  0%| F|  |TAMS 0x000000008a100000, 0x000000008a100000| Untracked 
| 162|0x000000008a200000, 0x000000008a200000, 0x000000008a300000|  0%| F|  |TAMS 0x000000008a200000, 0x000000008a200000| Untracked 
| 163|0x000000008a300000, 0x000000008a300000, 0x000000008a400000|  0%| F|  |TAMS 0x000000008a300000, 0x000000008a300000| Untracked 
| 164|0x000000008a400000, 0x000000008a400000, 0x000000008a500000|  0%| F|  |TAMS 0x000000008a400000, 0x000000008a400000| Untracked 
| 165|0x000000008a500000, 0x000000008a500000, 0x000000008a600000|  0%| F|  |TAMS 0x000000008a500000, 0x000000008a500000| Untracked 
| 166|0x000000008a600000, 0x000000008a600000, 0x000000008a700000|  0%| F|  |TAMS 0x000000008a600000, 0x000000008a600000| Untracked 
| 167|0x000000008a700000, 0x000000008a700000, 0x000000008a800000|  0%| F|  |TAMS 0x000000008a700000, 0x000000008a700000| Untracked 
| 168|0x000000008a800000, 0x000000008a800000, 0x000000008a900000|  0%| F|  |TAMS 0x000000008a800000, 0x000000008a800000| Untracked 
| 169|0x000000008a900000, 0x000000008a900000, 0x000000008aa00000|  0%| F|  |TAMS 0x000000008a900000, 0x000000008a900000| Untracked 
| 170|0x000000008aa00000, 0x000000008aa00000, 0x000000008ab00000|  0%| F|  |TAMS 0x000000008aa00000, 0x000000008aa00000| Untracked 
| 171|0x000000008ab00000, 0x000000008ab00000, 0x000000008ac00000|  0%| F|  |TAMS 0x000000008ab00000, 0x000000008ab00000| Untracked 
| 172|0x000000008ac00000, 0x000000008ac00000, 0x000000008ad00000|  0%| F|  |TAMS 0x000000008ac00000, 0x000000008ac00000| Untracked 
| 173|0x000000008ad00000, 0x000000008ad00000, 0x000000008ae00000|  0%| F|  |TAMS 0x000000008ad00000, 0x000000008ad00000| Untracked 
| 174|0x000000008ae00000, 0x000000008ae00000, 0x000000008af00000|  0%| F|  |TAMS 0x000000008ae00000, 0x000000008ae00000| Untracked 
| 175|0x000000008af00000, 0x000000008af00000, 0x000000008b000000|  0%| F|  |TAMS 0x000000008af00000, 0x000000008af00000| Untracked 
| 176|0x000000008b000000, 0x000000008b000000, 0x000000008b100000|  0%| F|  |TAMS 0x000000008b000000, 0x000000008b000000| Untracked 
| 177|0x000000008b100000, 0x000000008b100000, 0x000000008b200000|  0%| F|  |TAMS 0x000000008b100000, 0x000000008b100000| Untracked 
| 178|0x000000008b200000, 0x000000008b200000, 0x000000008b300000|  0%| F|  |TAMS 0x000000008b200000, 0x000000008b200000| Untracked 
| 179|0x000000008b300000, 0x000000008b300000, 0x000000008b400000|  0%| F|  |TAMS 0x000000008b300000, 0x000000008b300000| Untracked 
| 180|0x000000008b400000, 0x000000008b400000, 0x000000008b500000|  0%| F|  |TAMS 0x000000008b400000, 0x000000008b400000| Untracked 
| 181|0x000000008b500000, 0x000000008b500000, 0x000000008b600000|  0%| F|  |TAMS 0x000000008b500000, 0x000000008b500000| Untracked 
| 182|0x000000008b600000, 0x000000008b600000, 0x000000008b700000|  0%| F|  |TAMS 0x000000008b600000, 0x000000008b600000| Untracked 
| 183|0x000000008b700000, 0x000000008b700000, 0x000000008b800000|  0%| F|  |TAMS 0x000000008b700000, 0x000000008b700000| Untracked 
| 184|0x000000008b800000, 0x000000008b800000, 0x000000008b900000|  0%| F|  |TAMS 0x000000008b800000, 0x000000008b800000| Untracked 
| 185|0x000000008b900000, 0x000000008b900000, 0x000000008ba00000|  0%| F|  |TAMS 0x000000008b900000, 0x000000008b900000| Untracked 
| 186|0x000000008ba00000, 0x000000008ba00000, 0x000000008bb00000|  0%| F|  |TAMS 0x000000008ba00000, 0x000000008ba00000| Untracked 
| 187|0x000000008bb00000, 0x000000008bb00000, 0x000000008bc00000|  0%| F|  |TAMS 0x000000008bb00000, 0x000000008bb00000| Untracked 
| 188|0x000000008bc00000, 0x000000008bc00000, 0x000000008bd00000|  0%| F|  |TAMS 0x000000008bc00000, 0x000000008bc00000| Untracked 
| 189|0x000000008bd00000, 0x000000008bd00000, 0x000000008be00000|  0%| F|  |TAMS 0x000000008bd00000, 0x000000008bd00000| Untracked 
| 190|0x000000008be00000, 0x000000008be00000, 0x000000008bf00000|  0%| F|  |TAMS 0x000000008be00000, 0x000000008be00000| Untracked 
| 191|0x000000008bf00000, 0x000000008bf00000, 0x000000008c000000|  0%| F|  |TAMS 0x000000008bf00000, 0x000000008bf00000| Untracked 
| 192|0x000000008c000000, 0x000000008c000000, 0x000000008c100000|  0%| F|  |TAMS 0x000000008c000000, 0x000000008c000000| Untracked 
| 193|0x000000008c100000, 0x000000008c100000, 0x000000008c200000|  0%| F|  |TAMS 0x000000008c100000, 0x000000008c100000| Untracked 
| 194|0x000000008c200000, 0x000000008c200000, 0x000000008c300000|  0%| F|  |TAMS 0x000000008c200000, 0x000000008c200000| Untracked 
| 195|0x000000008c300000, 0x000000008c300000, 0x000000008c400000|  0%| F|  |TAMS 0x000000008c300000, 0x000000008c300000| Untracked 
| 196|0x000000008c400000, 0x000000008c400000, 0x000000008c500000|  0%| F|  |TAMS 0x000000008c400000, 0x000000008c400000| Untracked 
| 197|0x000000008c500000, 0x000000008c500000, 0x000000008c600000|  0%| F|  |TAMS 0x000000008c500000, 0x000000008c500000| Untracked 
| 198|0x000000008c600000, 0x000000008c600000, 0x000000008c700000|  0%| F|  |TAMS 0x000000008c600000, 0x000000008c600000| Untracked 
| 199|0x000000008c700000, 0x000000008c700000, 0x000000008c800000|  0%| F|  |TAMS 0x000000008c700000, 0x000000008c700000| Untracked 
| 200|0x000000008c800000, 0x000000008c800000, 0x000000008c900000|  0%| F|  |TAMS 0x000000008c800000, 0x000000008c800000| Untracked 
| 201|0x000000008c900000, 0x000000008c900000, 0x000000008ca00000|  0%| F|  |TAMS 0x000000008c900000, 0x000000008c900000| Untracked 
| 202|0x000000008ca00000, 0x000000008ca00000, 0x000000008cb00000|  0%| F|  |TAMS 0x000000008ca00000, 0x000000008ca00000| Untracked 
| 203|0x000000008cb00000, 0x000000008cb00000, 0x000000008cc00000|  0%| F|  |TAMS 0x000000008cb00000, 0x000000008cb00000| Untracked 
| 204|0x000000008cc00000, 0x000000008cc00000, 0x000000008cd00000|  0%| F|  |TAMS 0x000000008cc00000, 0x000000008cc00000| Untracked 
| 205|0x000000008cd00000, 0x000000008cd00000, 0x000000008ce00000|  0%| F|  |TAMS 0x000000008cd00000, 0x000000008cd00000| Untracked 
| 206|0x000000008ce00000, 0x000000008ce00000, 0x000000008cf00000|  0%| F|  |TAMS 0x000000008ce00000, 0x000000008ce00000| Untracked 
| 207|0x000000008cf00000, 0x000000008cf00000, 0x000000008d000000|  0%| F|  |TAMS 0x000000008cf00000, 0x000000008cf00000| Untracked 
| 208|0x000000008d000000, 0x000000008d000000, 0x000000008d100000|  0%| F|  |TAMS 0x000000008d000000, 0x000000008d000000| Untracked 
| 209|0x000000008d100000, 0x000000008d100000, 0x000000008d200000|  0%| F|  |TAMS 0x000000008d100000, 0x000000008d100000| Untracked 
| 210|0x000000008d200000, 0x000000008d200000, 0x000000008d300000|  0%| F|  |TAMS 0x000000008d200000, 0x000000008d200000| Untracked 
| 211|0x000000008d300000, 0x000000008d300000, 0x000000008d400000|  0%| F|  |TAMS 0x000000008d300000, 0x000000008d300000| Untracked 
| 212|0x000000008d400000, 0x000000008d400000, 0x000000008d500000|  0%| F|  |TAMS 0x000000008d400000, 0x000000008d400000| Untracked 
| 213|0x000000008d500000, 0x000000008d500000, 0x000000008d600000|  0%| F|  |TAMS 0x000000008d500000, 0x000000008d500000| Untracked 
| 214|0x000000008d600000, 0x000000008d600000, 0x000000008d700000|  0%| F|  |TAMS 0x000000008d600000, 0x000000008d600000| Untracked 
| 215|0x000000008d700000, 0x000000008d700000, 0x000000008d800000|  0%| F|  |TAMS 0x000000008d700000, 0x000000008d700000| Untracked 
| 216|0x000000008d800000, 0x000000008d800000, 0x000000008d900000|  0%| F|  |TAMS 0x000000008d800000, 0x000000008d800000| Untracked 
| 217|0x000000008d900000, 0x000000008da00000, 0x000000008da00000|100%| E|  |TAMS 0x000000008d900000, 0x000000008d900000| Complete 
| 218|0x000000008da00000, 0x000000008db00000, 0x000000008db00000|100%| E|CS|TAMS 0x000000008da00000, 0x000000008da00000| Complete 
| 219|0x000000008db00000, 0x000000008dc00000, 0x000000008dc00000|100%| E|CS|TAMS 0x000000008db00000, 0x000000008db00000| Complete 
| 220|0x000000008dc00000, 0x000000008dd00000, 0x000000008dd00000|100%| E|CS|TAMS 0x000000008dc00000, 0x000000008dc00000| Complete 
| 221|0x000000008dd00000, 0x000000008de00000, 0x000000008de00000|100%| E|CS|TAMS 0x000000008dd00000, 0x000000008dd00000| Complete 
| 222|0x000000008de00000, 0x000000008de19cf0, 0x000000008df00000| 10%| S|CS|TAMS 0x000000008de00000, 0x000000008de00000| Complete 
| 223|0x000000008df00000, 0x000000008e000000, 0x000000008e000000|100%| S|CS|TAMS 0x000000008df00000, 0x000000008df00000| Complete 
| 224|0x000000008e000000, 0x000000008e100000, 0x000000008e100000|100%| E|CS|TAMS 0x000000008e000000, 0x000000008e000000| Complete 
| 225|0x000000008e100000, 0x000000008e200000, 0x000000008e200000|100%| E|CS|TAMS 0x000000008e100000, 0x000000008e100000| Complete 
| 226|0x000000008e200000, 0x000000008e300000, 0x000000008e300000|100%| E|CS|TAMS 0x000000008e200000, 0x000000008e200000| Complete 
| 227|0x000000008e300000, 0x000000008e400000, 0x000000008e400000|100%| E|CS|TAMS 0x000000008e300000, 0x000000008e300000| Complete 
| 228|0x000000008e400000, 0x000000008e500000, 0x000000008e500000|100%| E|CS|TAMS 0x000000008e400000, 0x000000008e400000| Complete 
| 229|0x000000008e500000, 0x000000008e600000, 0x000000008e600000|100%| E|CS|TAMS 0x000000008e500000, 0x000000008e500000| Complete 
| 230|0x000000008e600000, 0x000000008e700000, 0x000000008e700000|100%| E|CS|TAMS 0x000000008e600000, 0x000000008e600000| Complete 
| 231|0x000000008e700000, 0x000000008e800000, 0x000000008e800000|100%| E|CS|TAMS 0x000000008e700000, 0x000000008e700000| Complete 
| 232|0x000000008e800000, 0x000000008e900000, 0x000000008e900000|100%| E|CS|TAMS 0x000000008e800000, 0x000000008e800000| Complete 
| 233|0x000000008e900000, 0x000000008ea00000, 0x000000008ea00000|100%| E|CS|TAMS 0x000000008e900000, 0x000000008e900000| Complete 
| 234|0x000000008ea00000, 0x000000008eb00000, 0x000000008eb00000|100%| E|CS|TAMS 0x000000008ea00000, 0x000000008ea00000| Complete 
| 235|0x000000008eb00000, 0x000000008ec00000, 0x000000008ec00000|100%| E|CS|TAMS 0x000000008eb00000, 0x000000008eb00000| Complete 
| 236|0x000000008ec00000, 0x000000008ed00000, 0x000000008ed00000|100%| E|CS|TAMS 0x000000008ec00000, 0x000000008ec00000| Complete 

Card table byte_map: [0x000001524b570000,0x000001524b970000] _byte_map_base: 0x000001524b170000

Marking Bits (Prev, Next): (CMBitMap*) 0x00000152343a2b60, (CMBitMap*) 0x00000152343a2ba0
 Prev Bits: [0x000001524bd70000, 0x000001524dd70000)
 Next Bits: [0x000001524dd70000, 0x000001524fd70000)

Polling page: 0x00000152322a0000

Metaspace:

Usage:
  Non-class:     95.96 MB used.
      Class:     15.80 MB used.
       Both:    111.76 MB used.

Virtual space:
  Non-class space:      128.00 MB reserved,      96.62 MB ( 75%) committed,  2 nodes.
      Class space:      416.00 MB reserved,      16.31 MB (  4%) committed,  1 nodes.
             Both:      544.00 MB reserved,     112.94 MB ( 21%) committed. 

Chunk freelists:
   Non-Class:  15.07 MB
       Class:  15.64 MB
        Both:  30.71 MB

MaxMetaspaceSize: 512.00 MB
CompressedClassSpaceSize: 416.00 MB
Initial GC threshold: 21.00 MB
Current GC threshold: 113.06 MB
CDS: on
MetaspaceReclaimPolicy: balanced
 - commit_granule_bytes: 65536.
 - commit_granule_words: 8192.
 - virtual_space_node_default_size: 8388608.
 - enlarge_chunks_in_place: 1.
 - new_chunks_are_fully_committed: 0.
 - uncommit_free_chunks: 1.
 - use_allocation_guard: 0.
 - handle_deallocations: 1.


Internal statistics:

num_allocs_failed_limit: 15.
num_arena_births: 1478.
num_arena_deaths: 6.
num_vsnodes_births: 3.
num_vsnodes_deaths: 0.
num_space_committed: 1807.
num_space_uncommitted: 0.
num_chunks_returned_to_freelist: 23.
num_chunks_taken_from_freelist: 6472.
num_chunk_merges: 15.
num_chunk_splits: 4153.
num_chunks_enlarged: 2619.
num_inconsistent_stats: 0.

CodeHeap 'non-profiled nmethods': size=120000Kb used=7522Kb max_used=7522Kb free=112477Kb
 bounds [0x0000015243910000, 0x0000015244070000, 0x000001524ae40000]
CodeHeap 'profiled nmethods': size=120000Kb used=23096Kb max_used=23096Kb free=96903Kb
 bounds [0x000001523be40000, 0x000001523d4e0000, 0x0000015243370000]
CodeHeap 'non-nmethods': size=5760Kb used=2462Kb max_used=2553Kb free=3297Kb
 bounds [0x0000015243370000, 0x0000015243600000, 0x0000015243910000]
 total_blobs=12813 nmethods=11815 adapters=908
 compilation: enabled
              stopped_count=0, restarted_count=0
 full_count=0

Compilation events (20 events):
Event: 196.116 Thread 0x00000152527ab410 nmethod 14301 0x0000015244068210 code [0x00000152440683a0, 0x0000015244068458]
Event: 196.116 Thread 0x00000152527ab410 14302       3       com.android.build.api.artifact.impl.ArtifactContainer::getFinalProvider (24 bytes)
Event: 196.118 Thread 0x00000152527ab410 nmethod 14302 0x000001523d4cd510 code [0x000001523d4cd780, 0x000001523d4ce3d8]
Event: 196.118 Thread 0x00000152527ab410 14304       3       org.gradle.api.internal.DefaultNamedDomainObjectCollection$AbstractDomainObjectCreatingProvider::calculateOwnValue (71 bytes)
Event: 196.121 Thread 0x00000152527ab410 nmethod 14304 0x000001523d4ce710 code [0x000001523d4cea00, 0x000001523d4d0148]
Event: 196.121 Thread 0x00000152527ab410 14303       1       com.android.build.api.artifact.impl.SingleInitialProviderRequestImpl::access$getFromProperty$p (5 bytes)
Event: 196.121 Thread 0x00000152527ab410 nmethod 14303 0x0000015244068510 code [0x00000152440686a0, 0x0000015244068758]
Event: 196.124 Thread 0x00000152527ab410 14305       1       com.android.build.api.artifact.Artifact::getCategory (5 bytes)
Event: 196.125 Thread 0x00000152527ab410 nmethod 14305 0x0000015244068810 code [0x00000152440689a0, 0x0000015244068a78]
Event: 196.125 Thread 0x00000152527ab410 14306       3       org.gradle.api.internal.tasks.DefaultTaskInputs::property (21 bytes)
Event: 196.127 Thread 0x00000152527ab410 nmethod 14306 0x000001523d4d0790 code [0x000001523d4d0a20, 0x000001523d4d1888]
Event: 196.127 Thread 0x00000152527ab410 14307       3       org.gradle.api.internal.tasks.DefaultTaskInputs$$Lambda$1572/0x0000015254abba28::<init> (20 bytes)
Event: 196.128 Thread 0x00000152527ab410 nmethod 14307 0x000001523d4d1d90 code [0x000001523d4d1f40, 0x000001523d4d21b8]
Event: 196.132 Thread 0x00000152527ab410 14308       3       org.gradle.api.internal.file.copy.DefaultCopySpec$DefaultCopySpecResolver::<init> (7 bytes)
Event: 196.132 Thread 0x00000152527ab410 nmethod 14308 0x000001523d4d2290 code [0x000001523d4d2440, 0x000001523d4d26b8]
Event: 196.132 Thread 0x00000152527ab410 14309       3       org.gradle.api.internal.file.copy.DefaultCopySpec$DefaultCopySpecResolver::<init> (15 bytes)
Event: 196.133 Thread 0x00000152527ab410 nmethod 14309 0x000001523d4d2790 code [0x000001523d4d2940, 0x000001523d4d2b58]
Event: 196.139 Thread 0x00000152527aa2b0 14310       4       org.gradle.internal.instantiation.generator.AbstractClassGenerator::inspectType (560 bytes)
Event: 196.173 Thread 0x00000152527ab410 14315       3       org.gradle.api.internal.tasks.DefaultTaskDependency::add (34 bytes)
Event: 196.175 Thread 0x00000152527ab410 nmethod 14315 0x000001523d4d2c10 code [0x000001523d4d2e60, 0x000001523d4d3978]

GC Heap History (20 events):
Event: 154.701 GC heap before
{Heap before GC invocations=36 (full 0):
 garbage-first heap   total 242688K, used 197537K [0x0000000080000000, 0x0000000100000000)
  region size 1024K, 85 young (87040K), 12 survivors (12288K)
 Metaspace       used 89685K, committed 90624K, reserved 557056K
  class space    used 12504K, committed 12928K, reserved 425984K
}
Event: 154.713 GC heap after
{Heap after GC invocations=37 (full 0):
 garbage-first heap   total 242688K, used 127467K [0x0000000080000000, 0x0000000100000000)
  region size 1024K, 5 young (5120K), 5 survivors (5120K)
 Metaspace       used 89685K, committed 90624K, reserved 557056K
  class space    used 12504K, committed 12928K, reserved 425984K
}
Event: 157.839 GC heap before
{Heap before GC invocations=37 (full 0):
 garbage-first heap   total 242688K, used 197099K [0x0000000080000000, 0x0000000100000000)
  region size 1024K, 73 young (74752K), 5 survivors (5120K)
 Metaspace       used 94072K, committed 94976K, reserved 557056K
  class space    used 13111K, committed 13504K, reserved 425984K
}
Event: 157.848 GC heap after
{Heap after GC invocations=38 (full 0):
 garbage-first heap   total 242688K, used 129986K [0x0000000080000000, 0x0000000100000000)
  region size 1024K, 8 young (8192K), 8 survivors (8192K)
 Metaspace       used 94072K, committed 94976K, reserved 557056K
  class space    used 13111K, committed 13504K, reserved 425984K
}
Event: 175.008 GC heap before
{Heap before GC invocations=38 (full 0):
 garbage-first heap   total 242688K, used 199618K [0x0000000080000000, 0x0000000100000000)
  region size 1024K, 76 young (77824K), 8 survivors (8192K)
 Metaspace       used 94968K, committed 95936K, reserved 557056K
  class space    used 13241K, committed 13696K, reserved 425984K
}
Event: 175.033 GC heap after
{Heap after GC invocations=39 (full 0):
 garbage-first heap   total 242688K, used 135857K [0x0000000080000000, 0x0000000100000000)
  region size 1024K, 9 young (9216K), 9 survivors (9216K)
 Metaspace       used 94968K, committed 95936K, reserved 557056K
  class space    used 13241K, committed 13696K, reserved 425984K
}
Event: 176.429 GC heap before
{Heap before GC invocations=39 (full 0):
 garbage-first heap   total 242688K, used 201393K [0x0000000080000000, 0x0000000100000000)
  region size 1024K, 73 young (74752K), 9 survivors (9216K)
 Metaspace       used 98641K, committed 99648K, reserved 557056K
  class space    used 13840K, committed 14272K, reserved 425984K
}
Event: 176.442 GC heap after
{Heap after GC invocations=40 (full 0):
 garbage-first heap   total 242688K, used 138622K [0x0000000080000000, 0x0000000100000000)
  region size 1024K, 3 young (3072K), 3 survivors (3072K)
 Metaspace       used 98641K, committed 99648K, reserved 557056K
  class space    used 13840K, committed 14272K, reserved 425984K
}
Event: 177.822 GC heap before
{Heap before GC invocations=40 (full 0):
 garbage-first heap   total 242688K, used 203134K [0x0000000080000000, 0x0000000100000000)
  region size 1024K, 66 young (67584K), 3 survivors (3072K)
 Metaspace       used 102249K, committed 103296K, reserved 557056K
  class space    used 14419K, committed 14912K, reserved 425984K
}
Event: 177.830 GC heap after
{Heap after GC invocations=41 (full 0):
 garbage-first heap   total 242688K, used 140587K [0x0000000080000000, 0x0000000100000000)
  region size 1024K, 5 young (5120K), 5 survivors (5120K)
 Metaspace       used 102249K, committed 103296K, reserved 557056K
  class space    used 14419K, committed 14912K, reserved 425984K
}
Event: 191.750 GC heap before
{Heap before GC invocations=41 (full 0):
 garbage-first heap   total 242688K, used 205099K [0x0000000080000000, 0x0000000100000000)
  region size 1024K, 68 young (69632K), 5 survivors (5120K)
 Metaspace       used 104714K, committed 105792K, reserved 557056K
  class space    used 14762K, committed 15232K, reserved 425984K
}
Event: 191.763 GC heap after
{Heap after GC invocations=42 (full 0):
 garbage-first heap   total 242688K, used 145218K [0x0000000080000000, 0x0000000100000000)
  region size 1024K, 9 young (9216K), 9 survivors (9216K)
 Metaspace       used 104714K, committed 105792K, reserved 557056K
  class space    used 14762K, committed 15232K, reserved 425984K
}
Event: 193.297 GC heap before
{Heap before GC invocations=42 (full 0):
 garbage-first heap   total 242688K, used 204610K [0x0000000080000000, 0x0000000100000000)
  region size 1024K, 67 young (68608K), 9 survivors (9216K)
 Metaspace       used 109108K, committed 110272K, reserved 557056K
  class space    used 15372K, committed 15872K, reserved 425984K
}
Event: 193.316 GC heap after
{Heap after GC invocations=43 (full 0):
 garbage-first heap   total 242688K, used 149684K [0x0000000080000000, 0x0000000100000000)
  region size 1024K, 5 young (5120K), 5 survivors (5120K)
 Metaspace       used 109108K, committed 110272K, reserved 557056K
  class space    used 15372K, committed 15872K, reserved 425984K
}
Event: 194.471 GC heap before
{Heap before GC invocations=43 (full 0):
 garbage-first heap   total 242688K, used 204980K [0x0000000080000000, 0x0000000100000000)
  region size 1024K, 59 young (60416K), 5 survivors (5120K)
 Metaspace       used 110870K, committed 112000K, reserved 557056K
  class space    used 15668K, committed 16192K, reserved 425984K
}
Event: 194.485 GC heap after
{Heap after GC invocations=44 (full 0):
 garbage-first heap   total 242688K, used 157523K [0x0000000080000000, 0x0000000100000000)
  region size 1024K, 8 young (8192K), 8 survivors (8192K)
 Metaspace       used 110870K, committed 112000K, reserved 557056K
  class space    used 15668K, committed 16192K, reserved 425984K
}
Event: 195.459 GC heap before
{Heap before GC invocations=44 (full 0):
 garbage-first heap   total 242688K, used 203603K [0x0000000080000000, 0x0000000100000000)
  region size 1024K, 53 young (54272K), 8 survivors (8192K)
 Metaspace       used 113005K, committed 114240K, reserved 557056K
  class space    used 15970K, committed 16512K, reserved 425984K
}
Event: 195.476 GC heap after
{Heap after GC invocations=45 (full 0):
 garbage-first heap   total 242688K, used 161983K [0x0000000080000000, 0x0000000100000000)
  region size 1024K, 4 young (4096K), 4 survivors (4096K)
 Metaspace       used 113005K, committed 114240K, reserved 557056K
  class space    used 15970K, committed 16512K, reserved 425984K
}
Event: 195.698 GC heap before
{Heap before GC invocations=45 (full 0):
 garbage-first heap   total 242688K, used 174271K [0x0000000080000000, 0x0000000100000000)
  region size 1024K, 17 young (17408K), 4 survivors (4096K)
 Metaspace       used 113635K, committed 114816K, reserved 557056K
  class space    used 16058K, committed 16576K, reserved 425984K
}
Event: 195.710 GC heap after
{Heap after GC invocations=46 (full 0):
 garbage-first heap   total 242688K, used 163095K [0x0000000080000000, 0x0000000100000000)
  region size 1024K, 2 young (2048K), 2 survivors (2048K)
 Metaspace       used 113635K, committed 114816K, reserved 557056K
  class space    used 16058K, committed 16576K, reserved 425984K
}

Dll operation events (14 events):
Event: 0.024 Loaded shared library C:\Program Files\Microsoft\jdk-17.0.8.7-hotspot\bin\java.dll
Event: 0.068 Loaded shared library C:\Program Files\Microsoft\jdk-17.0.8.7-hotspot\bin\jsvml.dll
Event: 0.165 Loaded shared library C:\Program Files\Microsoft\jdk-17.0.8.7-hotspot\bin\zip.dll
Event: 0.170 Loaded shared library C:\Program Files\Microsoft\jdk-17.0.8.7-hotspot\bin\instrument.dll
Event: 0.180 Loaded shared library C:\Program Files\Microsoft\jdk-17.0.8.7-hotspot\bin\net.dll
Event: 0.183 Loaded shared library C:\Program Files\Microsoft\jdk-17.0.8.7-hotspot\bin\nio.dll
Event: 0.189 Loaded shared library C:\Program Files\Microsoft\jdk-17.0.8.7-hotspot\bin\zip.dll
Event: 0.642 Loaded shared library C:\Program Files\Microsoft\jdk-17.0.8.7-hotspot\bin\jimage.dll
Event: 0.833 Loaded shared library C:\Program Files\Microsoft\jdk-17.0.8.7-hotspot\bin\verify.dll
Event: 1.301 Loaded shared library C:\Users\Barjinder Goyal\.gradle\native\c067742578af261105cb4f569cf0c3c89f3d7b1fecec35dd04571415982c5e48\windows-amd64\native-platform.dll
Event: 1.326 Loaded shared library C:\Users\Barjinder Goyal\.gradle\native\38dada09dfb8b06ba9b0570ebf7e218e3eb74d4ef43ca46872605cf95ebc2f47\windows-amd64\native-platform-file-events.dll
Event: 3.427 Loaded shared library C:\Program Files\Microsoft\jdk-17.0.8.7-hotspot\bin\management.dll
Event: 3.437 Loaded shared library C:\Program Files\Microsoft\jdk-17.0.8.7-hotspot\bin\management_ext.dll
Event: 4.337 Loaded shared library C:\Program Files\Microsoft\jdk-17.0.8.7-hotspot\bin\sunmscapi.dll

Deoptimization events (20 events):
Event: 195.486 Thread 0x00000152737d7890 DEOPT PACKING pc=0x000001523bffe8a5 sp=0x00000048f9cf1b80
Event: 195.486 Thread 0x00000152737d7890 DEOPT UNPACKING pc=0x00000152433c7143 sp=0x00000048f9cf1120 mode 0
Event: 195.545 Thread 0x00000152737d7890 DEOPT PACKING pc=0x000001523bffe43b sp=0x00000048f9cf1b80
Event: 195.545 Thread 0x00000152737d7890 DEOPT UNPACKING pc=0x00000152433c7143 sp=0x00000048f9cf1120 mode 0
Event: 195.599 Thread 0x00000152737d7890 DEOPT PACKING pc=0x000001523bffe39e sp=0x00000048f9cf1b80
Event: 195.599 Thread 0x00000152737d7890 DEOPT UNPACKING pc=0x00000152433c7143 sp=0x00000048f9cf1120 mode 0
Event: 195.635 Thread 0x00000152737d7890 Uncommon trap: trap_request=0xfffffff4 fr.pc=0x0000015244045e9c relative=0x000000000000017c
Event: 195.635 Thread 0x00000152737d7890 Uncommon trap: reason=null_check action=make_not_entrant pc=0x0000015244045e9c method=org.gradle.internal.instantiation.generator.AbstractClassGenerator.isPropertyType(Ljava/lang/Class;)Z @ 21 c2
Event: 195.635 Thread 0x00000152737d7890 DEOPT PACKING pc=0x0000015244045e9c sp=0x00000048f9cf1ad0
Event: 195.635 Thread 0x00000152737d7890 DEOPT UNPACKING pc=0x00000152433c69a3 sp=0x00000048f9cf1a70 mode 2
Event: 195.734 Thread 0x00000152737d7890 DEOPT PACKING pc=0x000001523bffe39e sp=0x00000048f9cf1b90
Event: 195.734 Thread 0x00000152737d7890 DEOPT UNPACKING pc=0x00000152433c7143 sp=0x00000048f9cf1130 mode 0
Event: 195.912 Thread 0x00000152737d7890 DEOPT PACKING pc=0x000001523bffe39e sp=0x00000048f9cf1b90
Event: 195.912 Thread 0x00000152737d7890 DEOPT UNPACKING pc=0x00000152433c7143 sp=0x00000048f9cf1130 mode 0
Event: 196.089 Thread 0x00000152737d7890 Uncommon trap: trap_request=0xfffffff4 fr.pc=0x0000015244065df4 relative=0x0000000000000cd4
Event: 196.089 Thread 0x00000152737d7890 Uncommon trap: reason=null_check action=make_not_entrant pc=0x0000015244065df4 method=org.gradle.internal.instantiation.generator.AbstractClassGenerator.isIneligibleForConventionMapping(Lorg/gradle/internal/instantiation/generator/AbstractClassGenerator$P
Event: 196.089 Thread 0x00000152737d7890 DEOPT PACKING pc=0x0000015244065df4 sp=0x00000048f9cf1b00
Event: 196.089 Thread 0x00000152737d7890 DEOPT UNPACKING pc=0x00000152433c69a3 sp=0x00000048f9cf1a28 mode 2
Event: 196.140 Thread 0x00000152737d7890 DEOPT PACKING pc=0x000001523bffe495 sp=0x00000048f9cf1b30
Event: 196.140 Thread 0x00000152737d7890 DEOPT UNPACKING pc=0x00000152433c7143 sp=0x00000048f9cf10d0 mode 0

Classes unloaded (3 events):
Event: 196.193 Thread 0x0000015252780260 Unloading class 0x0000015254b48400 'java/lang/invoke/LambdaForm$DMH+0x0000015254b48400'
Event: 196.194 Thread 0x0000015252780260 Unloading class 0x0000015254b38400 'java/lang/invoke/LambdaForm$DMH+0x0000015254b38400'
Event: 196.194 Thread 0x0000015252780260 Unloading class 0x0000015254b2c400 'java/lang/invoke/LambdaForm$DMH+0x0000015254b2c400'

Classes redefined (0 events):
No events

Internal exceptions (20 events):
Event: 195.201 Thread 0x00000152737d7890 Exception <a 'java/lang/ClassNotFoundException'{0x000000008d0eb978}: org/gradle/api/tasks/compile/JavaCompile_DecoratedBeanInfo> (0x000000008d0eb978) 
thrown [s\src\hotspot\share\classfile\systemDictionary.cpp, line 256]
Event: 195.203 Thread 0x00000152737d7890 Exception <a 'java/lang/ClassNotFoundException'{0x000000008cf01f38}: org/gradle/api/tasks/compile/JavaCompileBeanInfo> (0x000000008cf01f38) 
thrown [s\src\hotspot\share\classfile\systemDictionary.cpp, line 256]
Event: 195.204 Thread 0x00000152737d7890 Exception <a 'java/lang/ClassNotFoundException'{0x000000008cf18010}: org/gradle/api/tasks/compile/AbstractCompileBeanInfo> (0x000000008cf18010) 
thrown [s\src\hotspot\share\classfile\systemDictionary.cpp, line 256]
Event: 195.204 Thread 0x00000152737d7890 Exception <a 'java/lang/ClassNotFoundException'{0x000000008cf2a788}: org/gradle/api/tasks/SourceTaskBeanInfo> (0x000000008cf2a788) 
thrown [s\src\hotspot\share\classfile\systemDictionary.cpp, line 256]
Event: 195.205 Thread 0x00000152737d7890 Exception <a 'java/lang/ClassNotFoundException'{0x000000008cf3cf20}: org/gradle/api/tasks/SourceTaskCustomizer> (0x000000008cf3cf20) 
thrown [s\src\hotspot\share\classfile\systemDictionary.cpp, line 256]
Event: 195.207 Thread 0x00000152737d7890 Exception <a 'java/lang/ClassNotFoundException'{0x000000008cf76eb0}: org/gradle/api/tasks/compile/AbstractCompileCustomizer> (0x000000008cf76eb0) 
thrown [s\src\hotspot\share\classfile\systemDictionary.cpp, line 256]
Event: 195.209 Thread 0x00000152737d7890 Exception <a 'java/lang/ClassNotFoundException'{0x000000008cfa58c8}: org/gradle/api/tasks/compile/JavaCompileCustomizer> (0x000000008cfa58c8) 
thrown [s\src\hotspot\share\classfile\systemDictionary.cpp, line 256]
Event: 195.210 Thread 0x00000152737d7890 Exception <a 'java/lang/ClassNotFoundException'{0x000000008cfd4af0}: org/gradle/api/tasks/compile/JavaCompile_DecoratedCustomizer> (0x000000008cfd4af0) 
thrown [s\src\hotspot\share\classfile\systemDictionary.cpp, line 256]
Event: 195.257 Thread 0x00000152737d7890 Exception <a 'java/lang/ClassNotFoundException'{0x000000008cc90598}: org/gradle/api/tasks/bundling/Jar_DecoratedBeanInfo> (0x000000008cc90598) 
thrown [s\src\hotspot\share\classfile\systemDictionary.cpp, line 256]
Event: 195.258 Thread 0x00000152737d7890 Exception <a 'java/lang/ClassNotFoundException'{0x000000008cca64c8}: org/gradle/api/tasks/bundling/JarBeanInfo> (0x000000008cca64c8) 
thrown [s\src\hotspot\share\classfile\systemDictionary.cpp, line 256]
Event: 195.259 Thread 0x00000152737d7890 Exception <a 'java/lang/ClassNotFoundException'{0x000000008ccbc040}: org/gradle/jvm/tasks/JarBeanInfo> (0x000000008ccbc040) 
thrown [s\src\hotspot\share\classfile\systemDictionary.cpp, line 256]
Event: 195.260 Thread 0x00000152737d7890 Exception <a 'java/lang/ClassNotFoundException'{0x000000008ccce970}: org/gradle/api/tasks/bundling/ZipBeanInfo> (0x000000008ccce970) 
thrown [s\src\hotspot\share\classfile\systemDictionary.cpp, line 256]
Event: 195.261 Thread 0x00000152737d7890 Exception <a 'java/lang/ClassNotFoundException'{0x000000008cce2188}: org/gradle/api/tasks/bundling/AbstractArchiveTaskBeanInfo> (0x000000008cce2188) 
thrown [s\src\hotspot\share\classfile\systemDictionary.cpp, line 256]
Event: 195.263 Thread 0x00000152737d7890 Exception <a 'java/lang/ClassNotFoundException'{0x000000008ccf4c58}: org/gradle/api/tasks/bundling/AbstractArchiveTaskCustomizer> (0x000000008ccf4c58) 
thrown [s\src\hotspot\share\classfile\systemDictionary.cpp, line 256]
Event: 195.264 Thread 0x00000152737d7890 Exception <a 'java/lang/ClassNotFoundException'{0x000000008cb33810}: org/gradle/api/tasks/bundling/ZipCustomizer> (0x000000008cb33810) 
thrown [s\src\hotspot\share\classfile\systemDictionary.cpp, line 256]
Event: 195.267 Thread 0x00000152737d7890 Exception <a 'java/lang/ClassNotFoundException'{0x000000008cb66c08}: org/gradle/jvm/tasks/JarCustomizer> (0x000000008cb66c08) 
thrown [s\src\hotspot\share\classfile\systemDictionary.cpp, line 256]
Event: 195.269 Thread 0x00000152737d7890 Exception <a 'java/lang/ClassNotFoundException'{0x000000008cba1378}: org/gradle/api/tasks/bundling/JarCustomizer> (0x000000008cba1378) 
thrown [s\src\hotspot\share\classfile\systemDictionary.cpp, line 256]
Event: 195.271 Thread 0x00000152737d7890 Exception <a 'java/lang/ClassNotFoundException'{0x000000008cbd5158}: org/gradle/api/tasks/bundling/Jar_DecoratedCustomizer> (0x000000008cbd5158) 
thrown [s\src\hotspot\share\classfile\systemDictionary.cpp, line 256]
Event: 195.635 Thread 0x00000152737d7890 Implicit null exception at 0x0000015244045dcb to 0x0000015244045e8f
Event: 196.089 Thread 0x00000152737d7890 Implicit null exception at 0x00000152440651cb to 0x0000015244065de8

VM Operations (20 events):
Event: 194.184 Executing VM operation: HandshakeAllThreads done
Event: 194.187 Executing VM operation: HandshakeAllThreads
Event: 194.187 Executing VM operation: HandshakeAllThreads done
Event: 194.255 Executing VM operation: ICBufferFull
Event: 194.255 Executing VM operation: ICBufferFull done
Event: 194.470 Executing VM operation: HandshakeAllThreads
Event: 194.470 Executing VM operation: HandshakeAllThreads done
Event: 194.470 Executing VM operation: G1CollectForAllocation
Event: 194.485 Executing VM operation: G1CollectForAllocation done
Event: 195.413 Executing VM operation: HandshakeAllThreads
Event: 195.413 Executing VM operation: HandshakeAllThreads done
Event: 195.459 Executing VM operation: G1CollectForAllocation
Event: 195.477 Executing VM operation: G1CollectForAllocation done
Event: 195.698 Executing VM operation: CollectForMetadataAllocation
Event: 195.710 Executing VM operation: CollectForMetadataAllocation done
Event: 195.848 Executing VM operation: CollectForMetadataAllocation
Event: 195.849 Executing VM operation: CollectForMetadataAllocation done
Event: 196.013 Executing VM operation: CollectForMetadataAllocation
Event: 196.014 Executing VM operation: CollectForMetadataAllocation done
Event: 196.192 Executing VM operation: G1PauseRemark

Events (20 events):
Event: 194.170 loading class java/util/HashtableCustomizer
Event: 194.170 loading class java/util/HashtableCustomizer done
Event: 194.171 loading class java/util/HashtableCustomizer
Event: 194.171 loading class java/util/HashtableCustomizer done
Event: 194.172 loading class java/util/PropertiesCustomizer
Event: 194.172 loading class java/util/PropertiesCustomizer done
Event: 194.173 loading class java/util/PropertiesCustomizer
Event: 194.173 loading class java/util/PropertiesCustomizer done
Event: 194.445 loading class java/io/FilterReader
Event: 194.445 loading class java/io/FilterReader done
Event: 194.495 loading class jdk/internal/reflect/UnsafeStaticBooleanFieldAccessorImpl
Event: 194.496 loading class jdk/internal/reflect/UnsafeStaticBooleanFieldAccessorImpl done
Event: 194.612 loading class sun/invoke/util/ValueConversions$1
Event: 194.612 loading class sun/invoke/util/ValueConversions$1 done
Event: 194.614 loading class java/lang/invoke/BoundMethodHandle$Species_LI
Event: 194.614 loading class java/lang/invoke/BoundMethodHandle$Species_LI done
Event: 194.701 loading class jdk/internal/reflect/UnsafeQualifiedIntegerFieldAccessorImpl
Event: 194.701 loading class jdk/internal/reflect/UnsafeQualifiedIntegerFieldAccessorImpl done
Event: 195.038 loading class java/io/SerialCallbackContext
Event: 195.039 loading class java/io/SerialCallbackContext done


Dynamic libraries:
0x00007ff75a260000 - 0x00007ff75a26e000 	C:\Program Files\Microsoft\jdk-17.0.8.7-hotspot\bin\java.exe
0x00007ffdeeb30000 - 0x00007ffdeed28000 	C:\WINDOWS\SYSTEM32\ntdll.dll
0x00007ffdee8f0000 - 0x00007ffdee9b1000 	C:\WINDOWS\System32\KERNEL32.DLL
0x00007ffdec730000 - 0x00007ffdeca26000 	C:\WINDOWS\System32\KERNELBASE.dll
0x00007ffdeca60000 - 0x00007ffdecb60000 	C:\WINDOWS\System32\ucrtbase.dll
0x00007ffddf2c0000 - 0x00007ffddf2d7000 	C:\Program Files\Microsoft\jdk-17.0.8.7-hotspot\bin\jli.dll
0x00007ffde40e0000 - 0x00007ffde40fb000 	C:\Program Files\Microsoft\jdk-17.0.8.7-hotspot\bin\VCRUNTIME140.dll
0x00007ffdecb60000 - 0x00007ffdeccff000 	C:\WINDOWS\System32\USER32.dll
0x00007ffdeca30000 - 0x00007ffdeca52000 	C:\WINDOWS\System32\win32u.dll
0x00007ffdee070000 - 0x00007ffdee09b000 	C:\WINDOWS\System32\GDI32.dll
0x00007ffdd6470000 - 0x00007ffdd670a000 	C:\WINDOWS\WinSxS\amd64_microsoft.windows.common-controls_6595b64144ccf1df_6.0.19041.4355_none_60b8b9eb71f62e16\COMCTL32.dll
0x00007ffdec330000 - 0x00007ffdec447000 	C:\WINDOWS\System32\gdi32full.dll
0x00007ffdec600000 - 0x00007ffdec69d000 	C:\WINDOWS\System32\msvcp_win.dll
0x00007ffdee720000 - 0x00007ffdee7be000 	C:\WINDOWS\System32\msvcrt.dll
0x00007ffdeceb0000 - 0x00007ffdecedf000 	C:\WINDOWS\System32\IMM32.DLL
0x00007ffde40d0000 - 0x00007ffde40dc000 	C:\Program Files\Microsoft\jdk-17.0.8.7-hotspot\bin\vcruntime140_1.dll
0x00007ffdab2c0000 - 0x00007ffdab34d000 	C:\Program Files\Microsoft\jdk-17.0.8.7-hotspot\bin\msvcp140.dll
0x00007ffd84ce0000 - 0x00007ffd85945000 	C:\Program Files\Microsoft\jdk-17.0.8.7-hotspot\bin\server\jvm.dll
0x00007ffded910000 - 0x00007ffded9c0000 	C:\WINDOWS\System32\ADVAPI32.dll
0x00007ffdede30000 - 0x00007ffdeded0000 	C:\WINDOWS\System32\sechost.dll
0x00007ffdee7c0000 - 0x00007ffdee8e3000 	C:\WINDOWS\System32\RPCRT4.dll
0x00007ffdec300000 - 0x00007ffdec327000 	C:\WINDOWS\System32\bcrypt.dll
0x00007ffdeb710000 - 0x00007ffdeb75b000 	C:\WINDOWS\SYSTEM32\POWRPROF.dll
0x00007ffde3c60000 - 0x00007ffde3c69000 	C:\WINDOWS\SYSTEM32\WSOCK32.dll
0x00007ffdd7750000 - 0x00007ffdd7777000 	C:\WINDOWS\SYSTEM32\WINMM.dll
0x00007ffde0d90000 - 0x00007ffde0d9a000 	C:\WINDOWS\SYSTEM32\VERSION.dll
0x00007ffdee0a0000 - 0x00007ffdee10b000 	C:\WINDOWS\System32\WS2_32.dll
0x00007ffdeb5d0000 - 0x00007ffdeb5e2000 	C:\WINDOWS\SYSTEM32\UMPDC.dll
0x00007ffdea9f0000 - 0x00007ffdeaa02000 	C:\WINDOWS\SYSTEM32\kernel.appcore.dll
0x00007ffde10c0000 - 0x00007ffde10ca000 	C:\Program Files\Microsoft\jdk-17.0.8.7-hotspot\bin\jimage.dll
0x00007ffde6f10000 - 0x00007ffde70f4000 	C:\WINDOWS\SYSTEM32\DBGHELP.DLL
0x00007ffdd35b0000 - 0x00007ffdd35e4000 	C:\WINDOWS\SYSTEM32\dbgcore.DLL
0x00007ffdec6a0000 - 0x00007ffdec722000 	C:\WINDOWS\System32\bcryptPrimitives.dll
0x00007ffdcaed0000 - 0x00007ffdcaede000 	C:\Program Files\Microsoft\jdk-17.0.8.7-hotspot\bin\instrument.dll
0x00007ffdde760000 - 0x00007ffdde785000 	C:\Program Files\Microsoft\jdk-17.0.8.7-hotspot\bin\java.dll
0x00007ffda8bc0000 - 0x00007ffda8c97000 	C:\Program Files\Microsoft\jdk-17.0.8.7-hotspot\bin\jsvml.dll
0x00007ffdecf70000 - 0x00007ffded6dc000 	C:\WINDOWS\System32\SHELL32.dll
0x00007ffdea240000 - 0x00007ffdea9de000 	C:\WINDOWS\SYSTEM32\windows.storage.dll
0x00007ffdee110000 - 0x00007ffdee463000 	C:\WINDOWS\System32\combase.dll
0x00007ffdebc00000 - 0x00007ffdebc2e000 	C:\WINDOWS\SYSTEM32\Wldp.dll
0x00007ffdeea20000 - 0x00007ffdeeaed000 	C:\WINDOWS\System32\OLEAUT32.dll
0x00007ffdee590000 - 0x00007ffdee63d000 	C:\WINDOWS\System32\SHCORE.dll
0x00007ffded6e0000 - 0x00007ffded735000 	C:\WINDOWS\System32\shlwapi.dll
0x00007ffdec110000 - 0x00007ffdec134000 	C:\WINDOWS\SYSTEM32\profapi.dll
0x00007ffdc0430000 - 0x00007ffdc0448000 	C:\Program Files\Microsoft\jdk-17.0.8.7-hotspot\bin\zip.dll
0x00007ffdd3ca0000 - 0x00007ffdd3cb9000 	C:\Program Files\Microsoft\jdk-17.0.8.7-hotspot\bin\net.dll
0x00007ffde46b0000 - 0x00007ffde47ba000 	C:\WINDOWS\SYSTEM32\WINHTTP.dll
0x00007ffdeb960000 - 0x00007ffdeb9ca000 	C:\WINDOWS\system32\mswsock.dll
0x00007ffdcae40000 - 0x00007ffdcae56000 	C:\Program Files\Microsoft\jdk-17.0.8.7-hotspot\bin\nio.dll
0x00007ffdcd8e0000 - 0x00007ffdcd8f0000 	C:\Program Files\Microsoft\jdk-17.0.8.7-hotspot\bin\verify.dll
0x00007ffdbf460000 - 0x00007ffdbf487000 	C:\Users\Barjinder Goyal\.gradle\native\c067742578af261105cb4f569cf0c3c89f3d7b1fecec35dd04571415982c5e48\windows-amd64\native-platform.dll
0x00007ffda0220000 - 0x00007ffda0364000 	C:\Users\Barjinder Goyal\.gradle\native\38dada09dfb8b06ba9b0570ebf7e218e3eb74d4ef43ca46872605cf95ebc2f47\windows-amd64\native-platform-file-events.dll
0x00007ffdcd720000 - 0x00007ffdcd729000 	C:\Program Files\Microsoft\jdk-17.0.8.7-hotspot\bin\management.dll
0x00007ffdcc0f0000 - 0x00007ffdcc0fb000 	C:\Program Files\Microsoft\jdk-17.0.8.7-hotspot\bin\management_ext.dll
0x00007ffdee060000 - 0x00007ffdee068000 	C:\WINDOWS\System32\PSAPI.DLL
0x00007ffdebb50000 - 0x00007ffdebb68000 	C:\WINDOWS\SYSTEM32\CRYPTSP.dll
0x00007ffdeb210000 - 0x00007ffdeb244000 	C:\WINDOWS\system32\rsaenh.dll
0x00007ffdec0c0000 - 0x00007ffdec0ee000 	C:\WINDOWS\SYSTEM32\USERENV.dll
0x00007ffdebb70000 - 0x00007ffdebb7c000 	C:\WINDOWS\SYSTEM32\CRYPTBASE.dll
0x00007ffdeb5f0000 - 0x00007ffdeb62b000 	C:\WINDOWS\SYSTEM32\IPHLPAPI.DLL
0x00007ffdedee0000 - 0x00007ffdedee8000 	C:\WINDOWS\System32\NSI.dll
0x00007ffde0c80000 - 0x00007ffde0c97000 	C:\WINDOWS\SYSTEM32\dhcpcsvc6.DLL
0x00007ffde0f00000 - 0x00007ffde0f1d000 	C:\WINDOWS\SYSTEM32\dhcpcsvc.DLL
0x00007ffdeb640000 - 0x00007ffdeb70a000 	C:\WINDOWS\SYSTEM32\DNSAPI.dll
0x00007ffdcae20000 - 0x00007ffdcae2e000 	C:\Program Files\Microsoft\jdk-17.0.8.7-hotspot\bin\sunmscapi.dll
0x00007ffdec4a0000 - 0x00007ffdec5fe000 	C:\WINDOWS\System32\CRYPT32.dll
0x00007ffdebc70000 - 0x00007ffdebc99000 	C:\WINDOWS\SYSTEM32\ncrypt.dll
0x00007ffdebc30000 - 0x00007ffdebc6b000 	C:\WINDOWS\SYSTEM32\NTASN1.dll
0x00007ffdc6ec0000 - 0x00007ffdc6ec7000 	C:\WINDOWS\system32\wshunix.dll
0x00007ffde10f0000 - 0x00007ffde10fa000 	C:\Windows\System32\rasadhlp.dll
0x00007ffdd5800000 - 0x00007ffdd5880000 	C:\WINDOWS\System32\fwpuclnt.dll
0x00007ffdd3e60000 - 0x00007ffdd3e77000 	C:\WINDOWS\system32\napinsp.dll
0x00007ffdd3e40000 - 0x00007ffdd3e5b000 	C:\WINDOWS\system32\pnrpnsp.dll
0x00007ffde58c0000 - 0x00007ffde58d5000 	C:\WINDOWS\system32\wshbth.dll
0x00007ffde3f70000 - 0x00007ffde3f8d000 	C:\WINDOWS\system32\NLAapi.dll
0x00007ffdd3e20000 - 0x00007ffdd3e32000 	C:\WINDOWS\System32\winrnr.dll

dbghelp: loaded successfully - version: 4.0.5 - missing functions: none
symbol engine: initialized successfully - sym options: 0x614 - pdb path: .;C:\Program Files\Microsoft\jdk-17.0.8.7-hotspot\bin;C:\WINDOWS\SYSTEM32;C:\WINDOWS\WinSxS\amd64_microsoft.windows.common-controls_6595b64144ccf1df_6.0.19041.4355_none_60b8b9eb71f62e16;C:\Program Files\Microsoft\jdk-17.0.8.7-hotspot\bin\server;C:\Users\Barjinder Goyal\.gradle\native\c067742578af261105cb4f569cf0c3c89f3d7b1fecec35dd04571415982c5e48\windows-amd64;C:\Users\Barjinder Goyal\.gradle\native\38dada09dfb8b06ba9b0570ebf7e218e3eb74d4ef43ca46872605cf95ebc2f47\windows-amd64

VM Arguments:
jvm_args: -XX:MaxMetaspaceSize=512m --add-opens=java.base/java.util=ALL-UNNAMED --add-opens=java.base/java.lang=ALL-UNNAMED --add-opens=java.base/java.lang.invoke=ALL-UNNAMED --add-opens=java.prefs/java.util.prefs=ALL-UNNAMED --add-opens=java.base/java.nio.charset=ALL-UNNAMED --add-opens=java.base/java.net=ALL-UNNAMED --add-opens=java.base/java.util.concurrent.atomic=ALL-UNNAMED -Xmx2048m -Dfile.encoding=windows-1252 -Duser.country=IN -Duser.language=en -Duser.variant -javaagent:C:\Users\Barjinder Goyal\.gradle\wrapper\dists\gradle-8.6-all\3mbtmo166bl6vumsh5k2lkq5h\gradle-8.6\lib\agents\gradle-instrumentation-agent-8.6.jar 
java_command: org.gradle.launcher.daemon.bootstrap.GradleDaemon 8.6
java_class_path (initial): C:\Users\Barjinder Goyal\.gradle\wrapper\dists\gradle-8.6-all\3mbtmo166bl6vumsh5k2lkq5h\gradle-8.6\lib\gradle-launcher-8.6.jar
Launcher Type: SUN_STANDARD

[Global flags]
     intx CICompilerCount                          = 4                                         {product} {ergonomic}
   size_t CompressedClassSpaceSize                 = 436207616                                 {product} {ergonomic}
     uint ConcGCThreads                            = 2                                         {product} {ergonomic}
     uint G1ConcRefinementThreads                  = 8                                         {product} {ergonomic}
   size_t G1HeapRegionSize                         = 1048576                                   {product} {ergonomic}
    uintx GCDrainStackTargetSize                   = 64                                        {product} {ergonomic}
   size_t InitialHeapSize                          = 132120576                                 {product} {ergonomic}
   size_t MarkStackSize                            = 4194304                                   {product} {ergonomic}
   size_t MaxHeapSize                              = 2147483648                                {product} {command line}
   size_t MaxMetaspaceSize                         = 536870912                                 {product} {command line}
   size_t MaxNewSize                               = 1287651328                                {product} {ergonomic}
   size_t MinHeapDeltaBytes                        = 1048576                                   {product} {ergonomic}
   size_t MinHeapSize                              = 8388608                                   {product} {ergonomic}
    uintx NonNMethodCodeHeapSize                   = 5839372                                {pd product} {ergonomic}
    uintx NonProfiledCodeHeapSize                  = 122909434                              {pd product} {ergonomic}
    uintx ProfiledCodeHeapSize                     = 122909434                              {pd product} {ergonomic}
    uintx ReservedCodeCacheSize                    = 251658240                              {pd product} {ergonomic}
     bool SegmentedCodeCache                       = true                                      {product} {ergonomic}
   size_t SoftMaxHeapSize                          = 2147483648                             {manageable} {ergonomic}
     bool UseCompressedClassPointers               = true                           {product lp64_product} {ergonomic}
     bool UseCompressedOops                        = true                           {product lp64_product} {ergonomic}
     bool UseG1GC                                  = true                                      {product} {ergonomic}
     bool UseLargePagesIndividualAllocation        = false                                  {pd product} {ergonomic}

Logging:
Log output configuration:
 #0: stdout all=warning uptime,level,tags
 #1: stderr all=off uptime,level,tags

Environment Variables:
JAVA_HOME=C:\Program Files\Microsoft\jdk-17.0.8.7-hotspot\
CLASSPATH=C:\REACT-NATIVE\calorify\android\\gradle\wrapper\gradle-wrapper.jar
PATH=C:\REACT-NATIVE\calorify\node_modules\.bin;C:\REACT-NATIVE\calorify\node_modules\.bin;C:\REACT-NATIVE\node_modules\.bin;C:\node_modules\.bin;C:\Users\Barjinder Goyal\AppData\Roaming\npm\node_modules\npm\node_modules\@npmcli\run-script\lib\node-gyp-bin;C:\Program Files\Microsoft\jdk-17.0.8.7-hotspot\bin;C:\Program Files\Microsoft\jdk-11.0.18.10-hotspot\bin;C:\Windows\system32;C:\Windows;C:\Windows\System32\Wbem;C:\Windows\System32\WindowsPowerShell\v1.0\;C:\Windows\System32\OpenSSH\;C:\Program Files (x86)\NVIDIA Corporation\PhysX\Common;C:\Program Files\NVIDIA Corporation\NVIDIA NvDLISR;C:\WINDOWS\system32;C:\WINDOWS;C:\WINDOWS\System32\Wbem;C:\WINDOWS\System32\WindowsPowerShell\v1.0\;C:\WINDOWS\System32\OpenSSH\;C:\Program Files\Sublime Text;C:\PYTHON;C:\PYTHON\Scripts;C:\Program Files\Git\cmd;C:\Program Files\MongoDB\Server\6.0\bin;C:\MONGODB\mongosh-1.8.0-win32-x64\bin;C:\ProgramData\chocolatey\bin;C:\Users\Barjinder Goyal\;C:\Users\Barjinder Goyal\AppData\Local\Android\Sdk\platform-tools;C:\Program Files (x86)\Windows Kits\10\Windows Performance Toolkit\;C:\Users\Barjinder Goyal\AppData\Local\Programs\Python\Python312\Scripts\;C:\Users\Barjinder Goyal\AppData\Local\Programs\Python\Python312\;C:\Users\Barjinder Goyal\AppData\Local\Android\Sdk\tools;C:\Users\Barjinder Goyal\AppData\Local\Android\Sdk\tools;C:\Users\Barjinder Goyal\AppData\Local\Microsoft\WindowsApps;C:\Users\Barjinder Goyal\AppData\Local\Programs\Microsoft VS Code\bin;C:\Users\Barjinder Goyal\node.exe;C:\Users\Barjinder Goyal\AppData\Roaming\npm
USERNAME=Barjinder Goyal
OS=Windows_NT
PROCESSOR_IDENTIFIER=Intel64 Family 6 Model 142 Stepping 12, GenuineIntel
TMP=C:\Users\BARJIN~1\AppData\Local\Temp
TEMP=C:\Users\BARJIN~1\AppData\Local\Temp



---------------  S Y S T E M  ---------------

OS:
 Windows 10 , 64 bit Build 19041 (10.0.19041.4597)
OS uptime: 9 days 9:56 hours

CPU: total 8 (initial active 8) (4 cores per cpu, 2 threads per core) family 6 model 142 stepping 12 microcode 0xca, cx8, cmov, fxsr, ht, mmx, 3dnowpref, sse, sse2, sse3, ssse3, sse4.1, sse4.2, popcnt, lzcnt, tsc, tscinvbit, avx, avx2, aes, erms, clmul, bmi1, bmi2, adx, fma, vzeroupper, clflush, clflushopt
Processor Information for all 8 processors :
  Max Mhz: 1800, Current Mhz: 1600, Mhz Limit: 1584

Memory: 4k page, system-wide physical 8039M (355M free)
TotalPageFile size 32615M (AvailPageFile size 25M)
current process WorkingSet (physical memory assigned to process): 462M, peak: 475M
current process commit charge ("private bytes"): 604M, peak: 659M

vm_info: OpenJDK 64-Bit Server VM (17.0.8+7-LTS) for windows-amd64 JRE (17.0.8+7-LTS), built on Jul  7 2023 17:21:55 by "MicrosoftCorporation" with MS VC++ 16.10 / 16.11 (VS2019)

END.
